wallet_name,entry_ts,exit_ts,entry_price,exit_price,size,hold_hrs,title,topic
?,2026-07-23 05:14:52,2026-07-23 05:14:52,0.1135905676,0.12,1.47,0.0,"Bitcoin Up or Down - July 23, 1:10AM-1:15AM ET",crypto
?,2026-07-23 05:14:52,2026-07-23 05:15:12,0.5509641873,0.5,4.074999999999999,0.005555555555555556,"Bitcoin Up or Down - July 23, 1:15AM-1:20AM ET",crypto
?,2026-07-23 05:14:52,2026-07-23 05:15:00,0.99,0.99,23.0,0.0022222222222222222,"Bitcoin Up or Down - July 23, 1:00AM-1:15AM ET",crypto
?,2026-07-23 05:14:52,2026-07-23 05:14:58,0.8899999844,0.98,2.978124000000002,0.0016666666666666668,"Bitcoin Up or Down - July 23, 1:10AM-1:15AM ET",crypto
?,2026-07-23 05:14:52,2026-07-23 05:14:58,0.8899999844,0.98,3.426365999999998,0.0016666666666666668,"Bitcoin Up or Down - July 23, 1:10AM-1:15AM ET",crypto
?,2026-07-23 05:14:52,2026-07-23 05:14:58,0.8899999841,0.98,0.873634000000002,0.0016666666666666668,"Bitcoin Up or Down - July 23, 1:10AM-1:15AM ET",crypto
?,2026-07-23 05:14:52,2026-07-23 05:14:58,0.9,0.97,0.7852160000000019,0.0016666666666666668,"Bitcoin Up or Down - July 23, 1:10AM-1:15AM ET",crypto
?,2026-07-23 05:14:52,2026-07-23 05:15:46,0.038,0.05,10.0,0.015,Will the highest temperature in Chengdu be 35°C on July 23?,other
?,2026-07-23 05:14:52,2026-07-23 05:15:46,0.033,0.05,98.61,0.015,Will the highest temperature in Chengdu be 35°C on July 23?,other
?,2026-07-23 05:14:52,2026-07-23 05:14:58,0.9,0.9530076376,0.32589399999999813,0.0016666666666666668,"Bitcoin Up or Down - July 23, 1:10AM-1:15AM ET",crypto
?,2026-07-23 05:14:52,2026-07-23 05:14:58,0.9,0.9530076376,22.22222,0.0016666666666666668,"Bitcoin Up or Down - July 23, 1:10AM-1:15AM ET",crypto
?,2026-07-23 05:14:52,2026-07-23 05:14:58,0.9030848485,0.9530076376,15.421886,0.0016666666666666668,"Bitcoin Up or Down - July 23, 1:10AM-1:15AM ET",crypto
?,2026-07-23 05:14:52,2026-07-23 05:14:57,0.9030848485,0.94,5.0,0.001388888888888889,"Bitcoin Up or Down - July 23, 1:10AM-1:15AM ET",crypto
?,2026-07-23 05:14:52,2026-07-23 05:14:58,0.8899999841,0.97,0.384783999999998,0.0016666666666666668,"Bitcoin Up or Down - July 23, 1:10AM-1:15AM ET",crypto
?,2026-07-23 05:14:52,2026-07-23 05:15:09,0.5509641873,0.51,5.0,0.004722222222222222,"Bitcoin Up or Down - July 23, 1:15AM-1:20AM ET",crypto
?,2026-07-23 05:14:52,2026-07-23 05:14:55,0.9030848485,0.92955,12.578114,0.0008333333333333334,"Bitcoin Up or Down - July 23, 1:10AM-1:15AM ET",crypto
?,2026-07-23 05:14:52,2026-07-23 05:14:54,0.39,0.38,5.0,0.0005555555555555556,"Bitcoin Up or Down - July 23, 1AM ET",crypto
?,2026-07-23 05:14:52,2026-07-23 05:14:55,0.9078290948,0.92955,3.040211,0.0008333333333333334,"Bitcoin Up or Down - July 23, 1:10AM-1:15AM ET",crypto
?,2026-07-23 05:14:52,2026-07-23 05:14:55,0.91,0.92955,20.0,0.0008333333333333334,"Bitcoin Up or Down - July 23, 1:10AM-1:15AM ET",crypto
?,2026-07-23 05:14:52,2026-07-23 05:14:55,0.91,0.92955,1.0989,0.0008333333333333334,"Bitcoin Up or Down - July 23, 1:10AM-1:15AM ET",crypto
?,2026-07-23 05:14:52,2026-07-23 05:14:55,0.9,0.92955,3.21111,0.0008333333333333334,"Bitcoin Up or Down - July 23, 1:10AM-1:15AM ET",crypto
?,2026-07-23 05:14:52,2026-07-23 05:14:55,0.9299999577,0.92955,1.182785,0.0008333333333333334,"Bitcoin Up or Down - July 23, 1:10AM-1:15AM ET",crypto
?,2026-07-23 05:14:52,2026-07-23 05:14:55,0.9,0.92955,5.55555,0.0008333333333333334,"Bitcoin Up or Down - July 23, 1:10AM-1:15AM ET",crypto
?,2026-07-23 05:14:52,2026-07-23 05:14:55,0.9,0.92955,3.33333,0.0008333333333333334,"Bitcoin Up or Down - July 23, 1:10AM-1:15AM ET",crypto
?,2026-07-23 05:14:52,2026-07-23 05:14:54,0.1135905676,0.06,17.985832000000002,0.0005555555555555556,"Bitcoin Up or Down - July 23, 1:10AM-1:15AM ET",crypto
?,2026-07-23 05:14:54,2026-07-23 05:15:12,0.4499999847,0.49,6.67,0.005,"Bitcoin Up or Down - July 23, 1:15AM-1:20AM ET",crypto
?,2026-07-23 05:14:54,2026-07-23 05:15:13,0.9399999937,0.99,3.191483,0.005277777777777778,"Bitcoin Up or Down - July 23, 1:10AM-1:15AM ET",crypto
?,2026-07-23 05:14:54,2026-07-23 05:15:13,0.9399999962,0.99,5.319133,0.005277777777777778,"Bitcoin Up or Down - July 23, 1:10AM-1:15AM ET",crypto
?,2026-07-23 05:14:54,2026-07-23 05:15:09,0.9199992305,0.99,1.195651,0.004166666666666667,"Bitcoin Up or Down - July 23, 1:10AM-1:15AM ET",crypto
?,2026-07-23 05:14:54,2026-07-23 05:15:13,0.9399999968,0.99,6.319133,0.005277777777777778,"Bitcoin Up or Down - July 23, 1:10AM-1:15AM ET",crypto
?,2026-07-23 05:14:54,2026-07-23 05:15:13,0.92,0.99,5.434775,0.005277777777777778,"Bitcoin Up or Down - July 23, 1:10AM-1:15AM ET",crypto
?,2026-07-23 05:14:54,2026-07-23 05:15:13,0.92,0.99,1.08695,0.005277777777777778,"Bitcoin Up or Down - July 23, 1:10AM-1:15AM ET",crypto
?,2026-07-23 05:14:54,2026-07-23 05:15:13,0.9299999888,0.99,5.376342,0.005277777777777778,"Bitcoin Up or Down - July 23, 1:10AM-1:15AM ET",crypto
?,2026-07-23 05:14:54,2026-07-23 05:15:09,0.9142978473,0.99,105.640425,0.004166666666666667,"Bitcoin Up or Down - July 23, 1:10AM-1:15AM ET",crypto
?,2026-07-23 05:14:54,2026-07-23 05:15:13,0.93,0.99,6.0,0.005277777777777778,"Bitcoin Up or Down - July 23, 1:10AM-1:15AM ET",crypto
?,2026-07-23 05:14:54,2026-07-23 05:15:13,0.9299999888,0.99,5.376342,0.005277777777777778,"Bitcoin Up or Down - July 23, 1:10AM-1:15AM ET",crypto
?,2026-07-23 05:14:54,2026-07-23 05:15:09,0.9142978473,0.99,3.733117000000007,0.004166666666666667,"Bitcoin Up or Down - July 23, 1:10AM-1:15AM ET",crypto
?,2026-07-23 05:14:54,2026-07-23 05:15:13,0.9299999888,0.99,5.376342,0.005277777777777778,"Bitcoin Up or Down - July 23, 1:10AM-1:15AM ET",crypto
?,2026-07-23 05:14:54,2026-07-23 05:15:09,0.93,0.99,1.2668829999999929,0.004166666666666667,"Bitcoin Up or Down - July 23, 1:10AM-1:15AM ET",crypto
?,2026-07-23 05:14:54,2026-07-23 05:15:09,0.93,0.99,11.36,0.004166666666666667,"Bitcoin Up or Down - July 23, 1:10AM-1:15AM ET",crypto
?,2026-07-23 05:14:54,2026-07-23 05:15:13,0.93,0.99,6.373117000000008,0.005277777777777778,"Bitcoin Up or Down - July 23, 1:10AM-1:15AM ET",crypto
?,2026-07-23 05:14:54,2026-07-23 05:15:13,0.94,0.99,3.19,0.005277777777777778,"Bitcoin Up or Down - July 23, 1:10AM-1:15AM ET",crypto
?,2026-07-23 05:14:54,2026-07-23 05:15:13,0.4499999847,0.49,6.52,0.005277777777777778,"Bitcoin Up or Down - July 23, 1:15AM-1:20AM ET",crypto
?,2026-07-23 05:14:54,2026-07-23 05:15:12,0.53,0.53,0.02,0.005,"Ethereum Up or Down - July 23, 1:15AM-1:30AM ET",crypto
?,2026-07-23 05:14:54,2026-07-23 05:15:12,0.93,0.99,6.0,0.005,"Bitcoin Up or Down - July 23, 1:10AM-1:15AM ET",crypto
?,2026-07-23 05:14:54,2026-07-23 05:15:12,0.5299999505,0.34,0.02,0.005,"BNB Up or Down - July 23, 1:15AM-1:20AM ET",other
?,2026-07-23 05:14:54,2026-07-23 05:15:12,0.4499999847,0.48,0.87,0.005,"Bitcoin Up or Down - July 23, 1:15AM-1:20AM ET",crypto
?,2026-07-23 05:14:54,2026-07-23 05:15:13,0.94,0.99,10.0,0.005277777777777778,"Bitcoin Up or Down - July 23, 1:10AM-1:15AM ET",crypto
?,2026-07-23 05:14:54,2026-07-23 05:17:48,0.5299999505,0.33,0.02,0.04833333333333333,"BNB Up or Down - July 23, 1:15AM-1:20AM ET",other
?,2026-07-23 05:14:54,2026-07-23 05:15:13,0.5299999505,0.31,0.02,0.005277777777777778,"BNB Up or Down - July 23, 1:15AM-1:20AM ET",other
?,2026-07-23 05:14:54,2026-07-23 05:17:48,0.5299999505,0.33,0.02,0.04833333333333333,"BNB Up or Down - July 23, 1:15AM-1:20AM ET",other
?,2026-07-23 05:14:54,2026-07-23 05:17:48,0.53,0.42,0.02,0.04833333333333333,"Ethereum Up or Down - July 23, 1:15AM-1:30AM ET",crypto
?,2026-07-23 05:14:54,2026-07-23 05:17:37,0.53,0.52,8.62,0.04527777777777778,"Ethereum Up or Down - July 23, 1:15AM-1:30AM ET",crypto
?,2026-07-23 05:14:54,2026-07-23 05:17:25,0.53,0.44,8.62,0.041944444444444444,"Ethereum Up or Down - July 23, 1:15AM-1:30AM ET",crypto
?,2026-07-23 05:14:54,2026-07-23 05:16:12,0.5299999505,0.43,0.02,0.021666666666666667,"BNB Up or Down - July 23, 1:15AM-1:20AM ET",other
?,2026-07-23 05:14:54,2026-07-23 05:16:12,0.5299999505,0.43,0.02,0.021666666666666667,"BNB Up or Down - July 23, 1:15AM-1:20AM ET",other
?,2026-07-23 05:14:54,2026-07-23 05:16:12,0.5299999505,0.43,0.02,0.021666666666666667,"BNB Up or Down - July 23, 1:15AM-1:20AM ET",other
?,2026-07-23 05:14:54,2026-07-23 05:16:12,0.53,0.46,0.02,0.021666666666666667,"Ethereum Up or Down - July 23, 1:15AM-1:30AM ET",crypto
?,2026-07-23 05:14:54,2026-07-23 05:16:12,0.53,0.46,0.02,0.021666666666666667,"Ethereum Up or Down - July 23, 1:15AM-1:30AM ET",crypto
?,2026-07-23 05:14:54,2026-07-23 05:16:12,0.5299999505,0.43,0.02,0.021666666666666667,"BNB Up or Down - July 23, 1:15AM-1:20AM ET",other
?,2026-07-23 05:14:54,2026-07-23 05:15:13,0.5299999505,0.31,0.02,0.005277777777777778,"BNB Up or Down - July 23, 1:15AM-1:20AM ET",other
?,2026-07-23 05:14:54,2026-07-23 05:16:12,0.5299999505,0.43,0.02,0.021666666666666667,"BNB Up or Down - July 23, 1:15AM-1:20AM ET",other
?,2026-07-23 05:14:54,2026-07-23 05:16:10,0.53,0.53,5.0,0.021111111111111112,"Solana Up or Down - July 23, 1:15AM-1:30AM ET",other
?,2026-07-23 05:14:54,2026-07-23 05:15:21,0.4499999847,0.58,3.957775,0.0075,"Bitcoin Up or Down - July 23, 1:15AM-1:20AM ET",crypto
?,2026-07-23 05:14:54,2026-07-23 05:15:09,0.93,0.99,1.1039240000000032,0.004166666666666667,"Bitcoin Up or Down - July 23, 1:10AM-1:15AM ET",crypto
?,2026-07-23 05:14:54,2026-07-23 05:17:48,0.5299999505,0.33,0.02,0.04833333333333333,"BNB Up or Down - July 23, 1:15AM-1:20AM ET",other
?,2026-07-23 05:14:54,2026-07-23 05:18:54,0.5299999505,0.71,0.02,0.06666666666666667,"BNB Up or Down - July 23, 1:15AM-1:20AM ET",other
?,2026-07-23 05:14:54,2026-07-23 05:15:19,0.5299999505,0.34,0.02,0.006944444444444444,"BNB Up or Down - July 23, 1:15AM-1:20AM ET",other
?,2026-07-23 05:14:54,2026-07-23 05:15:15,0.5299999505,0.34,0.02,0.005833333333333334,"BNB Up or Down - July 23, 1:15AM-1:20AM ET",other
?,2026-07-23 05:14:54,2026-07-23 05:15:15,0.5299999505,0.34,0.02,0.005833333333333334,"BNB Up or Down - July 23, 1:15AM-1:20AM ET",other
?,2026-07-23 05:14:54,2026-07-23 05:15:13,0.5299999505,0.31,0.02,0.005277777777777778,"BNB Up or Down - July 23, 1:15AM-1:20AM ET",other
?,2026-07-23 05:14:54,2026-07-23 05:18:54,0.5299999505,0.71,0.02,0.06666666666666667,"BNB Up or Down - July 23, 1:15AM-1:20AM ET",other
?,2026-07-23 05:14:54,2026-07-23 05:16:12,0.5299999505,0.43,0.02,0.021666666666666667,"BNB Up or Down - July 23, 1:15AM-1:20AM ET",other
?,2026-07-23 05:14:54,2026-07-23 05:15:15,0.5299999505,0.34,0.02,0.005833333333333334,"BNB Up or Down - July 23, 1:15AM-1:20AM ET",other
?,2026-07-23 05:14:54,2026-07-23 05:18:52,0.5299999505,0.72,0.02,0.0661111111111111,"BNB Up or Down - July 23, 1:15AM-1:20AM ET",other
?,2026-07-23 05:14:54,2026-07-23 05:14:54,0.0827649334,0.06,20.994167999999995,0.0,"Bitcoin Up or Down - July 23, 1:10AM-1:15AM ET",crypto
?,2026-07-23 05:14:54,2026-07-23 05:15:00,0.93019,0.98,1.25,0.0016666666666666668,"Bitcoin Up or Down - July 23, 1:10AM-1:15AM ET",crypto
?,2026-07-23 05:14:54,2026-07-23 05:14:55,0.0827649334,0.05,3.3236080000000072,0.0002777777777777778,"Bitcoin Up or Down - July 23, 1:10AM-1:15AM ET",crypto
?,2026-07-23 05:14:54,2026-07-23 05:14:54,0.08,0.06,5.0,0.0,"Bitcoin Up or Down - July 23, 1:10AM-1:15AM ET",crypto
?,2026-07-23 05:14:54,2026-07-23 05:15:04,0.4499999847,0.48,1.537779,0.002777777777777778,"Bitcoin Up or Down - July 23, 1:15AM-1:20AM ET",crypto
?,2026-07-23 05:14:54,2026-07-23 05:15:00,0.93019,0.98,3.19,0.0016666666666666668,"Bitcoin Up or Down - July 23, 1:10AM-1:15AM ET",crypto
?,2026-07-23 05:14:54,2026-07-23 05:15:01,0.93019,0.99,2.83,0.0019444444444444444,"Bitcoin Up or Down - July 23, 1:10AM-1:15AM ET",crypto
?,2026-07-23 05:14:54,2026-07-23 05:15:01,0.93019,0.99,3.18,0.0019444444444444444,"Bitcoin Up or Down - July 23, 1:10AM-1:15AM ET",crypto
?,2026-07-23 05:14:54,2026-07-23 05:15:01,0.93019,0.99,1.668124000000002,0.0019444444444444444,"Bitcoin Up or Down - July 23, 1:10AM-1:15AM ET",crypto
?,2026-07-23 05:14:54,2026-07-23 05:15:01,0.92375,0.99,5.091875999999997,0.0019444444444444444,"Bitcoin Up or Down - July 23, 1:10AM-1:15AM ET",crypto
?,2026-07-23 05:14:54,2026-07-23 05:14:58,0.93019,0.98,7.881875999999997,0.0011111111111111111,"Bitcoin Up or Down - July 23, 1:10AM-1:15AM ET",crypto
?,2026-07-23 05:14:54,2026-07-23 05:15:01,0.92375,0.99,1.33,0.0019444444444444444,"Bitcoin Up or Down - July 23, 1:10AM-1:15AM ET",crypto
?,2026-07-23 05:14:54,2026-07-23 05:15:00,0.99,0.99,24.0,0.0016666666666666668,"Bitcoin Up or Down - July 23, 1:00AM-1:15AM ET",crypto
?,2026-07-23 05:14:54,2026-07-23 05:15:04,0.4499997975,0.48,2.222221,0.002777777777777778,"Bitcoin Up or Down - July 23, 1:15AM-1:20AM ET",crypto
?,2026-07-23 05:14:54,2026-07-23 05:15:01,0.92375,0.99,1.14,0.0019444444444444444,"Bitcoin Up or Down - July 23, 1:10AM-1:15AM ET",crypto
?,2026-07-23 05:14:54,2026-07-23 05:14:55,0.0827649334,0.05,4.68,0.0002777777777777778,"Bitcoin Up or Down - July 23, 1:10AM-1:15AM ET",crypto
?,2026-07-23 05:14:54,2026-07-23 05:15:01,0.92375,0.99,2.25,0.0019444444444444444,"Bitcoin Up or Down - July 23, 1:10AM-1:15AM ET",crypto
?,2026-07-23 05:14:54,2026-07-23 05:15:01,0.92375,0.99,9.05,0.0019444444444444444,"Bitcoin Up or Down - July 23, 1:10AM-1:15AM ET",crypto
?,2026-07-23 05:14:54,2026-07-23 05:15:01,0.92375,0.99,1.2,0.0019444444444444444,"Bitcoin Up or Down - July 23, 1:10AM-1:15AM ET",crypto
?,2026-07-23 05:14:54,2026-07-23 05:15:01,0.92375,0.99,1.36,0.0019444444444444444,"Bitcoin Up or Down - July 23, 1:10AM-1:15AM ET",crypto
?,2026-07-23 05:14:54,2026-07-23 05:15:01,0.92375,0.99,1.47,0.0019444444444444444,"Bitcoin Up or Down - July 23, 1:10AM-1:15AM ET",crypto
?,2026-07-23 05:14:54,2026-07-23 05:15:04,0.92375,0.99,17.108124000000004,0.002777777777777778,"Bitcoin Up or Down - July 23, 1:10AM-1:15AM ET",crypto
?,2026-07-23 05:14:54,2026-07-23 05:15:04,0.93,0.99,2.1218759999999968,0.002777777777777778,"Bitcoin Up or Down - July 23, 1:10AM-1:15AM ET",crypto
?,2026-07-23 05:14:55,2026-07-23 05:15:55,0.49,0.48,0.02,0.016666666666666666,"Ethereum Up or Down - July 23, 1:15AM-1:20AM ET",crypto
?,2026-07-23 05:14:55,2026-07-23 05:19:48,0.49,0.04,1.14,0.08138888888888889,"Ethereum Up or Down - July 23, 1:15AM-1:20AM ET",crypto
?,2026-07-23 05:14:55,2026-07-23 05:15:55,0.49,0.48,0.02,0.016666666666666666,"Ethereum Up or Down - July 23, 1:15AM-1:20AM ET",crypto
?,2026-07-23 05:14:55,2026-07-23 05:15:55,0.49,0.48,1.81,0.016666666666666666,"Ethereum Up or Down - July 23, 1:15AM-1:20AM ET",crypto
?,2026-07-23 05:14:55,2026-07-23 05:14:57,0.0821815465,0.03,5.0,0.0005555555555555556,"Bitcoin Up or Down - July 23, 1:10AM-1:15AM ET",crypto
?,2026-07-23 05:14:55,2026-07-23 05:17:30,0.49,0.6,5.0,0.043055555555555555,"Ethereum Up or Down - July 23, 1:15AM-1:20AM ET",crypto
?,2026-07-23 05:14:55,2026-07-23 05:19:46,0.49,0.05,11.11,0.08083333333333333,"Ethereum Up or Down - July 23, 1:15AM-1:20AM ET",crypto
?,2026-07-23 05:14:55,2026-07-23 05:15:13,0.95,0.99,7.0,0.005,"Bitcoin Up or Down - July 23, 1:10AM-1:15AM ET",crypto
?,2026-07-23 05:14:55,2026-07-23 05:15:13,0.95,0.99,2.09472,0.005,"Bitcoin Up or Down - July 23, 1:10AM-1:15AM ET",crypto
?,2026-07-23 05:14:55,2026-07-23 05:15:55,0.49,0.48,1.81,0.016666666666666666,"Ethereum Up or Down - July 23, 1:15AM-1:20AM ET",crypto
?,2026-07-23 05:14:55,2026-07-23 05:17:28,0.49,0.6,0.02,0.0425,"Ethereum Up or Down - July 23, 1:15AM-1:20AM ET",crypto
?,2026-07-23 05:14:55,2026-07-23 05:19:31,0.49,0.1188081395,3.44,0.07666666666666666,"Ethereum Up or Down - July 23, 1:15AM-1:20AM ET",crypto
?,2026-07-23 05:14:55,2026-07-23 05:17:34,0.49,0.5,0.02,0.04416666666666667,"Ethereum Up or Down - July 23, 1:15AM-1:20AM ET",crypto
?,2026-07-23 05:14:55,2026-07-23 05:14:57,0.0821815465,0.03,5.0,0.0005555555555555556,"Bitcoin Up or Down - July 23, 1:10AM-1:15AM ET",crypto
?,2026-07-23 05:14:55,2026-07-23 05:18:42,0.49,0.18,0.02,0.06305555555555556,"Ethereum Up or Down - July 23, 1:15AM-1:20AM ET",crypto
?,2026-07-23 05:14:55,2026-07-23 05:17:36,0.49,0.45332,15.0,0.04472222222222222,"Ethereum Up or Down - July 23, 1:15AM-1:20AM ET",crypto
?,2026-07-23 05:14:55,2026-07-23 05:18:30,0.49,0.28,1.28,0.059722222222222225,"Ethereum Up or Down - July 23, 1:15AM-1:20AM ET",crypto
?,2026-07-23 05:14:55,2026-07-23 05:17:36,0.49,0.46,0.02,0.04472222222222222,"Ethereum Up or Down - July 23, 1:15AM-1:20AM ET",crypto
?,2026-07-23 05:14:55,2026-07-23 05:14:55,0.0821815465,0.05,1.7663919999999926,0.0,"Bitcoin Up or Down - July 23, 1:10AM-1:15AM ET",crypto
?,2026-07-23 05:14:55,2026-07-23 05:15:13,0.95,0.99,7.876136999999982,0.005,"Bitcoin Up or Down - July 23, 1:10AM-1:15AM ET",crypto
?,2026-07-23 05:14:55,2026-07-23 05:14:57,0.0821815465,0.029044,0.003608000000006939,0.0005555555555555556,"Bitcoin Up or Down - July 23, 1:10AM-1:15AM ET",crypto
?,2026-07-23 05:14:55,2026-07-23 05:17:37,0.49,0.44,1.64,0.045,"Ethereum Up or Down - July 23, 1:15AM-1:20AM ET",crypto
?,2026-07-23 05:14:55,2026-07-23 05:17:34,0.49,0.5,0.02,0.04416666666666667,"Ethereum Up or Down - July 23, 1:15AM-1:20AM ET",crypto
?,2026-07-23 05:14:55,2026-07-23 05:14:57,0.0897959184,0.029044,24.5,0.0005555555555555556,"Bitcoin Up or Down - July 23, 1:10AM-1:15AM ET",crypto
?,2026-07-23 05:14:55,2026-07-23 05:15:13,0.9399999811,0.99,2.117016,0.005,"Bitcoin Up or Down - July 23, 1:10AM-1:15AM ET",crypto
?,2026-07-23 05:14:55,2026-07-23 05:15:00,0.99,0.99,5.0,0.001388888888888889,"Bitcoin Up or Down - July 23, 1:00AM-1:15AM ET",crypto
?,2026-07-23 05:14:55,2026-07-23 05:15:13,0.95,0.99,3.15788,0.005,"Bitcoin Up or Down - July 23, 1:10AM-1:15AM ET",crypto
?,2026-07-23 05:14:55,2026-07-23 05:15:13,0.95,0.99,2.09472,0.005,"Bitcoin Up or Down - July 23, 1:10AM-1:15AM ET",crypto
?,2026-07-23 05:14:55,2026-07-23 05:15:00,0.99,0.99,5.0,0.001388888888888889,"Bitcoin Up or Down - July 23, 1:00AM-1:15AM ET",crypto
?,2026-07-23 05:14:55,2026-07-23 05:15:13,0.946755,0.99,20.0,0.005,"Bitcoin Up or Down - July 23, 1:10AM-1:15AM ET",crypto
?,2026-07-23 05:14:55,2026-07-23 05:20:55,0.47,0.46,0.38,0.1,Will the highest temperature in Chicago be between 78-79°F on July 23?,other
?,2026-07-23 05:14:55,2026-07-23 05:18:42,0.49,0.18,0.02,0.06305555555555556,"Ethereum Up or Down - July 23, 1:15AM-1:20AM ET",crypto
?,2026-07-23 05:14:55,2026-07-23 05:15:13,0.95,0.99,5.26314,0.005,"Bitcoin Up or Down - July 23, 1:10AM-1:15AM ET",crypto
?,2026-07-23 05:14:55,2026-07-23 05:15:00,0.99,0.99,5.0505,0.001388888888888889,"Bitcoin Up or Down - July 23, 1:00AM-1:15AM ET",crypto
?,2026-07-23 05:14:55,2026-07-23 05:14:57,0.0821815465,0.03,5.0,0.0005555555555555556,"Bitcoin Up or Down - July 23, 1:10AM-1:15AM ET",crypto
?,2026-07-23 05:14:55,2026-07-23 05:15:13,0.95,0.99,5.26314,0.005,"Bitcoin Up or Down - July 23, 1:10AM-1:15AM ET",crypto
?,2026-07-23 05:14:55,2026-07-23 05:15:13,0.95,0.99,2.09472,0.005,"Bitcoin Up or Down - July 23, 1:10AM-1:15AM ET",crypto
?,2026-07-23 05:14:55,2026-07-23 05:15:13,0.9475,0.99,20.0,0.005,"Bitcoin Up or Down - July 23, 1:10AM-1:15AM ET",crypto
?,2026-07-23 05:14:55,2026-07-23 05:16:16,0.49,0.57,0.02,0.0225,"Ethereum Up or Down - July 23, 1:15AM-1:20AM ET",crypto
?,2026-07-23 05:14:55,2026-07-23 05:15:00,0.99,0.99,2.0,0.001388888888888889,"Bitcoin Up or Down - July 23, 1:00AM-1:15AM ET",crypto
?,2026-07-23 05:14:55,2026-07-23 05:15:13,0.95,0.99,6.1263,0.005,"Bitcoin Up or Down - July 23, 1:10AM-1:15AM ET",crypto
?,2026-07-23 05:14:55,2026-07-23 05:15:00,0.99,0.99,5.0,0.001388888888888889,"Bitcoin Up or Down - July 23, 1:00AM-1:15AM ET",crypto
?,2026-07-23 05:14:55,2026-07-23 05:15:13,0.95,0.99,10.0,0.005,"Bitcoin Up or Down - July 23, 1:10AM-1:15AM ET",crypto
?,2026-07-23 05:14:55,2026-07-23 05:14:57,0.0821815465,0.03,5.0,0.0005555555555555556,"Bitcoin Up or Down - July 23, 1:10AM-1:15AM ET",crypto
?,2026-07-23 05:14:55,2026-07-23 05:14:57,0.0821815465,0.03,5.0,0.0005555555555555556,"Bitcoin Up or Down - July 23, 1:10AM-1:15AM ET",crypto
?,2026-07-23 05:14:55,2026-07-23 05:15:13,0.95,0.99,4.123863000000018,0.005,"Bitcoin Up or Down - July 23, 1:10AM-1:15AM ET",crypto
?,2026-07-23 05:14:55,2026-07-23 05:15:13,0.95,0.99,8.0,0.005,"Bitcoin Up or Down - July 23, 1:10AM-1:15AM ET",crypto
?,2026-07-23 05:14:55,2026-07-23 05:15:13,0.95,0.99,1.05262,0.005,"Bitcoin Up or Down - July 23, 1:10AM-1:15AM ET",crypto
?,2026-07-23 05:14:55,2026-07-23 05:15:00,0.99,0.99,10.1,0.001388888888888889,"Bitcoin Up or Down - July 23, 1:00AM-1:15AM ET",crypto
?,2026-07-23 05:14:57,2026-07-23 05:14:58,0.04,0.01,18.503608000000007,0.0002777777777777778,"Bitcoin Up or Down - July 23, 1:10AM-1:15AM ET",crypto
?,2026-07-23 05:14:57,2026-07-23 05:15:43,0.76,0.74,2.631575,0.012777777777777779,Will the highest temperature in Seoul be 31°C on July 24?,other
?,2026-07-23 05:14:57,2026-07-23 05:15:40,0.5299999505,0.47,0.02,0.011944444444444445,"BNB Up or Down - July 23, 1:15AM-1:20AM ET",other
?,2026-07-23 05:14:57,2026-07-23 05:14:58,0.04,0.01,1.0,0.0002777777777777778,"Bitcoin Up or Down - July 23, 1:10AM-1:15AM ET",crypto
?,2026-07-23 05:14:57,2026-07-23 05:15:39,0.5299999505,0.47,0.02,0.011666666666666667,"BNB Up or Down - July 23, 1:15AM-1:20AM ET",other
?,2026-07-23 05:14:57,2026-07-23 05:15:34,0.5299999505,0.4,0.02,0.010277777777777778,"BNB Up or Down - July 23, 1:15AM-1:20AM ET",other
?,2026-07-23 05:14:57,2026-07-23 05:15:34,0.5299999505,0.4,0.02,0.010277777777777778,"BNB Up or Down - July 23, 1:15AM-1:20AM ET",other
?,2026-07-23 05:14:57,2026-07-23 05:14:57,0.04,0.029044,25.496391999999993,0.0,"Bitcoin Up or Down - July 23, 1:10AM-1:15AM ET",crypto
?,2026-07-23 05:14:57,2026-07-23 05:15:24,0.949999525,0.99,1.05263,0.0075,"Bitcoin Up or Down - July 23, 1:10AM-1:15AM ET",crypto
?,2026-07-23 05:14:57,2026-07-23 05:15:24,0.96,0.99,20.833325,0.0075,"Bitcoin Up or Down - July 23, 1:10AM-1:15AM ET",crypto
?,2026-07-23 05:14:57,2026-07-23 05:15:24,0.95,0.99,5.26,0.0075,"Bitcoin Up or Down - July 23, 1:10AM-1:15AM ET",crypto
?,2026-07-23 05:14:57,2026-07-23 05:15:40,0.5299999505,0.47,0.02,0.011944444444444445,"BNB Up or Down - July 23, 1:15AM-1:20AM ET",other
?,2026-07-23 05:14:57,2026-07-23 05:14:58,0.04,0.01,31.496391999999993,0.0002777777777777778,"Bitcoin Up or Down - July 23, 1:10AM-1:15AM ET",crypto
?,2026-07-23 05:14:57,2026-07-23 05:17:34,0.5299999505,0.42,0.02,0.043611111111111114,"BNB Up or Down - July 23, 1:15AM-1:20AM ET",other
?,2026-07-23 05:14:57,2026-07-23 05:14:58,0.04,0.01,18.503608000000007,0.0002777777777777778,"Bitcoin Up or Down - July 23, 1:10AM-1:15AM ET",crypto
?,2026-07-23 05:14:57,2026-07-23 05:15:24,0.95,0.99,5.78946,0.0075,"Bitcoin Up or Down - July 23, 1:10AM-1:15AM ET",crypto
?,2026-07-23 05:14:57,2026-07-23 05:17:28,0.5299999505,0.72,0.02,0.041944444444444444,"BNB Up or Down - July 23, 1:15AM-1:20AM ET",other
?,2026-07-23 05:14:57,2026-07-23 05:16:09,0.5099998317,0.44,1.900783,0.02,"Ethereum Up or Down - July 23, 1:15AM-1:20AM ET",crypto
?,2026-07-23 05:14:57,2026-07-23 05:18:42,0.5299999505,0.19,0.02,0.0625,"BNB Up or Down - July 23, 1:15AM-1:20AM ET",other
?,2026-07-23 05:14:57,2026-07-23 05:17:33,0.5299999505,0.72,0.02,0.043333333333333335,"BNB Up or Down - July 23, 1:15AM-1:20AM ET",other
?,2026-07-23 05:14:57,2026-07-23 05:16:01,0.4499999831,0.44,7.806662000000001,0.017777777777777778,"Bitcoin Up or Down - July 23, 1:15AM-1:20AM ET",crypto
?,2026-07-23 05:14:57,2026-07-23 05:18:42,0.5299999505,0.19,0.02,0.0625,"BNB Up or Down - July 23, 1:15AM-1:20AM ET",other
?,2026-07-23 05:14:57,2026-07-23 05:15:55,0.5299999505,0.43,0.02,0.01611111111111111,"BNB Up or Down - July 23, 1:15AM-1:20AM ET",other
?,2026-07-23 05:14:57,2026-07-23 05:15:55,0.5299999505,0.43,0.02,0.01611111111111111,"BNB Up or Down - July 23, 1:15AM-1:20AM ET",other
?,2026-07-23 05:14:57,2026-07-23 05:15:55,0.5299999505,0.43,0.02,0.01611111111111111,"BNB Up or Down - July 23, 1:15AM-1:20AM ET",other
?,2026-07-23 05:14:57,2026-07-23 05:15:55,0.4499999831,0.44,0.02,0.01611111111111111,"Bitcoin Up or Down - July 23, 1:15AM-1:20AM ET",crypto
?,2026-07-23 05:14:57,2026-07-23 05:15:55,0.5299999505,0.43,0.02,0.01611111111111111,"BNB Up or Down - July 23, 1:15AM-1:20AM ET",other
?,2026-07-23 05:14:57,2026-07-23 05:14:58,0.0599999724,0.01,33.333332,0.0002777777777777778,"Bitcoin Up or Down - July 23, 1:10AM-1:15AM ET",crypto
?,2026-07-23 05:14:57,2026-07-23 05:14:58,0.0711111111,0.01,28.125,0.0002777777777777778,"Bitcoin Up or Down - July 23, 1:10AM-1:15AM ET",crypto
?,2026-07-23 05:14:57,2026-07-23 05:15:55,0.4499999831,0.44,0.02,0.01611111111111111,"Bitcoin Up or Down - July 23, 1:15AM-1:20AM ET",crypto
?,2026-07-23 05:14:57,2026-07-23 05:15:24,0.95,0.99,52.63156,0.0075,"Bitcoin Up or Down - July 23, 1:10AM-1:15AM ET",crypto
?,2026-07-23 05:14:57,2026-07-23 05:15:04,0.9099999908,0.99,1.78,0.0019444444444444444,"Ethereum Up or Down - July 23, 1:00AM-1:15AM ET",crypto
?,2026-07-23 05:14:57,2026-07-23 05:15:24,0.95,0.99,20.0,0.0075,"Bitcoin Up or Down - July 23, 1:10AM-1:15AM ET",crypto
?,2026-07-23 05:14:57,2026-07-23 05:15:13,0.95,0.99,15.277589000000058,0.0044444444444444444,"Bitcoin Up or Down - July 23, 1:10AM-1:15AM ET",crypto
?,2026-07-23 05:14:57,2026-07-23 05:15:13,0.95,0.99,1.05262,0.0044444444444444444,"Bitcoin Up or Down - July 23, 1:10AM-1:15AM ET",crypto
?,2026-07-23 05:14:57,2026-07-23 05:15:13,0.95,0.99,1.05262,0.0044444444444444444,"Bitcoin Up or Down - July 23, 1:10AM-1:15AM ET",crypto
?,2026-07-23 05:14:57,2026-07-23 05:15:13,0.95,0.99,5.0,0.0044444444444444444,"Bitcoin Up or Down - July 23, 1:10AM-1:15AM ET",crypto
?,2026-07-23 05:14:57,2026-07-23 05:15:13,0.95,0.99,10.0,0.0044444444444444444,"Bitcoin Up or Down - July 23, 1:10AM-1:15AM ET",crypto
?,2026-07-23 05:14:57,2026-07-23 05:15:13,0.95,0.99,27.56842,0.0044444444444444444,"Bitcoin Up or Down - July 23, 1:10AM-1:15AM ET",crypto
?,2026-07-23 05:14:57,2026-07-23 05:15:24,0.96,0.99,3.0625,0.0075,"Bitcoin Up or Down - July 23, 1:10AM-1:15AM ET",crypto
?,2026-07-23 05:14:57,2026-07-23 05:15:13,0.9499998892,0.99,3.157893,0.0044444444444444444,"Bitcoin Up or Down - July 23, 1:10AM-1:15AM ET",crypto
?,2026-07-23 05:14:57,2026-07-23 05:15:13,0.95,0.99,5.05,0.0044444444444444444,"Bitcoin Up or Down - July 23, 1:10AM-1:15AM ET",crypto
?,2026-07-23 05:14:57,2026-07-23 05:15:13,0.95,0.99,10.0,0.0044444444444444444,"Bitcoin Up or Down - July 23, 1:10AM-1:15AM ET",crypto
?,2026-07-23 05:14:57,2026-07-23 05:15:13,0.95,0.99,40.47,0.0044444444444444444,"Bitcoin Up or Down - July 23, 1:10AM-1:15AM ET",crypto
?,2026-07-23 05:14:57,2026-07-23 05:15:13,0.95,0.99,34.0,0.0044444444444444444,"Bitcoin Up or Down - July 23, 1:10AM-1:15AM ET",crypto
?,2026-07-23 05:14:57,2026-07-23 05:15:13,0.97,0.99,1.1443,0.0044444444444444444,"Bitcoin Up or Down - July 23, 1:10AM-1:15AM ET",crypto
?,2026-07-23 05:14:57,2026-07-23 05:15:13,0.95,0.99,5.0,0.0044444444444444444,"Bitcoin Up or Down - July 23, 1:10AM-1:15AM ET",crypto
?,2026-07-23 05:14:57,2026-07-23 05:15:13,0.96,0.99,20.0,0.0044444444444444444,"Bitcoin Up or Down - July 23, 1:10AM-1:15AM ET",crypto
?,2026-07-23 05:14:57,2026-07-23 05:15:13,0.95,0.99,2.09472,0.0044444444444444444,"Bitcoin Up or Down - July 23, 1:10AM-1:15AM ET",crypto
?,2026-07-23 05:14:57,2026-07-23 05:15:13,0.9699999951,0.99,2.051533,0.0044444444444444444,"Bitcoin Up or Down - July 23, 1:10AM-1:15AM ET",crypto
?,2026-07-23 05:14:57,2026-07-23 05:15:13,0.96,0.99,5.1979,0.0044444444444444444,"Bitcoin Up or Down - July 23, 1:10AM-1:15AM ET",crypto
?,2026-07-23 05:14:57,2026-07-23 05:15:13,0.962223494,0.99,103.915566,0.0044444444444444444,"Bitcoin Up or Down - July 23, 1:10AM-1:15AM ET",crypto
?,2026-07-23 05:14:57,2026-07-23 05:15:13,0.9699999981,0.99,10.298966,0.0044444444444444444,"Bitcoin Up or Down - July 23, 1:10AM-1:15AM ET",crypto
?,2026-07-23 05:14:57,2026-07-23 05:15:13,0.5099998317,0.45,0.02,0.0044444444444444444,"Ethereum Up or Down - July 23, 1:15AM-1:20AM ET",crypto
?,2026-07-23 05:14:57,2026-07-23 05:15:00,0.99,0.99,225.99,0.0008333333333333334,"Bitcoin Up or Down - July 23, 1:00AM-1:15AM ET",crypto
?,2026-07-23 05:14:57,2026-07-23 05:15:00,0.99,0.99,10.0,0.0008333333333333334,"Bitcoin Up or Down - July 23, 1:00AM-1:15AM ET",crypto
?,2026-07-23 05:14:57,2026-07-23 05:15:00,0.99,0.99,2.0,0.0008333333333333334,"Bitcoin Up or Down - July 23, 1:00AM-1:15AM ET",crypto
?,2026-07-23 05:14:57,2026-07-23 05:15:00,0.99,0.99,5.0,0.0008333333333333334,"Bitcoin Up or Down - July 23, 1:00AM-1:15AM ET",crypto
?,2026-07-23 05:14:57,2026-07-23 05:15:00,0.99,0.99,15.03,0.0008333333333333334,"Bitcoin Up or Down - July 23, 1:00AM-1:15AM ET",crypto
?,2026-07-23 05:14:57,2026-07-23 05:15:12,0.5099998317,0.45,0.02,0.004166666666666667,"Ethereum Up or Down - July 23, 1:15AM-1:20AM ET",crypto
?,2026-07-23 05:14:57,2026-07-23 05:15:15,0.95,0.99,11.31,0.005,"Bitcoin Up or Down - July 23, 1:10AM-1:15AM ET",crypto
?,2026-07-23 05:14:57,2026-07-23 05:15:19,0.5099998317,0.41,0.02,0.006111111111111111,"Ethereum Up or Down - July 23, 1:15AM-1:20AM ET",crypto
?,2026-07-23 05:14:57,2026-07-23 05:15:13,0.95,0.99,10.0,0.0044444444444444444,"Bitcoin Up or Down - July 23, 1:10AM-1:15AM ET",crypto
?,2026-07-23 05:14:57,2026-07-23 05:15:24,0.95,0.99,10.02,0.0075,"Bitcoin Up or Down - July 23, 1:10AM-1:15AM ET",crypto
?,2026-07-23 05:14:57,2026-07-23 05:15:21,0.97,0.99,1.0309,0.006666666666666667,"Bitcoin Up or Down - July 23, 1:10AM-1:15AM ET",crypto
?,2026-07-23 05:14:57,2026-07-23 05:15:21,0.95,0.99,1.05262,0.006666666666666667,"Bitcoin Up or Down - July 23, 1:10AM-1:15AM ET",crypto
?,2026-07-23 05:14:57,2026-07-23 05:15:19,0.95,0.99,7.23,0.006111111111111111,"Bitcoin Up or Down - July 23, 1:10AM-1:15AM ET",crypto
?,2026-07-23 05:14:57,2026-07-23 05:15:21,0.96,0.99,2.0729,0.006666666666666667,"Bitcoin Up or Down - July 23, 1:10AM-1:15AM ET",crypto
?,2026-07-23 05:14:57,2026-07-23 05:15:21,0.95,0.99,2.321169000000056,0.006666666666666667,"Bitcoin Up or Down - July 23, 1:10AM-1:15AM ET",crypto
?,2026-07-23 05:14:57,2026-07-23 05:15:21,0.4499999831,0.58,1.0422250000000002,0.006666666666666667,"Bitcoin Up or Down - July 23, 1:15AM-1:20AM ET",crypto
?,2026-07-23 05:14:57,2026-07-23 05:15:21,0.95,0.99,0.18241099999994326,0.006666666666666667,"Bitcoin Up or Down - July 23, 1:10AM-1:15AM ET",crypto
?,2026-07-23 05:14:57,2026-07-23 05:15:24,0.95,0.99,117.67883099999995,0.0075,"Bitcoin Up or Down - July 23, 1:10AM-1:15AM ET",crypto
?,2026-07-23 05:14:58,2026-07-23 05:16:18,0.9876976667,0.99,34.09,0.022222222222222223,"Bitcoin Up or Down - July 23, 1:10AM-1:15AM ET",crypto
?,2026-07-23 05:14:58,2026-07-23 05:16:01,0.4399999428,0.44,9.090908,0.0175,"Bitcoin Up or Down - July 23, 1:15AM-1:20AM ET",crypto
?,2026-07-23 05:14:58,2026-07-23 05:15:12,0.5699999943,0.5,0.9250000000000007,0.0038888888888888888,"Bitcoin Up or Down - July 23, 1:15AM-1:20AM ET",crypto
?,2026-07-23 05:14:58,2026-07-23 05:15:24,0.99,0.99,60.75659400000009,0.007222222222222222,"Bitcoin Up or Down - July 23, 1:10AM-1:15AM ET",crypto
?,2026-07-23 05:14:58,2026-07-23 05:16:13,0.5656144295,0.4,1.0,0.020833333333333332,"Bitcoin Up or Down - July 23, 1:15AM-1:20AM ET",crypto
?,2026-07-23 05:14:58,2026-07-23 05:16:07,0.5656144295,0.51,40.0,0.019166666666666665,"Bitcoin Up or Down - July 23, 1:15AM-1:20AM ET",crypto
?,2026-07-23 05:14:58,2026-07-23 05:16:07,0.5656144295,0.51075,40.0,0.019166666666666665,"Bitcoin Up or Down - July 23, 1:15AM-1:20AM ET",crypto
?,2026-07-23 05:14:58,2026-07-23 05:16:07,0.5656144295,0.51075,40.0,0.019166666666666665,"Bitcoin Up or Down - July 23, 1:15AM-1:20AM ET",crypto
?,2026-07-23 05:14:58,2026-07-23 05:15:12,0.5699999943,0.5,0.02,0.0038888888888888888,"Bitcoin Up or Down - July 23, 1:15AM-1:20AM ET",crypto
?,2026-07-23 05:14:58,2026-07-23 05:16:07,0.5656144295,0.51,40.0,0.019166666666666665,"Bitcoin Up or Down - July 23, 1:15AM-1:20AM ET",crypto
?,2026-07-23 05:14:58,2026-07-23 05:15:24,0.99,0.99,10.101,0.007222222222222222,"Bitcoin Up or Down - July 23, 1:10AM-1:15AM ET",crypto
?,2026-07-23 05:14:58,2026-07-23 05:17:25,0.5656144295,0.32,22.91552200000001,0.04083333333333333,"Bitcoin Up or Down - July 23, 1:15AM-1:20AM ET",crypto
?,2026-07-23 05:14:58,2026-07-23 05:15:12,0.5699999943,0.5,0.02,0.0038888888888888888,"Bitcoin Up or Down - July 23, 1:15AM-1:20AM ET",crypto
?,2026-07-23 05:14:58,2026-07-23 05:15:24,0.99,0.99,20.0,0.007222222222222222,"Bitcoin Up or Down - July 23, 1:10AM-1:15AM ET",crypto
?,2026-07-23 05:14:58,2026-07-23 05:17:25,0.5656144295,0.32,65.81,0.04083333333333333,"Bitcoin Up or Down - July 23, 1:15AM-1:20AM ET",crypto
?,2026-07-23 05:14:58,2026-07-23 05:15:24,0.99,0.99,30.0,0.007222222222222222,"Bitcoin Up or Down - July 23, 1:10AM-1:15AM ET",crypto
?,2026-07-23 05:14:58,2026-07-23 05:16:15,0.5656144295,0.4,5.0,0.021388888888888888,"Bitcoin Up or Down - July 23, 1:15AM-1:20AM ET",crypto
?,2026-07-23 05:14:58,2026-07-23 05:14:58,0.02,0.01,51.0,0.0,"Bitcoin Up or Down - July 23, 1:10AM-1:15AM ET",crypto
?,2026-07-23 05:14:58,2026-07-23 05:15:24,0.99,0.99,9.0909,0.007222222222222222,"Bitcoin Up or Down - July 23, 1:10AM-1:15AM ET",crypto
?,2026-07-23 05:14:58,2026-07-23 05:15:24,0.99,0.99,131.3131,0.007222222222222222,"Bitcoin Up or Down - July 23, 1:10AM-1:15AM ET",crypto
?,2026-07-23 05:14:58,2026-07-23 05:15:21,0.4899998285,0.59,2.04,0.006388888888888889,"Bitcoin Up or Down - July 23, 1:15AM-1:30AM ET",crypto
?,2026-07-23 05:14:58,2026-07-23 05:15:37,0.99,0.99,107.13,0.010833333333333334,"Bitcoin Up or Down - July 23, 1:10AM-1:15AM ET",crypto
?,2026-07-23 05:14:58,2026-07-23 05:15:19,0.5699999943,0.41,0.02,0.005833333333333334,"Bitcoin Up or Down - July 23, 1:15AM-1:20AM ET",crypto
?,2026-07-23 05:14:58,2026-07-23 05:15:43,0.5699999943,0.53,9.07,0.0125,"Bitcoin Up or Down - July 23, 1:15AM-1:20AM ET",crypto
?,2026-07-23 05:14:58,2026-07-23 05:15:43,0.5699999943,0.53,5.326402000000002,0.0125,"Bitcoin Up or Down - July 23, 1:15AM-1:20AM ET",crypto
?,2026-07-23 05:14:58,2026-07-23 05:15:43,0.5656144295,0.53,13.573597999999997,0.0125,"Bitcoin Up or Down - July 23, 1:15AM-1:20AM ET",crypto
?,2026-07-23 05:14:58,2026-07-23 05:15:16,0.5699999943,0.46,9.16,0.005,"Bitcoin Up or Down - July 23, 1:15AM-1:20AM ET",crypto
?,2026-07-23 05:14:58,2026-07-23 05:15:15,0.5699999943,0.49,0.02,0.004722222222222222,"Bitcoin Up or Down - July 23, 1:15AM-1:20AM ET",crypto
?,2026-07-23 05:14:58,2026-07-23 05:14:58,0.041855527,0.02,5.0,0.0,"Bitcoin Up or Down - July 23, 1:10AM-1:15AM ET",crypto
?,2026-07-23 05:14:58,2026-07-23 05:15:00,0.041855527,0.01,43.978,0.0005555555555555556,"Bitcoin Up or Down - July 23, 1:10AM-1:15AM ET",crypto
?,2026-07-23 05:14:58,2026-07-23 05:15:37,0.99,0.99,49.24340599999991,0.010833333333333334,"Bitcoin Up or Down - July 23, 1:10AM-1:15AM ET",crypto
?,2026-07-23 05:14:58,2026-07-23 05:15:52,0.5656144295,0.52,5.0,0.015,"Bitcoin Up or Down - July 23, 1:15AM-1:20AM ET",crypto
?,2026-07-23 05:14:58,2026-07-23 05:15:52,0.9876976667,0.99,13.94,0.015,"Bitcoin Up or Down - July 23, 1:10AM-1:15AM ET",crypto
?,2026-07-23 05:14:58,2026-07-23 05:15:52,0.5656144295,0.52,5.0,0.015,"Bitcoin Up or Down - July 23, 1:15AM-1:20AM ET",crypto
?,2026-07-23 05:14:58,2026-07-23 05:15:37,0.9876976667,0.99,115.20592800000003,0.010833333333333334,"Bitcoin Up or Down - July 23, 1:10AM-1:15AM ET",crypto
?,2026-07-23 05:14:58,2026-07-23 05:15:52,0.9876976667,0.99,13.94,0.015,"Bitcoin Up or Down - July 23, 1:10AM-1:15AM ET",crypto
?,2026-07-23 05:14:58,2026-07-23 05:15:24,0.99,0.99,2.0101,0.007222222222222222,"Bitcoin Up or Down - July 23, 1:10AM-1:15AM ET",crypto
?,2026-07-23 05:14:58,2026-07-23 05:15:37,0.99,0.99,5.0,0.010833333333333334,"Bitcoin Up or Down - July 23, 1:10AM-1:15AM ET",crypto
?,2026-07-23 05:14:58,2026-07-23 05:15:54,0.4899998285,0.52,0.0008149999999997881,0.015555555555555555,"Bitcoin Up or Down - July 23, 1:15AM-1:30AM ET",crypto
?,2026-07-23 05:14:58,2026-07-23 05:15:00,0.0361929537,0.01,44.2075,0.0005555555555555556,"Bitcoin Up or Down - July 23, 1:10AM-1:15AM ET",crypto
?,2026-07-23 05:14:58,2026-07-23 05:15:37,0.99,0.99,50.505,0.010833333333333334,"Bitcoin Up or Down - July 23, 1:10AM-1:15AM ET",crypto
?,2026-07-23 05:14:58,2026-07-23 05:15:37,0.99,0.99,2.0101,0.010833333333333334,"Bitcoin Up or Down - July 23, 1:10AM-1:15AM ET",crypto
?,2026-07-23 05:14:58,2026-07-23 05:15:37,0.9699999935,0.99,3.092766,0.010833333333333334,"Bitcoin Up or Down - July 23, 1:10AM-1:15AM ET",crypto
?,2026-07-23 05:14:58,2026-07-23 05:15:37,0.97,0.99,5.88,0.010833333333333334,"Bitcoin Up or Down - July 23, 1:10AM-1:15AM ET",crypto
?,2026-07-23 05:14:58,2026-07-23 05:15:37,0.99,0.99,90.0,0.010833333333333334,"Bitcoin Up or Down - July 23, 1:10AM-1:15AM ET",crypto
?,2026-07-23 05:14:58,2026-07-23 05:15:37,0.99,0.99,5.0,0.010833333333333334,"Bitcoin Up or Down - July 23, 1:10AM-1:15AM ET",crypto
?,2026-07-23 05:14:58,2026-07-23 05:15:37,0.99,0.99,20.202,0.010833333333333334,"Bitcoin Up or Down - July 23, 1:10AM-1:15AM ET",crypto
?,2026-07-23 05:14:58,2026-07-23 05:15:37,0.98,0.99,102.0408,0.010833333333333334,"Bitcoin Up or Down - July 23, 1:10AM-1:15AM ET",crypto
?,2026-07-23 05:14:58,2026-07-23 05:15:37,0.99,0.99,70.0,0.010833333333333334,"Bitcoin Up or Down - July 23, 1:10AM-1:15AM ET",crypto
?,2026-07-23 05:15:00,2026-07-23 05:15:00,0.02,0.01,5.0,0.0,"Bitcoin Up or Down - July 23, 1:10AM-1:15AM ET",crypto
?,2026-07-23 05:15:01,2026-07-23 05:15:19,0.52,0.42,3.04,0.005,"Bitcoin Up or Down - July 23, 1:15AM-1:30AM ET",crypto
?,2026-07-23 05:15:01,2026-07-23 05:15:15,0.52,0.43,0.02,0.0038888888888888888,"Bitcoin Up or Down - July 23, 1:15AM-1:30AM ET",crypto
?,2026-07-23 05:15:01,2026-07-23 05:17:25,0.57,0.32,5.0,0.04,"Bitcoin Up or Down - July 23, 1:15AM-1:20AM ET",crypto
?,2026-07-23 05:15:01,2026-07-23 05:15:09,0.52,0.49,1.92,0.0022222222222222222,"Bitcoin Up or Down - July 23, 1:15AM-1:30AM ET",crypto
?,2026-07-23 05:15:01,2026-07-23 05:15:12,0.52,0.47,0.02,0.0030555555555555557,"Bitcoin Up or Down - July 23, 1:15AM-1:30AM ET",crypto
?,2026-07-23 05:15:03,2026-07-23 05:16:15,0.49,0.58,11.1,0.02,"Bitcoin Up or Down - July 23, 1:15AM-1:20AM ET",crypto
?,2026-07-23 05:15:03,2026-07-23 05:16:16,0.49,0.55,5.2684780000000035,0.020277777777777777,"Bitcoin Up or Down - July 23, 1:15AM-1:20AM ET",crypto
?,2026-07-23 05:15:03,2026-07-23 05:16:16,0.49,0.55,5.0,0.020277777777777777,"Bitcoin Up or Down - July 23, 1:15AM-1:20AM ET",crypto
?,2026-07-23 05:15:03,2026-07-23 05:17:25,0.57,0.32,20.0,0.03944444444444444,"Bitcoin Up or Down - July 23, 1:15AM-1:20AM ET",crypto
?,2026-07-23 05:15:03,2026-07-23 05:17:30,0.44,0.65,2.510431000000003,0.04083333333333333,"Bitcoin Up or Down - July 23, 1:15AM-1:20AM ET",crypto
?,2026-07-23 05:15:03,2026-07-23 05:16:18,0.49,0.54,4.34,0.020833333333333332,"Bitcoin Up or Down - July 23, 1:15AM-1:20AM ET",crypto
?,2026-07-23 05:15:03,2026-07-23 05:17:30,0.44,0.65,0.02,0.04083333333333333,"Bitcoin Up or Down - July 23, 1:15AM-1:20AM ET",crypto
?,2026-07-23 05:15:03,2026-07-23 05:16:19,0.49,0.5394784544,2.8184780000000043,0.021111111111111112,"Bitcoin Up or Down - July 23, 1:15AM-1:20AM ET",crypto
?,2026-07-23 05:15:03,2026-07-23 05:16:19,0.489509415,0.5394784544,56.056121,0.021111111111111112,"Bitcoin Up or Down - July 23, 1:15AM-1:20AM ET",crypto
?,2026-07-23 05:15:03,2026-07-23 05:16:19,0.4799999918,0.5394784544,43.895832,0.021111111111111112,"Bitcoin Up or Down - July 23, 1:15AM-1:20AM ET",crypto
?,2026-07-23 05:15:03,2026-07-23 05:17:28,0.44,0.65,0.02,0.04027777777777778,"Bitcoin Up or Down - July 23, 1:15AM-1:20AM ET",crypto
?,2026-07-23 05:15:03,2026-07-23 05:16:19,0.44,0.5394784544,29.7,0.021111111111111112,"Bitcoin Up or Down - July 23, 1:15AM-1:20AM ET",crypto
?,2026-07-23 05:15:03,2026-07-23 05:16:19,0.44,0.5394784544,56.199569,0.021111111111111112,"Bitcoin Up or Down - July 23, 1:15AM-1:20AM ET",crypto
?,2026-07-23 05:15:03,2026-07-23 05:17:25,0.57,0.32,8.8,0.03944444444444444,"Bitcoin Up or Down - July 23, 1:15AM-1:20AM ET",crypto
?,2026-07-23 05:15:03,2026-07-23 05:16:16,0.49,0.55,0.8415219999999959,0.020277777777777777,"Bitcoin Up or Down - July 23, 1:15AM-1:20AM ET",crypto
?,2026-07-23 05:15:03,2026-07-23 05:17:22,0.44,0.67,1.25,0.03861111111111111,"Bitcoin Up or Down - July 23, 1:15AM-1:20AM ET",crypto
?,2026-07-23 05:15:03,2026-07-23 05:16:01,0.49,0.44,5.087570000000003,0.01611111111111111,"Bitcoin Up or Down - July 23, 1:15AM-1:20AM ET",crypto
?,2026-07-23 05:15:03,2026-07-23 05:16:01,0.49,0.44,7.631521999999995,0.01611111111111111,"Bitcoin Up or Down - July 23, 1:15AM-1:20AM ET",crypto
?,2026-07-23 05:15:03,2026-07-23 05:16:01,0.4399999428,0.44,9.090908,0.01611111111111111,"Bitcoin Up or Down - July 23, 1:15AM-1:20AM ET",crypto
?,2026-07-23 05:15:03,2026-07-23 05:16:01,0.49,0.44,4.912429999999997,0.01611111111111111,"Bitcoin Up or Down - July 23, 1:15AM-1:20AM ET",crypto
?,2026-07-23 05:15:04,2026-07-23 05:18:42,0.4707803396,0.19,3.0,0.06055555555555556,"Bitcoin Up or Down - July 23, 1:15AM-1:20AM ET",crypto
?,2026-07-23 05:15:04,2026-07-23 05:18:30,0.4707803396,0.26,0.85,0.05722222222222222,"Bitcoin Up or Down - July 23, 1:15AM-1:20AM ET",crypto
?,2026-07-23 05:15:04,2026-07-23 05:18:40,0.4707803396,0.25,12.65,0.06,"Bitcoin Up or Down - July 23, 1:15AM-1:20AM ET",crypto
?,2026-07-23 05:15:04,2026-07-23 05:17:25,0.5299999981,0.32,5.283017,0.03916666666666667,"Bitcoin Up or Down - July 23, 1:15AM-1:20AM ET",crypto
?,2026-07-23 05:15:04,2026-07-23 05:18:42,0.4707803396,0.18,0.73,0.06055555555555556,"Bitcoin Up or Down - July 23, 1:15AM-1:20AM ET",crypto
?,2026-07-23 05:15:04,2026-07-23 05:17:33,0.48,0.66,10.0,0.04138888888888889,"Bitcoin Up or Down - July 23, 1:15AM-1:20AM ET",crypto
?,2026-07-23 05:15:04,2026-07-23 05:17:33,0.48,0.6,0.02,0.04138888888888889,"Bitcoin Up or Down - July 23, 1:15AM-1:20AM ET",crypto
?,2026-07-23 05:15:04,2026-07-23 05:17:30,0.48,0.65,7.489568999999996,0.04055555555555555,"Bitcoin Up or Down - July 23, 1:15AM-1:20AM ET",crypto
?,2026-07-23 05:15:04,2026-07-23 05:18:42,0.4707803396,0.18,0.73,0.06055555555555556,"Bitcoin Up or Down - July 23, 1:15AM-1:20AM ET",crypto
?,2026-07-23 05:15:04,2026-07-23 05:17:30,0.49,0.65,10.0,0.04055555555555555,"Bitcoin Up or Down - July 23, 1:15AM-1:20AM ET",crypto
?,2026-07-23 05:15:04,2026-07-23 05:18:42,0.4707803396,0.19,3.0,0.06055555555555556,"Bitcoin Up or Down - July 23, 1:15AM-1:20AM ET",crypto
?,2026-07-23 05:15:04,2026-07-23 05:18:42,0.4707803396,0.18,0.02,0.06055555555555556,"Bitcoin Up or Down - July 23, 1:15AM-1:20AM ET",crypto
?,2026-07-23 05:15:04,2026-07-23 05:18:42,0.4707803396,0.18,0.02,0.06055555555555556,"Bitcoin Up or Down - July 23, 1:15AM-1:20AM ET",crypto
?,2026-07-23 05:15:04,2026-07-23 05:17:25,0.5199999149,0.32,4.230768,0.03916666666666667,"Bitcoin Up or Down - July 23, 1:15AM-1:20AM ET",crypto
?,2026-07-23 05:15:04,2026-07-23 05:18:19,0.4707803396,0.38,12.249568999999997,0.05416666666666667,"Bitcoin Up or Down - July 23, 1:15AM-1:20AM ET",crypto
?,2026-07-23 05:15:04,2026-07-23 05:18:19,0.48,0.38,0.8704310000000026,0.05416666666666667,"Bitcoin Up or Down - July 23, 1:15AM-1:20AM ET",crypto
?,2026-07-23 05:15:04,2026-07-23 05:18:31,0.4707803396,0.27,6.12,0.0575,"Bitcoin Up or Down - July 23, 1:15AM-1:20AM ET",crypto
?,2026-07-23 05:15:04,2026-07-23 05:17:51,0.48,0.69,18.51,0.04638888888888889,"Bitcoin Up or Down - July 23, 1:15AM-1:20AM ET",crypto
?,2026-07-23 05:15:04,2026-07-23 05:17:48,0.48,0.72,0.9304310000000044,0.04555555555555556,"Bitcoin Up or Down - July 23, 1:15AM-1:20AM ET",crypto
?,2026-07-23 05:15:04,2026-07-23 05:17:48,0.48,0.72,0.9195689999999956,0.04555555555555556,"Bitcoin Up or Down - July 23, 1:15AM-1:20AM ET",crypto
?,2026-07-23 05:15:04,2026-07-23 05:18:40,0.4707803396,0.25,12.65,0.06,"Bitcoin Up or Down - July 23, 1:15AM-1:20AM ET",crypto
?,2026-07-23 05:15:04,2026-07-23 05:15:19,0.5199998386,0.42,2.230768,0.004166666666666667,"Bitcoin Up or Down - July 23, 1:15AM-1:30AM ET",crypto
?,2026-07-23 05:15:04,2026-07-23 05:18:58,0.4707803396,0.18,1.68,0.065,"Bitcoin Up or Down - July 23, 1:15AM-1:20AM ET",crypto
?,2026-07-23 05:15:04,2026-07-23 05:18:18,0.48,0.35,2.7,0.05388888888888889,"Bitcoin Up or Down - July 23, 1:15AM-1:20AM ET",crypto
?,2026-07-23 05:15:04,2026-07-23 05:17:37,0.48,0.46,0.21,0.0425,"Bitcoin Up or Down - July 23, 1:15AM-1:20AM ET",crypto
?,2026-07-23 05:15:04,2026-07-23 05:17:36,0.48,0.45,1.33,0.042222222222222223,"Bitcoin Up or Down - July 23, 1:15AM-1:20AM ET",crypto
?,2026-07-23 05:15:04,2026-07-23 05:18:58,0.4707803396,0.18,17.94,0.065,"Bitcoin Up or Down - July 23, 1:15AM-1:20AM ET",crypto
?,2026-07-23 05:15:04,2026-07-23 05:17:25,0.52,0.32,5.0,0.03916666666666667,"Bitcoin Up or Down - July 23, 1:15AM-1:20AM ET",crypto
?,2026-07-23 05:15:04,2026-07-23 05:17:49,0.48,0.71,2.0,0.04583333333333333,"Bitcoin Up or Down - July 23, 1:15AM-1:20AM ET",crypto
?,2026-07-23 05:15:04,2026-07-23 05:19:00,0.4707803396,0.1754717242,86.56584599999996,0.06555555555555556,"Bitcoin Up or Down - July 23, 1:15AM-1:20AM ET",crypto
?,2026-07-23 05:15:04,2026-07-23 05:17:36,0.48,0.45,0.02,0.042222222222222223,"Bitcoin Up or Down - July 23, 1:15AM-1:20AM ET",crypto
?,2026-07-23 05:15:06,2026-07-23 05:19:49,0.4899999814,0.36,0.02,0.07861111111111112,"Bitcoin Up or Down - July 23, 1:15AM-1:30AM ET",crypto
?,2026-07-23 05:15:06,2026-07-23 05:16:09,0.51,0.44,0.01921700000000004,0.0175,"Ethereum Up or Down - July 23, 1:15AM-1:20AM ET",crypto
?,2026-07-23 05:15:06,2026-07-23 05:17:28,0.4899999814,0.65,0.02,0.03944444444444444,"Bitcoin Up or Down - July 23, 1:15AM-1:30AM ET",crypto
?,2026-07-23 05:15:06,2026-07-23 05:19:04,0.48,0.14,5.0,0.0661111111111111,"Bitcoin Up or Down - July 23, 1:15AM-1:20AM ET",crypto
?,2026-07-23 05:15:06,2026-07-23 05:19:00,0.479999952,0.1754717242,4.166665,0.065,"Bitcoin Up or Down - July 23, 1:15AM-1:20AM ET",crypto
?,2026-07-23 05:15:06,2026-07-23 05:18:42,0.4899999814,0.39,0.02,0.06,"Bitcoin Up or Down - July 23, 1:15AM-1:30AM ET",crypto
?,2026-07-23 05:15:06,2026-07-23 05:17:42,0.51,0.50959472,20.0,0.043333333333333335,"Ethereum Up or Down - July 23, 1:15AM-1:20AM ET",crypto
?,2026-07-23 05:15:06,2026-07-23 05:17:42,0.51,0.50959472,10.0,0.043333333333333335,"Ethereum Up or Down - July 23, 1:15AM-1:20AM ET",crypto
?,2026-07-23 05:15:06,2026-07-23 05:15:54,0.4899999149,0.52,0.019185000000000212,0.013333333333333334,"Bitcoin Up or Down - July 23, 1:15AM-1:30AM ET",crypto
?,2026-07-23 05:15:06,2026-07-23 05:19:00,0.4799998272,0.1754717242,2.083332,0.065,"Bitcoin Up or Down - July 23, 1:15AM-1:20AM ET",crypto
?,2026-07-23 05:15:06,2026-07-23 05:17:42,0.51,0.50959472,0.830783000000002,0.043333333333333335,"Ethereum Up or Down - July 23, 1:15AM-1:20AM ET",crypto
?,2026-07-23 05:15:06,2026-07-23 05:19:00,0.48,0.1754717242,124.15415700000003,0.065,"Bitcoin Up or Down - July 23, 1:15AM-1:20AM ET",crypto
?,2026-07-23 05:15:06,2026-07-23 05:19:00,0.48,0.18,17.94,0.065,"Bitcoin Up or Down - July 23, 1:15AM-1:20AM ET",crypto
?,2026-07-23 05:15:06,2026-07-23 05:17:33,0.4899999814,0.64,0.02,0.04083333333333333,"Bitcoin Up or Down - July 23, 1:15AM-1:30AM ET",crypto
?,2026-07-23 05:15:06,2026-07-23 05:17:34,0.4899999814,0.64,0.83,0.04111111111111111,"Bitcoin Up or Down - July 23, 1:15AM-1:30AM ET",crypto
?,2026-07-23 05:15:06,2026-07-23 05:17:36,0.4899999814,0.57,0.02,0.041666666666666664,"Bitcoin Up or Down - July 23, 1:15AM-1:30AM ET",crypto
?,2026-07-23 05:15:06,2026-07-23 05:15:54,0.4899999149,0.52,0.02,0.013333333333333334,"Bitcoin Up or Down - July 23, 1:15AM-1:30AM ET",crypto
?,2026-07-23 05:15:06,2026-07-23 05:19:46,0.4899999814,0.41,3.38,0.07777777777777778,"Bitcoin Up or Down - July 23, 1:15AM-1:30AM ET",crypto
?,2026-07-23 05:15:06,2026-07-23 05:17:30,0.4899999814,0.65,0.02,0.04,"Bitcoin Up or Down - July 23, 1:15AM-1:30AM ET",crypto
?,2026-07-23 05:15:06,2026-07-23 05:16:12,0.51,0.39,0.02,0.018333333333333333,"Ethereum Up or Down - July 23, 1:15AM-1:20AM ET",crypto
?,2026-07-23 05:15:06,2026-07-23 05:16:09,0.51,0.44,1.92,0.0175,"Ethereum Up or Down - July 23, 1:15AM-1:20AM ET",crypto
?,2026-07-23 05:15:06,2026-07-23 05:20:34,0.4899999814,0.29,0.02,0.09111111111111111,"Bitcoin Up or Down - July 23, 1:15AM-1:30AM ET",crypto
?,2026-07-23 05:15:06,2026-07-23 05:16:12,0.4899999149,0.61,5.8383650000000005,0.018333333333333333,"Bitcoin Up or Down - July 23, 1:15AM-1:30AM ET",crypto
?,2026-07-23 05:15:06,2026-07-23 05:19:25,0.48,0.11,78.67584299999996,0.07194444444444445,"Bitcoin Up or Down - July 23, 1:15AM-1:20AM ET",crypto
?,2026-07-23 05:15:06,2026-07-23 05:20:43,0.4899999814,0.28,0.02,0.09361111111111112,"Bitcoin Up or Down - July 23, 1:15AM-1:30AM ET",crypto
?,2026-07-23 05:15:06,2026-07-23 05:16:12,0.4899999814,0.61,3.4116349999999995,0.018333333333333333,"Bitcoin Up or Down - July 23, 1:15AM-1:30AM ET",crypto
?,2026-07-23 05:15:06,2026-07-23 05:19:24,0.48,0.0710704346,46.71,0.07166666666666667,"Bitcoin Up or Down - July 23, 1:15AM-1:20AM ET",crypto
?,2026-07-23 05:15:06,2026-07-23 05:19:22,0.48,0.08,7.24,0.07111111111111111,"Bitcoin Up or Down - July 23, 1:15AM-1:20AM ET",crypto
?,2026-07-23 05:15:06,2026-07-23 05:19:09,0.48,0.12,15.0,0.0675,"Bitcoin Up or Down - July 23, 1:15AM-1:20AM ET",crypto
?,2026-07-23 05:15:06,2026-07-23 05:19:06,0.48,0.13,9.08,0.06666666666666667,"Bitcoin Up or Down - July 23, 1:15AM-1:20AM ET",crypto
?,2026-07-23 05:15:06,2026-07-23 05:19:06,0.48,0.14,7.9,0.06666666666666667,"Bitcoin Up or Down - July 23, 1:15AM-1:20AM ET",crypto
?,2026-07-23 05:15:06,2026-07-23 05:18:42,0.4899999814,0.39,0.02,0.06,"Bitcoin Up or Down - July 23, 1:15AM-1:30AM ET",crypto
?,2026-07-23 05:15:06,2026-07-23 05:20:46,0.4899999814,0.24,3.356527000000003,0.09444444444444444,"Bitcoin Up or Down - July 23, 1:15AM-1:30AM ET",crypto
?,2026-07-23 05:15:06,2026-07-23 05:19:00,0.48,0.18,1.72,0.065,"Bitcoin Up or Down - July 23, 1:15AM-1:20AM ET",crypto
?,2026-07-23 05:15:06,2026-07-23 05:19:06,0.48,0.14,15.15,0.06666666666666667,"Bitcoin Up or Down - July 23, 1:15AM-1:20AM ET",crypto
?,2026-07-23 05:15:06,2026-07-23 05:16:12,0.4899999814,0.61,9.25,0.018333333333333333,"Bitcoin Up or Down - July 23, 1:15AM-1:30AM ET",crypto
?,2026-07-23 05:15:06,2026-07-23 05:19:06,0.48,0.13,29.43,0.06666666666666667,"Bitcoin Up or Down - July 23, 1:15AM-1:20AM ET",crypto
?,2026-07-23 05:15:06,2026-07-23 05:16:12,0.51,0.39,0.02,0.018333333333333333,"Ethereum Up or Down - July 23, 1:15AM-1:20AM ET",crypto
?,2026-07-23 05:15:06,2026-07-23 05:16:19,0.51,0.41,8.6,0.020277777777777777,"Ethereum Up or Down - July 23, 1:15AM-1:20AM ET",crypto
?,2026-07-23 05:15:07,2026-07-23 05:17:25,0.53,0.32,28.76069299999999,0.03833333333333333,"Bitcoin Up or Down - July 23, 1:15AM-1:20AM ET",crypto
?,2026-07-23 05:15:07,2026-07-23 05:15:15,0.1809998805,0.1553248,5.52486,0.0022222222222222222,Will the highest temperature in Shanghai be 34°C on July 23?,other
?,2026-07-23 05:15:07,2026-07-23 05:16:12,0.54,0.34,0.02,0.018055555555555554,"XRP Up or Down - July 23, 1:15AM-1:20AM ET",other
?,2026-07-23 05:15:07,2026-07-23 05:16:12,0.54,0.34,0.02,0.018055555555555554,"XRP Up or Down - July 23, 1:15AM-1:20AM ET",other
?,2026-07-23 05:15:07,2026-07-23 05:16:12,0.54,0.34,0.02,0.018055555555555554,"XRP Up or Down - July 23, 1:15AM-1:20AM ET",other
?,2026-07-23 05:15:07,2026-07-23 05:15:19,0.51,0.42,10.0,0.0033333333333333335,"Bitcoin Up or Down - July 23, 1:15AM-1:30AM ET",crypto
?,2026-07-23 05:15:07,2026-07-23 05:16:12,0.54,0.28,0.02,0.018055555555555554,"XRP Up or Down - July 23, 1:15AM-1:20AM ET",other
?,2026-07-23 05:15:07,2026-07-23 05:17:34,0.5299999673,0.39,3.0391170000000134,0.04083333333333333,"Bitcoin Up or Down - July 23, 1:15AM-1:20AM ET",crypto
?,2026-07-23 05:15:07,2026-07-23 05:19:25,0.48,0.11,4.0,0.07166666666666667,"Bitcoin Up or Down - July 23, 1:15AM-1:20AM ET",crypto
?,2026-07-23 05:15:07,2026-07-23 05:16:16,0.5099998317,0.72,0.02,0.019166666666666665,"Solana Up or Down - July 23, 1:15AM-1:20AM ET",other
?,2026-07-23 05:15:07,2026-07-23 05:16:12,0.54,0.28,0.02,0.018055555555555554,"XRP Up or Down - July 23, 1:15AM-1:20AM ET",other
?,2026-07-23 05:15:07,2026-07-23 05:19:25,0.48,0.11,26.0,0.07166666666666667,"Bitcoin Up or Down - July 23, 1:15AM-1:20AM ET",crypto
?,2026-07-23 05:15:07,2026-07-23 05:16:13,0.5099998317,0.79,0.02,0.018333333333333333,"Solana Up or Down - July 23, 1:15AM-1:20AM ET",other
?,2026-07-23 05:15:07,2026-07-23 05:18:52,0.54,0.54,4.880000000000003,0.0625,"XRP Up or Down - July 23, 1:15AM-1:20AM ET",other
?,2026-07-23 05:15:07,2026-07-23 05:16:16,0.5099998317,0.72,1.8807829999999999,0.019166666666666665,"Solana Up or Down - July 23, 1:15AM-1:20AM ET",other
?,2026-07-23 05:15:07,2026-07-23 05:15:55,0.5099998317,0.39,0.02,0.013333333333333334,"Solana Up or Down - July 23, 1:15AM-1:20AM ET",other
?,2026-07-23 05:15:07,2026-07-23 05:17:27,0.53,0.31,24.57,0.03888888888888889,"Bitcoin Up or Down - July 23, 1:15AM-1:20AM ET",crypto
?,2026-07-23 05:15:07,2026-07-23 05:17:28,0.53,0.34,4.8,0.03916666666666667,"Bitcoin Up or Down - July 23, 1:15AM-1:20AM ET",crypto
?,2026-07-23 05:15:07,2026-07-23 05:17:28,0.53,0.34,5.0,0.03916666666666667,"Bitcoin Up or Down - July 23, 1:15AM-1:20AM ET",crypto
?,2026-07-23 05:15:07,2026-07-23 05:17:31,0.53,0.34,4.98,0.04,"Bitcoin Up or Down - July 23, 1:15AM-1:20AM ET",crypto
?,2026-07-23 05:15:07,2026-07-23 05:17:31,0.53,0.34,3.8693070000000134,0.04,"Bitcoin Up or Down - July 23, 1:15AM-1:20AM ET",crypto
?,2026-07-23 05:15:07,2026-07-23 05:15:55,0.5099998317,0.39,0.02,0.013333333333333334,"Solana Up or Down - July 23, 1:15AM-1:20AM ET",other
?,2026-07-23 05:15:07,2026-07-23 05:16:12,0.54,0.34,0.02,0.018055555555555554,"XRP Up or Down - July 23, 1:15AM-1:20AM ET",other
?,2026-07-23 05:15:07,2026-07-23 05:17:34,0.53,0.5,3.8693070000000134,0.04083333333333333,"Bitcoin Up or Down - July 23, 1:15AM-1:20AM ET",crypto
?,2026-07-23 05:15:07,2026-07-23 05:17:31,0.53,0.34,1.1306929999999866,0.04,"Bitcoin Up or Down - July 23, 1:15AM-1:20AM ET",crypto
?,2026-07-23 05:15:07,2026-07-23 05:17:34,0.5299999673,0.5,1.1306929999999866,0.04083333333333333,"Bitcoin Up or Down - July 23, 1:15AM-1:20AM ET",crypto
?,2026-07-23 05:15:07,2026-07-23 05:17:34,0.5299999673,0.52,5.0,0.04083333333333333,"Bitcoin Up or Down - July 23, 1:15AM-1:20AM ET",crypto
?,2026-07-23 05:15:09,2026-07-23 05:19:27,0.49,0.12,16.17763000000005,0.07166666666666667,"Bitcoin Up or Down - July 23, 1:15AM-1:20AM ET",crypto
?,2026-07-23 05:15:09,2026-07-23 05:17:46,0.5199998915,0.4494530657,2.211537,0.043611111111111114,"Bitcoin Up or Down - July 23, 1:15AM-1:20AM ET",crypto
?,2026-07-23 05:15:09,2026-07-23 05:19:25,0.49,0.08,1.5060449999999506,0.07111111111111111,"Bitcoin Up or Down - July 23, 1:15AM-1:20AM ET",crypto
?,2026-07-23 05:15:09,2026-07-23 05:19:25,0.489999957,0.08,5.816325,0.07111111111111111,"Bitcoin Up or Down - July 23, 1:15AM-1:20AM ET",crypto
?,2026-07-23 05:15:09,2026-07-23 05:19:25,0.4899998711,0.11,3.87755,0.07111111111111111,"Bitcoin Up or Down - July 23, 1:15AM-1:20AM ET",crypto
?,2026-07-23 05:15:09,2026-07-23 05:19:28,0.48,0.11,16.47763000000005,0.07194444444444445,"Bitcoin Up or Down - July 23, 1:15AM-1:20AM ET",crypto
?,2026-07-23 05:15:09,2026-07-23 05:18:42,0.52,0.4,0.9507829999999999,0.059166666666666666,"Solana Up or Down - July 23, 1:15AM-1:20AM ET",other
?,2026-07-23 05:15:09,2026-07-23 05:18:42,0.52,0.4,0.02,0.059166666666666666,"Solana Up or Down - July 23, 1:15AM-1:20AM ET",other
?,2026-07-23 05:15:09,2026-07-23 05:18:42,0.52,0.4,2.1,0.059166666666666666,"Solana Up or Down - July 23, 1:15AM-1:20AM ET",other
?,2026-07-23 05:15:09,2026-07-23 05:19:25,0.49,0.11,27.49395500000005,0.07111111111111111,"Bitcoin Up or Down - July 23, 1:15AM-1:20AM ET",crypto
?,2026-07-23 05:15:09,2026-07-23 05:18:42,0.52,0.41,0.02,0.059166666666666666,"Solana Up or Down - July 23, 1:15AM-1:20AM ET",other
?,2026-07-23 05:15:09,2026-07-23 05:18:42,0.52,0.4,0.02,0.059166666666666666,"Solana Up or Down - July 23, 1:15AM-1:20AM ET",other
?,2026-07-23 05:15:09,2026-07-23 05:17:46,0.5299999899,0.4494530657,1.2001150000000127,0.043611111111111114,"Bitcoin Up or Down - July 23, 1:15AM-1:20AM ET",crypto
?,2026-07-23 05:15:09,2026-07-23 05:19:28,0.49,0.11,13.82236999999995,0.07194444444444445,"Bitcoin Up or Down - July 23, 1:15AM-1:20AM ET",crypto
?,2026-07-23 05:15:09,2026-07-23 05:19:31,0.48,0.11,1.522369999999949,0.07277777777777777,"Bitcoin Up or Down - July 23, 1:15AM-1:20AM ET",crypto
?,2026-07-23 05:15:09,2026-07-23 05:18:40,0.52,0.41,0.02,0.058611111111111114,"Solana Up or Down - July 23, 1:15AM-1:20AM ET",other
?,2026-07-23 05:15:09,2026-07-23 05:19:25,0.49,0.11,10.0,0.07111111111111111,"Bitcoin Up or Down - July 23, 1:15AM-1:20AM ET",crypto
?,2026-07-23 05:15:09,2026-07-23 05:18:42,0.52,0.41,0.02,0.059166666666666666,"Solana Up or Down - July 23, 1:15AM-1:20AM ET",other
?,2026-07-23 05:15:09,2026-07-23 05:19:25,0.4899999587,0.11,11.632652,0.07111111111111111,"Bitcoin Up or Down - July 23, 1:15AM-1:20AM ET",crypto
?,2026-07-23 05:15:09,2026-07-23 05:19:25,0.49,0.08,4.6776300000000495,0.07111111111111111,"Bitcoin Up or Down - July 23, 1:15AM-1:20AM ET",crypto
?,2026-07-23 05:15:09,2026-07-23 05:19:27,0.49,0.12,0.32236999999995053,0.07166666666666667,"Bitcoin Up or Down - July 23, 1:15AM-1:20AM ET",crypto
?,2026-07-23 05:15:09,2026-07-23 05:18:40,0.52,0.41,0.02,0.058611111111111114,"Solana Up or Down - July 23, 1:15AM-1:20AM ET",other
?,2026-07-23 05:15:09,2026-07-23 05:17:45,0.5299999899,0.47,9.08,0.043333333333333335,"Bitcoin Up or Down - July 23, 1:15AM-1:20AM ET",crypto
?,2026-07-23 05:15:09,2026-07-23 05:16:16,0.52,0.72,1.829217,0.01861111111111111,"Solana Up or Down - July 23, 1:15AM-1:20AM ET",other
?,2026-07-23 05:15:09,2026-07-23 05:20:46,0.509999937,0.24,5.643472999999997,0.09361111111111112,"Bitcoin Up or Down - July 23, 1:15AM-1:30AM ET",crypto
?,2026-07-23 05:15:09,2026-07-23 05:17:34,0.52,0.39,1.923075,0.04027777777777778,"Bitcoin Up or Down - July 23, 1:15AM-1:20AM ET",crypto
?,2026-07-23 05:15:09,2026-07-23 05:17:34,0.5299999899,0.39,3.5378079999999867,0.04027777777777778,"Bitcoin Up or Down - July 23, 1:15AM-1:20AM ET",crypto
?,2026-07-23 05:15:09,2026-07-23 05:22:24,0.509999937,0.15,0.7094670000000036,0.12083333333333333,"Bitcoin Up or Down - July 23, 1:15AM-1:30AM ET",crypto
?,2026-07-23 05:15:09,2026-07-23 05:17:36,0.5299999899,0.53,5.0,0.04083333333333333,"Bitcoin Up or Down - July 23, 1:15AM-1:20AM ET",crypto
?,2026-07-23 05:15:09,2026-07-23 05:17:36,0.52,0.77,0.02,0.04083333333333333,"Solana Up or Down - July 23, 1:15AM-1:20AM ET",other
?,2026-07-23 05:15:09,2026-07-23 05:22:24,0.5,0.15,3.4505329999999965,0.12083333333333333,"Bitcoin Up or Down - July 23, 1:15AM-1:30AM ET",crypto
?,2026-07-23 05:15:09,2026-07-23 05:17:39,0.5299999899,0.51,0.05,0.041666666666666664,"Bitcoin Up or Down - July 23, 1:15AM-1:20AM ET",crypto
?,2026-07-23 05:15:09,2026-07-23 05:17:34,0.52,0.79,0.02,0.04027777777777778,"Solana Up or Down - July 23, 1:15AM-1:20AM ET",other
?,2026-07-23 05:15:09,2026-07-23 05:15:37,0.37,0.41,5.0,0.0077777777777777776,"Bitcoin Up or Down - July 23, 1AM ET",crypto
?,2026-07-23 05:15:09,2026-07-23 05:22:28,0.5,0.148008008,9.99,0.12194444444444444,"Bitcoin Up or Down - July 23, 1:15AM-1:30AM ET",crypto
?,2026-07-23 05:15:10,2026-07-23 05:17:46,0.52,0.4494530657,65.1,0.043333333333333335,"Bitcoin Up or Down - July 23, 1:15AM-1:20AM ET",crypto
?,2026-07-23 05:15:10,2026-07-23 05:19:31,0.49,0.12,16.01440899999995,0.0725,"Bitcoin Up or Down - July 23, 1:15AM-1:20AM ET",crypto
?,2026-07-23 05:15:10,2026-07-23 05:19:31,0.49,0.11,11.98559100000005,0.0725,"Bitcoin Up or Down - July 23, 1:15AM-1:20AM ET",crypto
?,2026-07-23 05:15:10,2026-07-23 05:19:31,0.4899999784,0.11,5.102039,0.0725,"Bitcoin Up or Down - July 23, 1:15AM-1:20AM ET",crypto
?,2026-07-23 05:15:10,2026-07-23 05:17:42,0.51,0.50959472,10.0,0.042222222222222223,"Ethereum Up or Down - July 23, 1:15AM-1:20AM ET",crypto
?,2026-07-23 05:15:10,2026-07-23 05:17:46,0.52,0.4494530657,100.62,0.043333333333333335,"Bitcoin Up or Down - July 23, 1:15AM-1:20AM ET",crypto
?,2026-07-23 05:15:10,2026-07-23 05:19:31,0.49,0.11,5.0,0.0725,"Bitcoin Up or Down - July 23, 1:15AM-1:20AM ET",crypto
?,2026-07-23 05:15:10,2026-07-23 05:17:46,0.5199999834,0.4494530657,9.615383,0.043333333333333335,"Bitcoin Up or Down - July 23, 1:15AM-1:20AM ET",crypto
?,2026-07-23 05:15:12,2026-07-23 05:17:34,0.47,0.47,0.02,0.03944444444444444,"Ethereum Up or Down - July 23, 1:15AM-1:30AM ET",crypto
?,2026-07-23 05:15:12,2026-07-23 05:18:42,0.47,0.37,0.02,0.058333333333333334,"Ethereum Up or Down - July 23, 1:15AM-1:30AM ET",crypto
?,2026-07-23 05:15:12,2026-07-23 05:16:16,0.47,0.52,0.02,0.017777777777777778,"Ethereum Up or Down - July 23, 1:15AM-1:30AM ET",crypto
?,2026-07-23 05:15:12,2026-07-23 05:20:45,0.51,0.71,0.5,0.0925,"Bitcoin Up or Down - July 23, 1:20AM-1:25AM ET",crypto
?,2026-07-23 05:15:12,2026-07-23 05:20:46,0.51,0.72,5.39,0.09277777777777778,"Bitcoin Up or Down - July 23, 1:20AM-1:25AM ET",crypto
?,2026-07-23 05:15:12,2026-07-23 05:19:33,0.5,0.0839442712,7.32,0.0725,"Bitcoin Up or Down - July 23, 1:15AM-1:20AM ET",crypto
?,2026-07-23 05:15:12,2026-07-23 05:19:33,0.4899999447,0.0839442712,5.42857,0.0725,"Bitcoin Up or Down - July 23, 1:15AM-1:20AM ET",crypto
?,2026-07-23 05:15:12,2026-07-23 05:19:33,0.5,0.0839442712,40.0,0.0725,"Bitcoin Up or Down - July 23, 1:15AM-1:20AM ET",crypto
?,2026-07-23 05:15:12,2026-07-23 05:19:33,0.5,0.0839442712,6.6,0.0725,"Bitcoin Up or Down - July 23, 1:15AM-1:20AM ET",crypto
?,2026-07-23 05:15:12,2026-07-23 05:19:33,0.5,0.0839442712,5.54,0.0725,"Bitcoin Up or Down - July 23, 1:15AM-1:20AM ET",crypto
?,2026-07-23 05:15:12,2026-07-23 05:19:33,0.49,0.07,5.22,0.0725,"Bitcoin Up or Down - July 23, 1:15AM-1:20AM ET",crypto
?,2026-07-23 05:15:12,2026-07-23 05:19:36,0.49,0.06,7.14,0.07333333333333333,"Bitcoin Up or Down - July 23, 1:15AM-1:20AM ET",crypto
?,2026-07-23 05:15:12,2026-07-23 05:19:33,0.5,0.0839442712,5.0,0.0725,"Bitcoin Up or Down - July 23, 1:15AM-1:20AM ET",crypto
?,2026-07-23 05:15:12,2026-07-23 05:19:33,0.5,0.0839442712,6.0,0.0725,"Bitcoin Up or Down - July 23, 1:15AM-1:20AM ET",crypto
?,2026-07-23 05:15:12,2026-07-23 05:19:31,0.5,0.12,27.10559100000005,0.07194444444444445,"Bitcoin Up or Down - July 23, 1:15AM-1:20AM ET",crypto
?,2026-07-23 05:15:12,2026-07-23 05:19:33,0.5,0.0839442712,92.89440899999995,0.0725,"Bitcoin Up or Down - July 23, 1:15AM-1:20AM ET",crypto
?,2026-07-23 05:15:12,2026-07-23 05:17:33,0.48,0.46,0.02,0.03916666666666667,"BNB Up or Down - July 23, 1:15AM-1:30AM ET",other
?,2026-07-23 05:15:12,2026-07-23 05:19:31,0.5,0.12,8.8,0.07194444444444445,"Bitcoin Up or Down - July 23, 1:15AM-1:20AM ET",crypto
?,2026-07-23 05:15:12,2026-07-23 05:19:31,0.5,0.12,5.54,0.07194444444444445,"Bitcoin Up or Down - July 23, 1:15AM-1:20AM ET",crypto
?,2026-07-23 05:15:12,2026-07-23 05:19:37,0.49,0.0608142292,25.602978999999962,0.07361111111111111,"Bitcoin Up or Down - July 23, 1:15AM-1:20AM ET",crypto
?,2026-07-23 05:15:12,2026-07-23 05:19:45,0.5,0.05,22.22,0.07583333333333334,"Bitcoin Up or Down - July 23, 1:15AM-1:20AM ET",crypto
?,2026-07-23 05:15:12,2026-07-23 05:17:34,0.47,0.48,0.02,0.03944444444444444,"Ethereum Up or Down - July 23, 1:15AM-1:30AM ET",crypto
?,2026-07-23 05:15:12,2026-07-23 05:19:45,0.5,0.05,5.0,0.07583333333333334,"Bitcoin Up or Down - July 23, 1:15AM-1:20AM ET",crypto
?,2026-07-23 05:15:12,2026-07-23 05:19:45,0.5,0.05,5.17,0.07583333333333334,"Bitcoin Up or Down - July 23, 1:15AM-1:20AM ET",crypto
?,2026-07-23 05:15:12,2026-07-23 05:19:49,0.5,0.04,3.75,0.07694444444444444,"Bitcoin Up or Down - July 23, 1:15AM-1:20AM ET",crypto
?,2026-07-23 05:15:12,2026-07-23 05:19:48,0.5,0.05,44.44,0.07666666666666666,"Bitcoin Up or Down - July 23, 1:15AM-1:20AM ET",crypto
?,2026-07-23 05:15:12,2026-07-23 05:19:48,0.5,0.05,6.32,0.07666666666666666,"Bitcoin Up or Down - July 23, 1:15AM-1:20AM ET",crypto
?,2026-07-23 05:15:12,2026-07-23 05:19:48,0.5,0.05,6.32,0.07666666666666666,"Bitcoin Up or Down - July 23, 1:15AM-1:20AM ET",crypto
?,2026-07-23 05:15:12,2026-07-23 05:16:16,0.47,0.52,2.19,0.017777777777777778,"Ethereum Up or Down - July 23, 1:15AM-1:30AM ET",crypto
?,2026-07-23 05:15:12,2026-07-23 05:19:37,0.49,0.0608142292,5.0,0.07361111111111111,"Bitcoin Up or Down - July 23, 1:15AM-1:20AM ET",crypto
?,2026-07-23 05:15:12,2026-07-23 05:19:31,0.5,0.12,12.54,0.07194444444444445,"Bitcoin Up or Down - July 23, 1:15AM-1:20AM ET",crypto
?,2026-07-23 05:15:12,2026-07-23 05:19:37,0.49,0.0608142292,40.0,0.07361111111111111,"Bitcoin Up or Down - July 23, 1:15AM-1:20AM ET",crypto
?,2026-07-23 05:15:12,2026-07-23 05:17:46,0.52,0.4494530657,1.923075,0.042777777777777776,"Bitcoin Up or Down - July 23, 1:15AM-1:20AM ET",crypto
?,2026-07-23 05:15:12,2026-07-23 05:15:34,0.48,0.43,0.02,0.006111111111111111,"BNB Up or Down - July 23, 1:15AM-1:30AM ET",other
?,2026-07-23 05:15:12,2026-07-23 05:19:40,0.5,0.07,7.01,0.07444444444444444,"Bitcoin Up or Down - July 23, 1:15AM-1:20AM ET",crypto
?,2026-07-23 05:15:12,2026-07-23 05:19:39,0.5,0.07,2.08,0.07416666666666667,"Bitcoin Up or Down - July 23, 1:15AM-1:20AM ET",crypto
?,2026-07-23 05:15:12,2026-07-23 05:18:42,0.47,0.37,0.02,0.058333333333333334,"Ethereum Up or Down - July 23, 1:15AM-1:30AM ET",crypto
?,2026-07-23 05:15:12,2026-07-23 05:19:45,0.5,0.05,6.0,0.07583333333333334,"Bitcoin Up or Down - July 23, 1:15AM-1:20AM ET",crypto
?,2026-07-23 05:15:12,2026-07-23 05:19:37,0.4899999737,0.0608142292,11.42857,0.07361111111111111,"Bitcoin Up or Down - July 23, 1:15AM-1:20AM ET",crypto
?,2026-07-23 05:15:12,2026-07-23 05:22:27,0.48,0.09,0.02,0.12083333333333333,"BNB Up or Down - July 23, 1:15AM-1:30AM ET",other
?,2026-07-23 05:15:12,2026-07-23 05:22:27,0.48,0.09,0.02,0.12083333333333333,"BNB Up or Down - July 23, 1:15AM-1:30AM ET",other
?,2026-07-23 05:15:12,2026-07-23 05:17:34,0.47,0.51,2.18,0.03944444444444444,"Ethereum Up or Down - July 23, 1:15AM-1:30AM ET",crypto
?,2026-07-23 05:15:12,2026-07-23 05:17:34,0.47,0.51,0.75,0.03944444444444444,"Ethereum Up or Down - July 23, 1:15AM-1:30AM ET",crypto
?,2026-07-23 05:15:12,2026-07-23 05:19:33,0.49,0.0839442712,30.03702100000004,0.0725,"Bitcoin Up or Down - July 23, 1:15AM-1:20AM ET",crypto
?,2026-07-23 05:15:12,2026-07-23 05:19:37,0.5,0.0608142292,2.846004000000015,0.07361111111111111,"Bitcoin Up or Down - July 23, 1:15AM-1:20AM ET",crypto
?,2026-07-23 05:15:12,2026-07-23 05:19:37,0.49,0.0608142292,20.0,0.07361111111111111,"Bitcoin Up or Down - July 23, 1:15AM-1:20AM ET",crypto
?,2026-07-23 05:15:12,2026-07-23 05:19:37,0.5,0.0608142292,5.54,0.07361111111111111,"Bitcoin Up or Down - July 23, 1:15AM-1:20AM ET",crypto
?,2026-07-23 05:15:12,2026-07-23 05:19:37,0.49,0.0608142292,50.0,0.07361111111111111,"Bitcoin Up or Down - July 23, 1:15AM-1:20AM ET",crypto
?,2026-07-23 05:15:12,2026-07-23 05:19:37,0.5,0.0608142292,5.0,0.07361111111111111,"Bitcoin Up or Down - July 23, 1:15AM-1:20AM ET",crypto
?,2026-07-23 05:15:12,2026-07-23 05:19:37,0.5,0.0608142292,5.56,0.07361111111111111,"Bitcoin Up or Down - July 23, 1:15AM-1:20AM ET",crypto
?,2026-07-23 05:15:12,2026-07-23 05:19:37,0.4899999951,0.0608142292,6.122447,0.07361111111111111,"Bitcoin Up or Down - July 23, 1:15AM-1:20AM ET",crypto
?,2026-07-23 05:15:13,2026-07-23 05:17:46,0.51,0.4494530657,6.0,0.0425,"Bitcoin Up or Down - July 23, 1:15AM-1:20AM ET",crypto
?,2026-07-23 05:15:13,2026-07-23 05:17:42,0.449999988,0.50959472,33.333332,0.04138888888888889,"Ethereum Up or Down - July 23, 1:15AM-1:20AM ET",crypto
?,2026-07-23 05:15:13,2026-07-23 05:17:42,0.4499999235,0.50959472,3.266665,0.04138888888888889,"Ethereum Up or Down - July 23, 1:15AM-1:20AM ET",crypto
?,2026-07-23 05:15:13,2026-07-23 05:17:46,0.5099998317,0.4494530657,1.960783,0.0425,"Bitcoin Up or Down - July 23, 1:15AM-1:20AM ET",crypto
?,2026-07-23 05:15:15,2026-07-23 05:19:03,0.4499999974,0.57,39.244097999999994,0.06333333333333334,"Bitcoin Up or Down - July 23, 1:15AM-1:30AM ET",crypto
?,2026-07-23 05:15:15,2026-07-23 05:17:27,0.449999998,0.33,21.73,0.03666666666666667,"Bitcoin Up or Down - July 23, 1:15AM-1:30AM ET",crypto
?,2026-07-23 05:15:15,2026-07-23 05:18:28,0.4499999974,0.52,57.82256700000001,0.05361111111111111,"Bitcoin Up or Down - July 23, 1:15AM-1:30AM ET",crypto
?,2026-07-23 05:15:15,2026-07-23 05:18:28,0.449999998,0.52,30.17743299999999,0.05361111111111111,"Bitcoin Up or Down - July 23, 1:15AM-1:30AM ET",crypto
?,2026-07-23 05:15:15,2026-07-23 05:17:46,0.5099999985,0.4494530657,196.07843,0.041944444444444444,"Bitcoin Up or Down - July 23, 1:15AM-1:20AM ET",crypto
?,2026-07-23 05:15:15,2026-07-23 05:15:52,0.449999998,0.45,2.43,0.010277777777777778,"Bitcoin Up or Down - July 23, 1:15AM-1:30AM ET",crypto
?,2026-07-23 05:15:15,2026-07-23 05:15:52,0.449999998,0.45,2.43,0.010277777777777778,"Bitcoin Up or Down - July 23, 1:15AM-1:30AM ET",crypto
?,2026-07-23 05:15:15,2026-07-23 05:17:48,0.449999998,0.38,0.02,0.0425,"Bitcoin Up or Down - July 23, 1:15AM-1:30AM ET",crypto
?,2026-07-23 05:15:15,2026-07-23 05:18:25,0.449999998,0.52,5.12,0.05277777777777778,"Bitcoin Up or Down - July 23, 1:15AM-1:30AM ET",crypto
?,2026-07-23 05:15:15,2026-07-23 05:17:49,0.449999998,0.35,20.0,0.042777777777777776,"Bitcoin Up or Down - July 23, 1:15AM-1:30AM ET",crypto
?,2026-07-23 05:15:15,2026-07-23 05:15:19,0.449999998,0.4,1.03,0.0011111111111111111,"Bitcoin Up or Down - July 23, 1:15AM-1:30AM ET",crypto
?,2026-07-23 05:15:15,2026-07-23 05:20:48,0.5,0.25,4.960000000000001,0.0925,"Bitcoin Up or Down - July 23, 1:20AM-1:25AM ET",crypto
?,2026-07-23 05:15:15,2026-07-23 05:20:36,0.5,0.4,0.02,0.08916666666666667,"Bitcoin Up or Down - July 23, 1:20AM-1:25AM ET",crypto
?,2026-07-23 05:15:15,2026-07-23 05:20:43,0.5,0.34,0.02,0.09111111111111111,"Bitcoin Up or Down - July 23, 1:20AM-1:25AM ET",crypto
?,2026-07-23 05:15:15,2026-07-23 05:15:19,0.449999998,0.4,0.02,0.0011111111111111111,"Bitcoin Up or Down - July 23, 1:15AM-1:30AM ET",crypto
?,2026-07-23 05:15:15,2026-07-23 05:15:19,0.449999998,0.42,4.729232000000001,0.0011111111111111111,"Bitcoin Up or Down - July 23, 1:15AM-1:30AM ET",crypto
?,2026-07-23 05:15:15,2026-07-23 05:17:39,0.449999998,0.42,33.64,0.04,"Bitcoin Up or Down - July 23, 1:15AM-1:30AM ET",crypto
?,2026-07-23 05:15:15,2026-07-23 05:17:33,0.449999998,0.34,2.94,0.03833333333333333,"Bitcoin Up or Down - July 23, 1:15AM-1:30AM ET",crypto
?,2026-07-23 05:15:16,2026-07-23 05:16:12,0.47,0.21,0.02,0.015555555555555555,"Solana Up or Down - July 23, 1:15AM-1:20AM ET",other
?,2026-07-23 05:15:16,2026-07-23 05:16:12,0.55,0.31,0.02,0.015555555555555555,"Dogecoin Up or Down - July 23, 1:15AM-1:30AM ET",other
?,2026-07-23 05:15:16,2026-07-23 05:16:12,0.47,0.16,0.02,0.015555555555555555,"Solana Up or Down - July 23, 1:15AM-1:20AM ET",other
?,2026-07-23 05:15:16,2026-07-23 05:20:51,0.55,0.41,0.02,0.09305555555555556,"Dogecoin Up or Down - July 23, 1:15AM-1:30AM ET",other
?,2026-07-23 05:15:16,2026-07-23 05:16:12,0.55,0.31,0.02,0.015555555555555555,"Dogecoin Up or Down - July 23, 1:15AM-1:30AM ET",other
?,2026-07-23 05:15:16,2026-07-23 05:16:12,0.47,0.21,0.02,0.015555555555555555,"Solana Up or Down - July 23, 1:15AM-1:20AM ET",other
?,2026-07-23 05:15:16,2026-07-23 05:16:10,0.55,0.54,0.02,0.015,"Dogecoin Up or Down - July 23, 1:15AM-1:30AM ET",other
?,2026-07-23 05:15:16,2026-07-23 05:16:10,0.47,0.41,0.02,0.015,"Solana Up or Down - July 23, 1:15AM-1:20AM ET",other
?,2026-07-23 05:15:16,2026-07-23 05:16:10,0.47,0.41,4.73,0.015,"Solana Up or Down - July 23, 1:15AM-1:20AM ET",other
?,2026-07-23 05:15:16,2026-07-23 05:16:12,0.55,0.31,0.02,0.015555555555555555,"Dogecoin Up or Down - July 23, 1:15AM-1:30AM ET",other
?,2026-07-23 05:15:16,2026-07-23 05:16:12,0.47,0.16,0.02,0.015555555555555555,"Solana Up or Down - July 23, 1:15AM-1:20AM ET",other
?,2026-07-23 05:15:16,2026-07-23 05:16:10,0.47,0.41,0.02,0.015,"Solana Up or Down - July 23, 1:15AM-1:20AM ET",other
?,2026-07-23 05:15:16,2026-07-23 05:16:10,0.54,0.53,1.85185,0.015,"Solana Up or Down - July 23, 1:15AM-1:30AM ET",other
?,2026-07-23 05:15:16,2026-07-23 05:16:10,0.55,0.54,0.02,0.015,"Dogecoin Up or Down - July 23, 1:15AM-1:30AM ET",other
?,2026-07-23 05:15:16,2026-07-23 05:16:10,0.47,0.41,4.73,0.015,"Solana Up or Down - July 23, 1:15AM-1:20AM ET",other
?,2026-07-23 05:15:16,2026-07-23 05:15:19,0.47,0.44,0.02,0.0008333333333333334,"Solana Up or Down - July 23, 1:15AM-1:20AM ET",other
?,2026-07-23 05:15:16,2026-07-23 05:16:12,0.55,0.31,0.02,0.015555555555555555,"Dogecoin Up or Down - July 23, 1:15AM-1:30AM ET",other
?,2026-07-23 05:15:16,2026-07-23 05:17:45,0.44,0.46,0.17477699999999974,0.04138888888888889,"Ethereum Up or Down - July 23, 1:15AM-1:20AM ET",crypto
?,2026-07-23 05:15:16,2026-07-23 05:16:12,0.55,0.21,0.1,0.015555555555555555,"Dogecoin Up or Down - July 23, 1:15AM-1:30AM ET",other
?,2026-07-23 05:15:16,2026-07-23 05:17:48,0.55,0.25,0.02,0.042222222222222223,"Dogecoin Up or Down - July 23, 1:15AM-1:30AM ET",other
?,2026-07-23 05:15:16,2026-07-23 05:17:48,0.44,0.38,0.02,0.042222222222222223,"Ethereum Up or Down - July 23, 1:15AM-1:20AM ET",crypto
?,2026-07-23 05:15:16,2026-07-23 05:17:48,0.47,0.19,0.02,0.042222222222222223,"Solana Up or Down - July 23, 1:15AM-1:20AM ET",other
?,2026-07-23 05:15:16,2026-07-23 05:16:13,0.55,0.21,0.02,0.015833333333333335,"Dogecoin Up or Down - July 23, 1:15AM-1:30AM ET",other
?,2026-07-23 05:15:16,2026-07-23 05:17:46,0.4699999647,0.4494530657,10.191488,0.041666666666666664,"Bitcoin Up or Down - July 23, 1:15AM-1:20AM ET",crypto
?,2026-07-23 05:15:16,2026-07-23 05:17:45,0.45,0.46,1.7052230000000002,0.04138888888888889,"Ethereum Up or Down - July 23, 1:15AM-1:20AM ET",crypto
?,2026-07-23 05:15:16,2026-07-23 05:18:19,0.44,0.66,4.785223000000001,0.050833333333333335,"Ethereum Up or Down - July 23, 1:15AM-1:20AM ET",crypto
?,2026-07-23 05:15:16,2026-07-23 05:19:49,0.47,0.47,9.360000000000003,0.07583333333333334,"Solana Up or Down - July 23, 1:15AM-1:20AM ET",other
?,2026-07-23 05:15:16,2026-07-23 05:17:46,0.47,0.4494530657,20.0,0.041666666666666664,"Bitcoin Up or Down - July 23, 1:15AM-1:20AM ET",crypto
?,2026-07-23 05:15:16,2026-07-23 05:17:42,0.4499999689,0.50959472,11.244443,0.04055555555555555,"Ethereum Up or Down - July 23, 1:15AM-1:20AM ET",crypto
?,2026-07-23 05:15:16,2026-07-23 05:17:46,0.44,0.38,0.02,0.041666666666666664,"Ethereum Up or Down - July 23, 1:15AM-1:20AM ET",crypto
?,2026-07-23 05:15:16,2026-07-23 05:17:42,0.45,0.50959472,8.294777,0.04055555555555555,"Ethereum Up or Down - July 23, 1:15AM-1:20AM ET",crypto
?,2026-07-23 05:15:16,2026-07-23 05:19:49,0.4699998778,0.47,2.127658,0.07583333333333334,"Solana Up or Down - July 23, 1:15AM-1:20AM ET",other
?,2026-07-23 05:15:16,2026-07-23 05:19:30,0.47,0.47,0.02,0.07055555555555555,"Solana Up or Down - July 23, 1:15AM-1:20AM ET",other
?,2026-07-23 05:15:18,2026-07-23 05:19:03,0.439999959,0.57,7.795453,0.0625,"Bitcoin Up or Down - July 23, 1:15AM-1:30AM ET",crypto
?,2026-07-23 05:15:19,2026-07-23 05:17:46,0.459999885,0.4494530657,4.347825,0.04083333333333333,"Bitcoin Up or Down - July 23, 1:15AM-1:20AM ET",crypto
?,2026-07-23 05:15:19,2026-07-23 05:19:03,0.429999828,0.57,2.32558,0.06222222222222222,"Bitcoin Up or Down - July 23, 1:15AM-1:30AM ET",crypto
?,2026-07-23 05:15:21,2026-07-23 05:17:48,0.44083275,0.27,1.98,0.04083333333333333,"Bitcoin Up or Down - July 23, 1:15AM-1:20AM ET",crypto
?,2026-07-23 05:15:21,2026-07-23 05:17:48,0.44083275,0.3,5.0,0.04083333333333333,"Bitcoin Up or Down - July 23, 1:15AM-1:20AM ET",crypto
?,2026-07-23 05:15:21,2026-07-23 05:17:48,0.44083275,0.28,0.02,0.04083333333333333,"Bitcoin Up or Down - July 23, 1:15AM-1:20AM ET",crypto
?,2026-07-23 05:15:21,2026-07-23 05:17:48,0.44083275,0.29,1.85,0.04083333333333333,"Bitcoin Up or Down - July 23, 1:15AM-1:20AM ET",crypto
?,2026-07-23 05:15:21,2026-07-23 05:18:18,0.44083275,0.64,1.98,0.049166666666666664,"Bitcoin Up or Down - July 23, 1:15AM-1:20AM ET",crypto
?,2026-07-23 05:15:21,2026-07-23 05:17:46,0.44083275,0.4494530657,107.871364,0.04027777777777778,"Bitcoin Up or Down - July 23, 1:15AM-1:20AM ET",crypto
?,2026-07-23 05:15:21,2026-07-23 05:19:49,0.4599999495,0.47,1.7623419999999972,0.07444444444444444,"Solana Up or Down - July 23, 1:15AM-1:20AM ET",other
?,2026-07-23 05:15:21,2026-07-23 05:18:22,0.44083275,0.5983272865,281.298636,0.050277777777777775,"Bitcoin Up or Down - July 23, 1:15AM-1:20AM ET",crypto
?,2026-07-23 05:15:21,2026-07-23 05:19:03,0.4099998237,0.57,2.439023,0.06166666666666667,"Bitcoin Up or Down - July 23, 1:15AM-1:30AM ET",crypto
?,2026-07-23 05:15:21,2026-07-23 05:19:03,0.4,0.57,5.0,0.06166666666666667,"Bitcoin Up or Down - July 23, 1:15AM-1:30AM ET",crypto
?,2026-07-23 05:15:21,2026-07-23 05:18:22,0.4199998236,0.5983272865,2.380951,0.050277777777777775,"Bitcoin Up or Down - July 23, 1:15AM-1:20AM ET",crypto
?,2026-07-23 05:15:21,2026-07-23 05:18:22,0.4199998236,0.5983272865,2.380951,0.050277777777777775,"Bitcoin Up or Down - July 23, 1:15AM-1:20AM ET",crypto
?,2026-07-23 05:15:21,2026-07-23 05:18:22,0.42,0.5983272865,5.0,0.050277777777777775,"Bitcoin Up or Down - July 23, 1:15AM-1:20AM ET",crypto
?,2026-07-23 05:15:22,2026-07-23 05:18:22,0.4199999894,0.5983272865,18.90476,0.05,"Bitcoin Up or Down - July 23, 1:15AM-1:20AM ET",crypto
?,2026-07-23 05:15:22,2026-07-23 05:18:19,0.4199999454,0.66,4.761903,0.049166666666666664,"Ethereum Up or Down - July 23, 1:15AM-1:20AM ET",crypto
?,2026-07-23 05:15:22,2026-07-23 05:18:22,0.42,0.5983272865,5.0,0.05,"Bitcoin Up or Down - July 23, 1:15AM-1:20AM ET",crypto
?,2026-07-23 05:15:24,2026-07-23 05:20:49,0.99,0.991,37.76,0.09027777777777778,Will the highest temperature in Hong Kong be 35°C on July 23?,other
?,2026-07-23 05:15:24,2026-07-23 05:18:22,0.4199999272,0.5983272865,7.142856,0.049444444444444444,"Bitcoin Up or Down - July 23, 1:15AM-1:20AM ET",crypto
?,2026-07-23 05:15:24,2026-07-23 05:19:03,0.4,0.57,2.5,0.060833333333333336,"Bitcoin Up or Down - July 23, 1:15AM-1:30AM ET",crypto
?,2026-07-23 05:15:24,2026-07-23 05:19:03,0.4,0.57,2.5,0.060833333333333336,"Bitcoin Up or Down - July 23, 1:15AM-1:30AM ET",crypto
?,2026-07-23 05:15:25,2026-07-23 05:19:03,0.4,0.57,5.195846000000005,0.06055555555555556,"Bitcoin Up or Down - July 23, 1:15AM-1:30AM ET",crypto
?,2026-07-23 05:15:25,2026-07-23 05:15:45,0.33,0.2915105113,8.34,0.005555555555555556,Will the highest temperature in Hong Kong be 33°C on July 23?,other
?,2026-07-23 05:15:25,2026-07-23 05:18:22,0.4399999888,0.5983272865,42.959317,0.049166666666666664,"Bitcoin Up or Down - July 23, 1:15AM-1:20AM ET",crypto
?,2026-07-23 05:15:25,2026-07-23 05:22:42,0.6556156319,0.81,0.41,0.1213888888888889,Will the highest temperature in Hong Kong be 33°C on July 23?,other
?,2026-07-23 05:15:25,2026-07-23 05:18:22,0.4199998236,0.5983272865,2.380951,0.049166666666666664,"Bitcoin Up or Down - July 23, 1:15AM-1:20AM ET",crypto
?,2026-07-23 05:15:25,2026-07-23 05:20:49,0.4,0.74,4.804153999999995,0.09,"Bitcoin Up or Down - July 23, 1:15AM-1:30AM ET",crypto
?,2026-07-23 05:15:25,2026-07-23 05:18:22,0.44,0.5983272865,40.0,0.049166666666666664,"Bitcoin Up or Down - July 23, 1:15AM-1:20AM ET",crypto
?,2026-07-23 05:15:25,2026-07-23 05:22:36,0.6556156319,0.81,12.0,0.11972222222222222,Will the highest temperature in Hong Kong be 33°C on July 23?,other
?,2026-07-23 05:15:27,2026-07-23 05:18:36,0.43,0.6950013388,31.27,0.0525,"Bitcoin Up or Down - July 23, 1:15AM-1:20AM ET",crypto
?,2026-07-23 05:15:27,2026-07-23 05:18:37,0.4289121578,0.74,40.0,0.05277777777777778,"Bitcoin Up or Down - July 23, 1:15AM-1:20AM ET",crypto
?,2026-07-23 05:15:27,2026-07-23 05:18:27,0.44,0.75,3.0,0.05,"Bitcoin Up or Down - July 23, 1:15AM-1:20AM ET",crypto
?,2026-07-23 05:15:27,2026-07-23 05:18:27,0.44,0.75,0.2,0.05,"Bitcoin Up or Down - July 23, 1:15AM-1:20AM ET",crypto
?,2026-07-23 05:15:27,2026-07-23 05:18:28,0.44,0.75,1.82,0.050277777777777775,"Bitcoin Up or Down - July 23, 1:15AM-1:20AM ET",crypto
?,2026-07-23 05:15:27,2026-07-23 05:18:30,0.44,0.73,0.6584220000000374,0.050833333333333335,"Bitcoin Up or Down - July 23, 1:15AM-1:20AM ET",crypto
?,2026-07-23 05:15:27,2026-07-23 05:18:30,0.41,0.73,2.461577999999963,0.050833333333333335,"Bitcoin Up or Down - July 23, 1:15AM-1:20AM ET",crypto
?,2026-07-23 05:15:27,2026-07-23 05:18:30,0.41,0.7260222297,29.69,0.050833333333333335,"Bitcoin Up or Down - July 23, 1:15AM-1:20AM ET",crypto
?,2026-07-23 05:15:27,2026-07-23 05:18:36,0.43,0.6950013388,5.0,0.0525,"Bitcoin Up or Down - July 23, 1:15AM-1:20AM ET",crypto
?,2026-07-23 05:15:27,2026-07-23 05:18:37,0.4289121578,0.74,7.48,0.05277777777777778,"Bitcoin Up or Down - July 23, 1:15AM-1:20AM ET",crypto
?,2026-07-23 05:15:27,2026-07-23 05:18:36,0.4289121578,0.6950013388,522.84,0.0525,"Bitcoin Up or Down - July 23, 1:15AM-1:20AM ET",crypto
?,2026-07-23 05:15:27,2026-07-23 05:18:37,0.4289121578,0.74,39.7,0.05277777777777778,"Bitcoin Up or Down - July 23, 1:15AM-1:20AM ET",crypto
?,2026-07-23 05:15:27,2026-07-23 05:18:36,0.4289121578,0.6950013388,394.785068,0.0525,"Bitcoin Up or Down - July 23, 1:15AM-1:20AM ET",crypto
?,2026-07-23 05:15:27,2026-07-23 05:18:36,0.44,0.6950013388,7.58,0.0525,"Bitcoin Up or Down - July 23, 1:15AM-1:20AM ET",crypto
?,2026-07-23 05:15:27,2026-07-23 05:18:36,0.4270149782,0.6950013388,51.35651,0.0525,"Bitcoin Up or Down - July 23, 1:15AM-1:20AM ET",crypto
?,2026-07-23 05:15:27,2026-07-23 05:18:36,0.43,0.6950013388,10.0,0.0525,"Bitcoin Up or Down - July 23, 1:15AM-1:20AM ET",crypto
?,2026-07-23 05:15:27,2026-07-23 05:18:36,0.41,0.6950013388,2.8484220000000384,0.0525,"Bitcoin Up or Down - July 23, 1:15AM-1:20AM ET",crypto
?,2026-07-23 05:15:27,2026-07-23 05:18:25,0.44,0.71,7.69,0.049444444444444444,"Bitcoin Up or Down - July 23, 1:15AM-1:20AM ET",crypto
?,2026-07-23 05:15:27,2026-07-23 05:18:25,0.44,0.69,1.0,0.049444444444444444,"Bitcoin Up or Down - July 23, 1:15AM-1:20AM ET",crypto
?,2026-07-23 05:15:27,2026-07-23 05:18:22,0.41,0.5983272865,40.0,0.04861111111111111,"Bitcoin Up or Down - July 23, 1:15AM-1:20AM ET",crypto
?,2026-07-23 05:15:27,2026-07-23 05:18:37,0.4289121578,0.73,10.534932000000026,0.05277777777777778,"Bitcoin Up or Down - July 23, 1:15AM-1:20AM ET",crypto
?,2026-07-23 05:15:27,2026-07-23 05:18:37,0.41,0.73,25.0,0.05277777777777778,"Bitcoin Up or Down - July 23, 1:15AM-1:20AM ET",crypto
?,2026-07-23 05:15:27,2026-07-23 05:18:37,0.4289121578,0.74,1.61,0.05277777777777778,"Bitcoin Up or Down - July 23, 1:15AM-1:20AM ET",crypto
?,2026-07-23 05:15:27,2026-07-23 05:18:37,0.43,0.73,20.0,0.05277777777777778,"Bitcoin Up or Down - July 23, 1:15AM-1:20AM ET",crypto
?,2026-07-23 05:15:27,2026-07-23 05:18:37,0.43,0.73,3.0,0.05277777777777778,"Bitcoin Up or Down - July 23, 1:15AM-1:20AM ET",crypto
?,2026-07-23 05:15:27,2026-07-23 05:18:37,0.42,0.73,38.70506799999997,0.05277777777777778,"Bitcoin Up or Down - July 23, 1:15AM-1:20AM ET",crypto
?,2026-07-23 05:15:27,2026-07-23 05:18:37,0.42,0.74,17.29493200000003,0.05277777777777778,"Bitcoin Up or Down - July 23, 1:15AM-1:20AM ET",crypto
?,2026-07-23 05:15:27,2026-07-23 05:18:22,0.44,0.5983272865,26.631577999999962,0.04861111111111111,"Bitcoin Up or Down - July 23, 1:15AM-1:20AM ET",crypto
?,2026-07-23 05:15:27,2026-07-23 05:18:36,0.41,0.6950013388,20.0,0.0525,"Bitcoin Up or Down - July 23, 1:15AM-1:20AM ET",crypto
?,2026-07-23 05:15:27,2026-07-23 05:18:19,0.42,0.66,8.4,0.04777777777777778,"Ethereum Up or Down - July 23, 1:15AM-1:20AM ET",crypto
?,2026-07-23 05:15:27,2026-07-23 05:18:37,0.4289121578,0.74,7.48,0.05277777777777778,"Bitcoin Up or Down - July 23, 1:15AM-1:20AM ET",crypto
?,2026-07-23 05:15:27,2026-07-23 05:18:37,0.4289121578,0.73,97.24,0.05277777777777778,"Bitcoin Up or Down - July 23, 1:15AM-1:20AM ET",crypto
?,2026-07-23 05:15:28,2026-07-23 05:18:37,0.45,0.74,17.40506799999997,0.0525,"Bitcoin Up or Down - July 23, 1:15AM-1:20AM ET",crypto
?,2026-07-23 05:15:28,2026-07-23 05:18:42,0.45,0.74,5.0,0.05388888888888889,"Bitcoin Up or Down - July 23, 1:15AM-1:20AM ET",crypto
?,2026-07-23 05:15:28,2026-07-23 05:18:37,0.45,0.74,40.0,0.0525,"Bitcoin Up or Down - July 23, 1:15AM-1:20AM ET",crypto
?,2026-07-23 05:15:28,2026-07-23 05:18:37,0.45,0.74,1.61,0.0525,"Bitcoin Up or Down - July 23, 1:15AM-1:20AM ET",crypto
?,2026-07-23 05:15:28,2026-07-23 05:18:37,0.45,0.74,5.0,0.0525,"Bitcoin Up or Down - July 23, 1:15AM-1:20AM ET",crypto
?,2026-07-23 05:15:28,2026-07-23 05:18:42,0.45,0.74,5.0,0.05388888888888889,"Bitcoin Up or Down - July 23, 1:15AM-1:20AM ET",crypto
?,2026-07-23 05:15:28,2026-07-23 05:22:58,0.41,0.7,0.02,0.125,"Bitcoin Up or Down - July 23, 1:15AM-1:30AM ET",crypto
?,2026-07-23 05:15:28,2026-07-23 05:18:43,0.41,0.8252788616,68.79,0.05416666666666667,"Bitcoin Up or Down - July 23, 1:15AM-1:20AM ET",crypto
?,2026-07-23 05:15:28,2026-07-23 05:22:57,0.41,0.75,0.02,0.12472222222222222,"Bitcoin Up or Down - July 23, 1:15AM-1:30AM ET",crypto
?,2026-07-23 05:15:28,2026-07-23 05:22:55,0.41,0.79,1.61,0.12416666666666666,"Bitcoin Up or Down - July 23, 1:15AM-1:30AM ET",crypto
?,2026-07-23 05:15:28,2026-07-23 05:22:55,0.41,0.77,0.02,0.12416666666666666,"Bitcoin Up or Down - July 23, 1:15AM-1:30AM ET",crypto
?,2026-07-23 05:15:28,2026-07-23 05:22:46,0.41,0.79,0.01,0.12166666666666667,"Bitcoin Up or Down - July 23, 1:15AM-1:30AM ET",crypto
?,2026-07-23 05:15:28,2026-07-23 05:22:43,0.41,0.79,0.02,0.12083333333333333,"Bitcoin Up or Down - July 23, 1:15AM-1:30AM ET",crypto
?,2026-07-23 05:15:28,2026-07-23 05:20:51,0.41,0.74,0.02,0.08972222222222222,"Bitcoin Up or Down - July 23, 1:15AM-1:30AM ET",crypto
?,2026-07-23 05:15:28,2026-07-23 05:20:51,0.41,0.74,2.42,0.08972222222222222,"Bitcoin Up or Down - July 23, 1:15AM-1:30AM ET",crypto
?,2026-07-23 05:15:28,2026-07-23 05:20:49,0.41,0.74,3.6758460000000053,0.08916666666666667,"Bitcoin Up or Down - July 23, 1:15AM-1:30AM ET",crypto
?,2026-07-23 05:15:28,2026-07-23 05:18:19,0.4199998778,0.66,2.619046,0.0475,"Ethereum Up or Down - July 23, 1:15AM-1:20AM ET",crypto
?,2026-07-23 05:15:28,2026-07-23 05:18:43,0.45,0.8252788616,30.98493200000003,0.05416666666666667,"Bitcoin Up or Down - July 23, 1:15AM-1:20AM ET",crypto
?,2026-07-23 05:15:28,2026-07-23 05:18:43,0.4399998603,0.8252788616,2.863635,0.05416666666666667,"Bitcoin Up or Down - July 23, 1:15AM-1:20AM ET",crypto
?,2026-07-23 05:15:28,2026-07-23 05:18:43,0.44,0.8252788616,40.0,0.05416666666666667,"Bitcoin Up or Down - July 23, 1:15AM-1:20AM ET",crypto
?,2026-07-23 05:15:28,2026-07-23 05:18:43,0.45,0.8252788616,10.0,0.05416666666666667,"Bitcoin Up or Down - July 23, 1:15AM-1:20AM ET",crypto
?,2026-07-23 05:15:28,2026-07-23 05:18:43,0.4299999657,0.8252788616,11.069766,0.05416666666666667,"Bitcoin Up or Down - July 23, 1:15AM-1:20AM ET",crypto
?,2026-07-23 05:15:30,2026-07-23 05:18:43,0.4499999955,0.8252788616,111.11111,0.05361111111111111,"Bitcoin Up or Down - July 23, 1:15AM-1:20AM ET",crypto
?,2026-07-23 05:15:30,2026-07-23 05:18:43,0.4899999996,0.8252788616,84.742447,0.05361111111111111,"Bitcoin Up or Down - July 23, 1:15AM-1:20AM ET",crypto
?,2026-07-23 05:15:31,2026-07-23 05:18:19,0.4199999272,0.66,7.142856,0.04666666666666667,"Ethereum Up or Down - July 23, 1:15AM-1:20AM ET",crypto
?,2026-07-23 05:15:31,2026-07-23 05:18:19,0.4199999899,0.66,23.809522,0.04666666666666667,"Ethereum Up or Down - July 23, 1:15AM-1:20AM ET",crypto
?,2026-07-23 05:15:31,2026-07-23 05:19:25,0.4699331707,0.87,7.0,0.065,"Bitcoin Up or Down - July 23, 1:15AM-1:20AM ET",crypto
?,2026-07-23 05:15:31,2026-07-23 05:19:25,0.4699331707,0.907348,138.56189000000012,0.065,"Bitcoin Up or Down - July 23, 1:15AM-1:20AM ET",crypto
?,2026-07-23 05:15:31,2026-07-23 05:18:19,0.4199998778,0.66,2.619046,0.04666666666666667,"Ethereum Up or Down - July 23, 1:15AM-1:20AM ET",crypto
?,2026-07-23 05:15:31,2026-07-23 05:18:19,0.4199999612,0.66,7.214284,0.04666666666666667,"Ethereum Up or Down - July 23, 1:15AM-1:20AM ET",crypto
?,2026-07-23 05:15:31,2026-07-23 05:18:46,0.4699331707,0.84,5.43,0.05416666666666667,"Bitcoin Up or Down - July 23, 1:15AM-1:20AM ET",crypto
?,2026-07-23 05:15:31,2026-07-23 05:18:54,0.4699331707,0.74,19.17,0.05638888888888889,"Bitcoin Up or Down - July 23, 1:15AM-1:20AM ET",crypto
?,2026-07-23 05:15:31,2026-07-23 05:19:00,0.4699331707,0.81,3.12,0.058055555555555555,"Bitcoin Up or Down - July 23, 1:15AM-1:20AM ET",crypto
?,2026-07-23 05:15:31,2026-07-23 05:19:03,0.4699331707,0.85,14.87,0.058888888888888886,"Bitcoin Up or Down - July 23, 1:15AM-1:20AM ET",crypto
?,2026-07-23 05:15:31,2026-07-23 05:18:52,0.4699331707,0.74,8.0,0.05583333333333333,"Bitcoin Up or Down - July 23, 1:15AM-1:20AM ET",crypto
?,2026-07-23 05:15:31,2026-07-23 05:18:48,0.4699331707,0.81,8.21,0.05472222222222222,"Bitcoin Up or Down - July 23, 1:15AM-1:20AM ET",crypto
?,2026-07-23 05:15:31,2026-07-23 05:18:43,0.4699331707,0.8252788616,392.13,0.05333333333333334,"Bitcoin Up or Down - July 23, 1:15AM-1:20AM ET",crypto
?,2026-07-23 05:15:31,2026-07-23 05:18:43,0.4699331707,0.8252788616,32.56810999999996,0.05333333333333334,"Bitcoin Up or Down - July 23, 1:15AM-1:20AM ET",crypto
?,2026-07-23 05:15:31,2026-07-23 05:18:48,0.4699331707,0.81,8.21,0.05472222222222222,"Bitcoin Up or Down - July 23, 1:15AM-1:20AM ET",crypto
?,2026-07-23 05:15:31,2026-07-23 05:19:03,0.4699331707,0.83,16.66,0.058888888888888886,"Bitcoin Up or Down - July 23, 1:15AM-1:20AM ET",crypto
?,2026-07-23 05:15:31,2026-07-23 05:18:48,0.4699331707,0.81,5.0,0.05472222222222222,"Bitcoin Up or Down - July 23, 1:15AM-1:20AM ET",crypto
?,2026-07-23 05:15:31,2026-07-23 05:18:46,0.4699331707,0.84,5.43,0.05416666666666667,"Bitcoin Up or Down - July 23, 1:15AM-1:20AM ET",crypto
?,2026-07-23 05:15:31,2026-07-23 05:18:57,0.4699331707,0.76,3.92,0.05722222222222222,"Bitcoin Up or Down - July 23, 1:15AM-1:20AM ET",crypto
?,2026-07-23 05:15:31,2026-07-23 05:18:55,0.4699331707,0.71,294.09,0.056666666666666664,"Bitcoin Up or Down - July 23, 1:15AM-1:20AM ET",crypto
?,2026-07-23 05:15:31,2026-07-23 05:19:07,0.4699331707,0.86,4.34,0.06,"Bitcoin Up or Down - July 23, 1:15AM-1:20AM ET",crypto
?,2026-07-23 05:15:31,2026-07-23 05:18:48,0.4699331707,0.81,5.0,0.05472222222222222,"Bitcoin Up or Down - July 23, 1:15AM-1:20AM ET",crypto
?,2026-07-23 05:15:31,2026-07-23 05:18:58,0.4699331707,0.81,1.23,0.0575,"Bitcoin Up or Down - July 23, 1:15AM-1:20AM ET",crypto
?,2026-07-23 05:15:31,2026-07-23 05:18:52,0.4699331707,0.74,2.68,0.05583333333333333,"Bitcoin Up or Down - July 23, 1:15AM-1:20AM ET",crypto
?,2026-07-23 05:15:33,2026-07-23 05:18:19,0.4199998236,0.66,2.380951,0.04611111111111111,"Ethereum Up or Down - July 23, 1:15AM-1:20AM ET",crypto
?,2026-07-23 05:15:33,2026-07-23 05:18:28,0.309824907,0.303,5.0,0.04861111111111111,Will the highest temperature in Hong Kong be 34°C on July 23?,other
?,2026-07-23 05:15:33,2026-07-23 05:18:49,0.309824907,0.3,0.6899999999999977,0.05444444444444444,Will the highest temperature in Hong Kong be 34°C on July 23?,other
?,2026-07-23 05:15:33,2026-07-23 05:19:27,0.45,0.8769465476,19.52580200000012,0.065,"Bitcoin Up or Down - July 23, 1:15AM-1:20AM ET",crypto
?,2026-07-23 05:15:33,2026-07-23 05:19:25,0.45,0.907348,9.264197999999881,0.06444444444444444,"Bitcoin Up or Down - July 23, 1:15AM-1:20AM ET",crypto
?,2026-07-23 05:15:33,2026-07-23 05:19:25,0.4599997608,0.907348,2.173912,0.06444444444444444,"Bitcoin Up or Down - July 23, 1:15AM-1:20AM ET",crypto
?,2026-07-23 05:15:33,2026-07-23 05:17:25,0.309824907,0.301,40.0,0.03111111111111111,Will the highest temperature in Hong Kong be 34°C on July 23?,other
?,2026-07-23 05:15:34,2026-07-23 05:19:27,0.46,0.8769465476,20.23,0.06472222222222222,"Bitcoin Up or Down - July 23, 1:15AM-1:20AM ET",crypto
?,2026-07-23 05:15:34,2026-07-23 05:19:27,0.48,0.8769465476,5.1875,0.06472222222222222,"Bitcoin Up or Down - July 23, 1:15AM-1:20AM ET",crypto
?,2026-07-23 05:15:34,2026-07-23 05:19:27,0.47,0.8769465476,10.0,0.06472222222222222,"Bitcoin Up or Down - July 23, 1:15AM-1:20AM ET",crypto
?,2026-07-23 05:15:36,2026-07-23 05:19:39,0.4699999997,0.9214398848,69.45,0.0675,"Bitcoin Up or Down - July 23, 1:15AM-1:20AM ET",crypto
?,2026-07-23 05:15:36,2026-07-23 05:19:40,0.4699999997,0.93,2.12,0.06777777777777778,"Bitcoin Up or Down - July 23, 1:15AM-1:20AM ET",crypto
?,2026-07-23 05:15:36,2026-07-23 05:19:42,0.4699999997,0.94,2.18,0.06833333333333333,"Bitcoin Up or Down - July 23, 1:15AM-1:20AM ET",crypto
?,2026-07-23 05:15:36,2026-07-23 05:19:45,0.4699999997,0.94,10.63,0.06916666666666667,"Bitcoin Up or Down - July 23, 1:15AM-1:20AM ET",crypto
?,2026-07-23 05:15:36,2026-07-23 05:19:34,0.4699999997,0.92,26.31,0.0661111111111111,"Bitcoin Up or Down - July 23, 1:15AM-1:20AM ET",crypto
?,2026-07-23 05:15:36,2026-07-23 05:20:36,0.47,0.99,5.0,0.08333333333333333,"Bitcoin Up or Down - July 23, 1:15AM-1:20AM ET",crypto
?,2026-07-23 05:15:36,2026-07-23 05:20:36,0.4699999997,0.99,48.18521500000011,0.08333333333333333,"Bitcoin Up or Down - July 23, 1:15AM-1:20AM ET",crypto
?,2026-07-23 05:15:36,2026-07-23 05:19:45,0.4699999997,0.94,10.0,0.06916666666666667,"Bitcoin Up or Down - July 23, 1:15AM-1:20AM ET",crypto
?,2026-07-23 05:15:36,2026-07-23 05:19:48,0.4699999997,0.94,5.21,0.07,"Bitcoin Up or Down - July 23, 1:15AM-1:20AM ET",crypto
?,2026-07-23 05:15:36,2026-07-23 05:19:33,0.4699999997,0.92,5.26,0.06583333333333333,"Bitcoin Up or Down - July 23, 1:15AM-1:20AM ET",crypto
?,2026-07-23 05:15:36,2026-07-23 05:19:46,0.4699999997,0.94,3.4,0.06944444444444445,"Bitcoin Up or Down - July 23, 1:15AM-1:20AM ET",crypto
?,2026-07-23 05:15:36,2026-07-23 05:15:45,0.02,0.007695479,10.0,0.0025,Will the highest temperature in Beijing be 25°C on July 23?,other
?,2026-07-23 05:15:36,2026-07-23 05:19:30,0.4699999997,0.88,55.85,0.065,"Bitcoin Up or Down - July 23, 1:15AM-1:20AM ET",crypto
?,2026-07-23 05:15:36,2026-07-23 05:16:10,0.5599999776,0.53,3.1481500000000002,0.009444444444444445,"Solana Up or Down - July 23, 1:15AM-1:30AM ET",other
?,2026-07-23 05:15:36,2026-07-23 05:19:28,0.4699999997,0.88,21.31,0.06444444444444444,"Bitcoin Up or Down - July 23, 1:15AM-1:20AM ET",crypto
?,2026-07-23 05:15:36,2026-07-23 05:19:27,0.4699999997,0.8769465476,165.6266979999999,0.06416666666666666,"Bitcoin Up or Down - July 23, 1:15AM-1:20AM ET",crypto
?,2026-07-23 05:15:37,2026-07-23 05:15:45,0.99,0.984,6.0,0.0022222222222222222,Will the highest temperature in Munich be 21°C on July 23?,other
?,2026-07-23 05:15:37,2026-07-23 05:20:36,0.48,0.99,5.0,0.08305555555555555,"Bitcoin Up or Down - July 23, 1:15AM-1:20AM ET",crypto
?,2026-07-23 05:15:37,2026-07-23 05:20:36,0.4811300783,0.99,207.844,0.08305555555555555,"Bitcoin Up or Down - July 23, 1:15AM-1:20AM ET",crypto
?,2026-07-23 05:15:39,2026-07-23 05:20:48,0.5,0.25,5.0,0.08583333333333333,"Bitcoin Up or Down - July 23, 1:20AM-1:25AM ET",crypto
?,2026-07-23 05:15:39,2026-07-23 05:20:36,0.49,0.99,20.0,0.0825,"Bitcoin Up or Down - July 23, 1:15AM-1:20AM ET",crypto
?,2026-07-23 05:15:39,2026-07-23 05:18:19,0.4199998236,0.66,2.380951,0.044444444444444446,"Ethereum Up or Down - July 23, 1:15AM-1:20AM ET",crypto
?,2026-07-23 05:15:39,2026-07-23 05:20:36,0.48,0.99,37.81,0.0825,"Bitcoin Up or Down - July 23, 1:15AM-1:20AM ET",crypto
?,2026-07-23 05:15:39,2026-07-23 05:20:36,0.5,0.99,5.0,0.0825,"Bitcoin Up or Down - July 23, 1:15AM-1:20AM ET",crypto
?,2026-07-23 05:15:39,2026-07-23 05:20:36,0.49,0.99,5.0,0.0825,"Bitcoin Up or Down - July 23, 1:15AM-1:20AM ET",crypto
?,2026-07-23 05:15:39,2026-07-23 05:20:36,0.5,0.99,23.0,0.0825,"Bitcoin Up or Down - July 23, 1:15AM-1:20AM ET",crypto
?,2026-07-23 05:15:40,2026-07-23 05:20:36,0.4968333333,0.99,120.0,0.08222222222222222,"Bitcoin Up or Down - July 23, 1:15AM-1:20AM ET",crypto
?,2026-07-23 05:15:40,2026-07-23 05:20:36,0.52,0.99,40.0,0.08222222222222222,"Bitcoin Up or Down - July 23, 1:15AM-1:20AM ET",crypto
?,2026-07-23 05:15:40,2026-07-23 05:18:19,0.43,0.66,5.0,0.04416666666666667,"Ethereum Up or Down - July 23, 1:15AM-1:20AM ET",crypto
?,2026-07-23 05:15:40,2026-07-23 05:20:36,0.51,0.99,27.0,0.08222222222222222,"Bitcoin Up or Down - July 23, 1:15AM-1:20AM ET",crypto
?,2026-07-23 05:15:40,2026-07-23 05:18:19,0.42,0.66,14.13,0.04416666666666667,"Ethereum Up or Down - July 23, 1:15AM-1:20AM ET",crypto
?,2026-07-23 05:15:40,2026-07-23 05:18:19,0.4199999381,0.66,9.047618,0.04416666666666667,"Ethereum Up or Down - July 23, 1:15AM-1:20AM ET",crypto
?,2026-07-23 05:15:40,2026-07-23 05:18:21,0.42,0.66,5.0,0.04472222222222222,"Ethereum Up or Down - July 23, 1:15AM-1:20AM ET",crypto
?,2026-07-23 05:15:40,2026-07-23 05:20:36,0.52,0.99,120.0,0.08222222222222222,"Bitcoin Up or Down - July 23, 1:15AM-1:20AM ET",crypto
?,2026-07-23 05:15:40,2026-07-23 05:18:21,0.42,0.66,4.352826000000022,0.04472222222222222,"Ethereum Up or Down - July 23, 1:15AM-1:20AM ET",crypto
?,2026-07-23 05:15:40,2026-07-23 05:20:36,0.5037290762,0.99,198.51941,0.08222222222222222,"Bitcoin Up or Down - July 23, 1:15AM-1:20AM ET",crypto
?,2026-07-23 05:15:40,2026-07-23 05:18:21,0.42,0.66,4.047173999999979,0.04472222222222222,"Ethereum Up or Down - July 23, 1:15AM-1:20AM ET",crypto
?,2026-07-23 05:15:40,2026-07-23 05:18:21,0.4199999246,0.66,3.1547320000000205,0.04472222222222222,"Ethereum Up or Down - July 23, 1:15AM-1:20AM ET",crypto
?,2026-07-23 05:15:40,2026-07-23 05:20:36,0.52,0.99,12.27,0.08222222222222222,"Bitcoin Up or Down - July 23, 1:15AM-1:20AM ET",crypto
?,2026-07-23 05:15:40,2026-07-23 05:18:19,0.4199999246,0.66,2.67859999999998,0.04416666666666667,"Ethereum Up or Down - July 23, 1:15AM-1:20AM ET",crypto
?,2026-07-23 05:15:40,2026-07-23 05:20:36,0.52,0.99,51.923075,0.08222222222222222,"Bitcoin Up or Down - July 23, 1:15AM-1:20AM ET",crypto
?,2026-07-23 05:15:40,2026-07-23 05:18:21,0.4199999084,0.66,5.238094,0.04472222222222222,"Ethereum Up or Down - July 23, 1:15AM-1:20AM ET",crypto
?,2026-07-23 05:15:40,2026-07-23 05:20:36,0.5,0.99,297.38,0.08222222222222222,"Bitcoin Up or Down - July 23, 1:15AM-1:20AM ET",crypto
?,2026-07-23 05:15:42,2026-07-23 05:19:49,0.4395246585,0.96,1.85,0.06861111111111111,"Ethereum Up or Down - July 23, 1:15AM-1:20AM ET",crypto
?,2026-07-23 05:15:42,2026-07-23 05:18:46,0.25,0.2333760972,1.1899999999999995,0.051111111111111114,Will the highest temperature in Beijing be 28°C on July 23?,other
?,2026-07-23 05:15:42,2026-07-23 05:18:46,0.25,0.2333760972,14.81,0.051111111111111114,Will the highest temperature in Beijing be 28°C on July 23?,other
?,2026-07-23 05:15:42,2026-07-23 05:18:24,0.4395246585,0.67,19.6,0.045,"Ethereum Up or Down - July 23, 1:15AM-1:20AM ET",crypto
?,2026-07-23 05:15:42,2026-07-23 05:20:36,0.5299999821,0.99,21.207546,0.08166666666666667,"Bitcoin Up or Down - July 23, 1:15AM-1:20AM ET",crypto
?,2026-07-23 05:15:42,2026-07-23 05:18:21,0.4395246585,0.66,3.0671739999999783,0.04416666666666667,"Ethereum Up or Down - July 23, 1:15AM-1:20AM ET",crypto
?,2026-07-23 05:15:42,2026-07-23 05:20:36,0.52,0.99,15.0,0.08166666666666667,"Bitcoin Up or Down - July 23, 1:15AM-1:20AM ET",crypto
?,2026-07-23 05:15:42,2026-07-23 05:19:30,0.4395246585,0.86,5.0,0.06333333333333334,"Ethereum Up or Down - July 23, 1:15AM-1:20AM ET",crypto
?,2026-07-23 05:15:42,2026-07-23 05:18:21,0.4395246585,0.66,12.72,0.04416666666666667,"Ethereum Up or Down - July 23, 1:15AM-1:20AM ET",crypto
?,2026-07-23 05:15:42,2026-07-23 05:19:24,0.4395246585,0.86,19.33,0.06166666666666667,"Ethereum Up or Down - July 23, 1:15AM-1:20AM ET",crypto
?,2026-07-23 05:15:43,2026-07-23 05:20:36,0.53,0.99,5.9,0.08138888888888889,"Bitcoin Up or Down - July 23, 1:15AM-1:20AM ET",crypto
?,2026-07-23 05:15:43,2026-07-23 05:20:36,0.53,0.99,5.0,0.08138888888888889,"Bitcoin Up or Down - July 23, 1:15AM-1:20AM ET",crypto
?,2026-07-23 05:15:43,2026-07-23 05:18:46,0.2649758276,0.2333760972,13.435184,0.050833333333333335,Will the highest temperature in Beijing be 28°C on July 23?,other
?,2026-07-23 05:15:43,2026-07-23 05:20:36,0.5299998781,0.99,1.886791,0.08138888888888889,"Bitcoin Up or Down - July 23, 1:15AM-1:20AM ET",crypto
?,2026-07-23 05:15:45,2026-07-23 05:20:36,0.52,0.99,13.0,0.08083333333333333,"Bitcoin Up or Down - July 23, 1:15AM-1:20AM ET",crypto
?,2026-07-23 05:15:45,2026-07-23 05:16:06,0.2,0.17,0.39,0.005833333333333334,Will the highest temperature in Shanghai be 35°C on July 23?,other
?,2026-07-23 05:15:45,2026-07-23 05:16:06,0.2,0.17,0.39,0.005833333333333334,Will the highest temperature in Shanghai be 35°C on July 23?,other
?,2026-07-23 05:15:45,2026-07-23 05:20:48,0.2,0.19,1.09,0.08416666666666667,Will the highest temperature in Shanghai be 35°C on July 23?,other
?,2026-07-23 05:15:45,2026-07-23 05:20:39,0.2,0.2,2.86,0.08166666666666667,Will the highest temperature in Shanghai be 35°C on July 23?,other
?,2026-07-23 05:15:46,2026-07-23 05:16:19,0.998,0.997,751.46,0.009166666666666667,Will Yariv Levin be the next Prime Minister of Israel?,iran_israel
?,2026-07-23 05:15:48,2026-07-23 05:16:06,0.02,0.005,37.78,0.005,Will the highest temperature in Beijing be 25°C on July 23?,other
?,2026-07-23 05:15:49,2026-07-23 05:20:36,0.5299999936,0.99,47.16981,0.07972222222222222,"Bitcoin Up or Down - July 23, 1:15AM-1:20AM ET",crypto
?,2026-07-23 05:15:52,2026-07-23 05:20:36,0.5299999983,0.99,188.679244,0.07888888888888888,"Bitcoin Up or Down - July 23, 1:15AM-1:20AM ET",crypto
?,2026-07-23 05:15:52,2026-07-23 05:20:36,0.5299999983,0.99,188.679244,0.07888888888888888,"Bitcoin Up or Down - July 23, 1:15AM-1:20AM ET",crypto
?,2026-07-23 05:15:54,2026-07-23 05:20:36,0.55,0.99,5.0,0.07833333333333334,"Bitcoin Up or Down - July 23, 1:15AM-1:20AM ET",crypto
?,2026-07-23 05:15:54,2026-07-23 05:20:36,0.5599999913,0.99,4.589284,0.07833333333333334,"Bitcoin Up or Down - July 23, 1:15AM-1:20AM ET",crypto
?,2026-07-23 05:15:54,2026-07-23 05:20:36,0.55,0.99,120.0,0.07833333333333334,"Bitcoin Up or Down - July 23, 1:15AM-1:20AM ET",crypto
?,2026-07-23 05:15:54,2026-07-23 05:20:36,0.55,0.99,5.0,0.07833333333333334,"Bitcoin Up or Down - July 23, 1:15AM-1:20AM ET",crypto
?,2026-07-23 05:15:54,2026-07-23 05:20:36,0.5599999399,0.99,4.660713,0.07833333333333334,"Bitcoin Up or Down - July 23, 1:15AM-1:20AM ET",crypto
?,2026-07-23 05:15:54,2026-07-23 05:20:36,0.5399999993,0.99,370.370369,0.07833333333333334,"Bitcoin Up or Down - July 23, 1:15AM-1:20AM ET",crypto
?,2026-07-23 05:15:54,2026-07-23 05:20:36,0.55,0.99,5.0,0.07833333333333334,"Bitcoin Up or Down - July 23, 1:15AM-1:20AM ET",crypto
?,2026-07-23 05:15:54,2026-07-23 05:20:36,0.5599999614,0.99,5.17857,0.07833333333333334,"Bitcoin Up or Down - July 23, 1:15AM-1:20AM ET",crypto
?,2026-07-23 05:15:54,2026-07-23 05:20:36,0.5599999614,0.99,5.17857,0.07833333333333334,"Bitcoin Up or Down - July 23, 1:15AM-1:20AM ET",crypto
?,2026-07-23 05:15:54,2026-07-23 05:20:36,0.55,0.99,120.0,0.07833333333333334,"Bitcoin Up or Down - July 23, 1:15AM-1:20AM ET",crypto
?,2026-07-23 05:15:54,2026-07-23 05:20:36,0.55,0.99,5.0,0.07833333333333334,"Bitcoin Up or Down - July 23, 1:15AM-1:20AM ET",crypto
?,2026-07-23 05:15:54,2026-07-23 05:20:36,0.5303702432,0.99,282.821295,0.07833333333333334,"Bitcoin Up or Down - July 23, 1:15AM-1:20AM ET",crypto
?,2026-07-23 05:15:54,2026-07-23 05:20:36,0.5303702432,0.99,282.821295,0.07833333333333334,"Bitcoin Up or Down - July 23, 1:15AM-1:20AM ET",crypto
?,2026-07-23 05:15:54,2026-07-23 05:20:36,0.5399999993,0.99,370.370369,0.07833333333333334,"Bitcoin Up or Down - July 23, 1:15AM-1:20AM ET",crypto
?,2026-07-23 05:15:54,2026-07-23 05:20:36,0.559999988,0.99,23.410713,0.07833333333333334,"Bitcoin Up or Down - July 23, 1:15AM-1:20AM ET",crypto
?,2026-07-23 05:15:54,2026-07-23 05:20:36,0.5599999225,0.99,4.642856,0.07833333333333334,"Bitcoin Up or Down - July 23, 1:15AM-1:20AM ET",crypto
?,2026-07-23 05:15:54,2026-07-23 05:20:36,0.5599999155,0.99,4.73214,0.07833333333333334,"Bitcoin Up or Down - July 23, 1:15AM-1:20AM ET",crypto
?,2026-07-23 05:15:54,2026-07-23 05:20:36,0.5599999225,0.99,4.642856,0.07833333333333334,"Bitcoin Up or Down - July 23, 1:15AM-1:20AM ET",crypto
?,2026-07-23 05:15:54,2026-07-23 05:20:36,0.559999988,0.99,23.410713,0.07833333333333334,"Bitcoin Up or Down - July 23, 1:15AM-1:20AM ET",crypto
?,2026-07-23 05:15:54,2026-07-23 05:20:36,0.5599999155,0.99,4.73214,0.07833333333333334,"Bitcoin Up or Down - July 23, 1:15AM-1:20AM ET",crypto
?,2026-07-23 05:15:54,2026-07-23 05:20:36,0.5599999913,0.99,4.589284,0.07833333333333334,"Bitcoin Up or Down - July 23, 1:15AM-1:20AM ET",crypto
?,2026-07-23 05:15:54,2026-07-23 05:20:36,0.5599999399,0.99,4.660713,0.07833333333333334,"Bitcoin Up or Down - July 23, 1:15AM-1:20AM ET",crypto
?,2026-07-23 05:15:55,2026-07-23 05:20:36,0.56,0.99,20.0,0.07805555555555556,"Bitcoin Up or Down - July 23, 1:15AM-1:20AM ET",crypto
?,2026-07-23 05:15:55,2026-07-23 05:20:36,0.57,0.99,10.0,0.07805555555555556,"Bitcoin Up or Down - July 23, 1:15AM-1:20AM ET",crypto
?,2026-07-23 05:15:55,2026-07-23 05:20:36,0.57,0.99,10.0,0.07805555555555556,"Bitcoin Up or Down - July 23, 1:15AM-1:20AM ET",crypto
?,2026-07-23 05:15:55,2026-07-23 05:20:36,0.5599999399,0.99,4.660713,0.07805555555555556,"Bitcoin Up or Down - July 23, 1:15AM-1:20AM ET",crypto
?,2026-07-23 05:15:55,2026-07-23 05:20:36,0.5499999906,0.99,42.490908,0.07805555555555556,"Bitcoin Up or Down - July 23, 1:15AM-1:20AM ET",crypto
?,2026-07-23 05:15:55,2026-07-23 05:20:36,0.55,0.99,12.0,0.07805555555555556,"Bitcoin Up or Down - July 23, 1:15AM-1:20AM ET",crypto
?,2026-07-23 05:15:55,2026-07-23 05:20:36,0.55,0.99,90.0,0.07805555555555556,"Bitcoin Up or Down - July 23, 1:15AM-1:20AM ET",crypto
?,2026-07-23 05:15:55,2026-07-23 05:20:36,0.55,0.99,12.0,0.07805555555555556,"Bitcoin Up or Down - July 23, 1:15AM-1:20AM ET",crypto
?,2026-07-23 05:15:55,2026-07-23 05:20:36,0.5599999399,0.99,4.660713,0.07805555555555556,"Bitcoin Up or Down - July 23, 1:15AM-1:20AM ET",crypto
?,2026-07-23 05:15:55,2026-07-23 05:20:36,0.55,0.99,106.66,0.07805555555555556,"Bitcoin Up or Down - July 23, 1:15AM-1:20AM ET",crypto
?,2026-07-23 05:15:55,2026-07-23 05:20:36,0.55,0.99,90.0,0.07805555555555556,"Bitcoin Up or Down - July 23, 1:15AM-1:20AM ET",crypto
?,2026-07-23 05:15:55,2026-07-23 05:20:36,0.55,0.99,106.66,0.07805555555555556,"Bitcoin Up or Down - July 23, 1:15AM-1:20AM ET",crypto
?,2026-07-23 05:15:55,2026-07-23 05:20:36,0.56,0.99,20.0,0.07805555555555556,"Bitcoin Up or Down - July 23, 1:15AM-1:20AM ET",crypto
?,2026-07-23 05:15:55,2026-07-23 05:20:36,0.5499999906,0.99,42.490908,0.07805555555555556,"Bitcoin Up or Down - July 23, 1:15AM-1:20AM ET",crypto
?,2026-07-23 05:15:57,2026-07-23 05:20:36,0.56,0.99,120.0,0.0775,"Bitcoin Up or Down - July 23, 1:15AM-1:20AM ET",crypto
?,2026-07-23 05:15:57,2026-07-23 05:20:36,0.56,0.99,120.0,0.0775,"Bitcoin Up or Down - July 23, 1:15AM-1:20AM ET",crypto
?,2026-07-23 05:16:00,2026-07-23 05:20:36,0.5599999664,0.99,3.571427,0.07666666666666666,"Bitcoin Up or Down - July 23, 1:15AM-1:20AM ET",crypto
?,2026-07-23 05:16:00,2026-07-23 05:20:36,0.5599999664,0.99,3.571427,0.07666666666666666,"Bitcoin Up or Down - July 23, 1:15AM-1:20AM ET",crypto
?,2026-07-23 05:16:00,2026-07-23 05:20:36,0.5599998432,0.99,1.785713,0.07666666666666666,"Bitcoin Up or Down - July 23, 1:15AM-1:20AM ET",crypto
?,2026-07-23 05:16:00,2026-07-23 05:20:36,0.5599998432,0.99,1.785713,0.07666666666666666,"Bitcoin Up or Down - July 23, 1:15AM-1:20AM ET",crypto
?,2026-07-23 05:16:01,2026-07-23 05:20:36,0.5599999776,0.99,8.92857,0.0763888888888889,"Bitcoin Up or Down - July 23, 1:15AM-1:20AM ET",crypto
?,2026-07-23 05:16:01,2026-07-23 05:20:36,0.5599999776,0.99,8.92857,0.0763888888888889,"Bitcoin Up or Down - July 23, 1:15AM-1:20AM ET",crypto
?,2026-07-23 05:16:01,2026-07-23 05:19:00,0.529999965,0.33,9.433961,0.04972222222222222,ITF Bali: Alexander Chang vs Keisuke Saitoh,other
?,2026-07-23 05:16:01,2026-07-23 05:19:00,0.529999965,0.33,9.433961,0.04972222222222222,ITF Bali: Alexander Chang vs Keisuke Saitoh,other
?,2026-07-23 05:16:03,2026-07-23 05:22:54,0.6099999756,0.74,6.89,0.11416666666666667,"Bitcoin Up or Down - July 23, 1AM ET",crypto
?,2026-07-23 05:16:04,2026-07-23 05:20:36,0.56,0.99,10.0,0.07555555555555556,"Bitcoin Up or Down - July 23, 1:15AM-1:20AM ET",crypto
?,2026-07-23 05:16:04,2026-07-23 05:20:36,0.56,0.99,10.0,0.07555555555555556,"Bitcoin Up or Down - July 23, 1:15AM-1:20AM ET",crypto
?,2026-07-23 05:16:04,2026-07-23 05:20:36,0.5599999664,0.99,3.571427,0.07555555555555556,"Bitcoin Up or Down - July 23, 1:15AM-1:20AM ET",crypto
?,2026-07-23 05:16:04,2026-07-23 05:20:36,0.5599999664,0.99,3.571427,0.07555555555555556,"Bitcoin Up or Down - July 23, 1:15AM-1:20AM ET",crypto
?,2026-07-23 05:16:06,2026-07-23 05:20:36,0.5599999776,0.99,8.92857,0.075,"Bitcoin Up or Down - July 23, 1:15AM-1:20AM ET",crypto
?,2026-07-23 05:16:06,2026-07-23 05:20:36,0.5599998432,0.99,1.785713,0.075,"Bitcoin Up or Down - July 23, 1:15AM-1:20AM ET",crypto
?,2026-07-23 05:16:06,2026-07-23 05:20:36,0.5599999776,0.99,8.92857,0.075,"Bitcoin Up or Down - July 23, 1:15AM-1:20AM ET",crypto
?,2026-07-23 05:16:06,2026-07-23 05:20:36,0.5599999776,0.99,8.92857,0.075,"Bitcoin Up or Down - July 23, 1:15AM-1:20AM ET",crypto
?,2026-07-23 05:16:06,2026-07-23 05:20:36,0.5599999776,0.99,8.92857,0.075,"Bitcoin Up or Down - July 23, 1:15AM-1:20AM ET",crypto
?,2026-07-23 05:16:06,2026-07-23 05:20:36,0.5599998432,0.99,1.785713,0.075,"Bitcoin Up or Down - July 23, 1:15AM-1:20AM ET",crypto
?,2026-07-23 05:16:07,2026-07-23 05:20:48,0.41,0.99,3.4007829999999997,0.07805555555555556,"Solana Up or Down - July 23, 1:15AM-1:20AM ET",other
?,2026-07-23 05:16:07,2026-07-23 05:20:48,0.41,0.99,1.5992170000000003,0.07805555555555556,"Solana Up or Down - July 23, 1:15AM-1:20AM ET",other
?,2026-07-23 05:16:07,2026-07-23 05:16:15,0.9559999954,0.955,5.2,0.0022222222222222222,Will Trump acquire Greenland before 2027?,trump_admin
?,2026-07-23 05:16:07,2026-07-23 05:19:36,0.41,0.46,2.43,0.058055555555555555,"Solana Up or Down - July 23, 1:15AM-1:20AM ET",other
?,2026-07-23 05:16:07,2026-07-23 05:19:49,0.41,0.28,0.02,0.06166666666666667,"Solana Up or Down - July 23, 1:15AM-1:20AM ET",other
?,2026-07-23 05:16:07,2026-07-23 05:18:42,0.41,0.4,1.1492170000000002,0.043055555555555555,"Solana Up or Down - July 23, 1:15AM-1:20AM ET",other
?,2026-07-23 05:16:07,2026-07-23 05:19:04,0.41,0.47,5.0,0.049166666666666664,"Solana Up or Down - July 23, 1:15AM-1:20AM ET",other
?,2026-07-23 05:16:07,2026-07-23 05:19:28,0.41,0.38,0.14921700000000016,0.05583333333333333,"Solana Up or Down - July 23, 1:15AM-1:20AM ET",other
?,2026-07-23 05:16:07,2026-07-23 05:19:28,0.41,0.38,4.850783,0.05583333333333333,"Solana Up or Down - July 23, 1:15AM-1:20AM ET",other
?,2026-07-23 05:16:09,2026-07-23 05:20:36,0.52,0.99,5.0,0.07416666666666667,"Bitcoin Up or Down - July 23, 1:15AM-1:20AM ET",crypto
?,2026-07-23 05:16:09,2026-07-23 05:20:36,0.52,0.99,5.0,0.07416666666666667,"Bitcoin Up or Down - July 23, 1:15AM-1:20AM ET",crypto
?,2026-07-23 05:16:09,2026-07-23 05:20:36,0.5199999675,0.99,3.692306,0.07416666666666667,"Bitcoin Up or Down - July 23, 1:15AM-1:20AM ET",crypto
?,2026-07-23 05:16:09,2026-07-23 05:20:36,0.5199999675,0.99,3.692306,0.07416666666666667,"Bitcoin Up or Down - July 23, 1:15AM-1:20AM ET",crypto
?,2026-07-23 05:16:10,2026-07-23 05:16:13,0.34999993,0.19,0.02,0.0008333333333333334,"Dogecoin Up or Down - July 23, 1:15AM-1:20AM ET",other
?,2026-07-23 05:16:10,2026-07-23 05:20:48,0.46,0.29,0.02,0.07722222222222222,"Dogecoin Up or Down - July 23, 1:15AM-1:30AM ET",other
?,2026-07-23 05:16:10,2026-07-23 05:16:10,0.34999993,0.29,0.02,0.0,"Dogecoin Up or Down - July 23, 1:15AM-1:20AM ET",other
?,2026-07-23 05:16:10,2026-07-23 05:16:10,0.34999993,0.48,0.02,0.0,"Dogecoin Up or Down - July 23, 1:15AM-1:20AM ET",other
?,2026-07-23 05:16:10,2026-07-23 05:16:10,0.34999993,0.34,0.02,0.0,"Dogecoin Up or Down - July 23, 1:15AM-1:20AM ET",other
?,2026-07-23 05:16:10,2026-07-23 05:16:10,0.34999993,0.48,0.02,0.0,"Dogecoin Up or Down - July 23, 1:15AM-1:20AM ET",other
?,2026-07-23 05:16:10,2026-07-23 05:16:10,0.34999993,0.34,0.02,0.0,"Dogecoin Up or Down - July 23, 1:15AM-1:20AM ET",other
?,2026-07-23 05:16:10,2026-07-23 05:16:10,0.34999993,0.29,0.02,0.0,"Dogecoin Up or Down - July 23, 1:15AM-1:20AM ET",other
?,2026-07-23 05:16:10,2026-07-23 05:22:27,0.46,0.19,0.02,0.10472222222222222,"Dogecoin Up or Down - July 23, 1:15AM-1:30AM ET",other
?,2026-07-23 05:16:10,2026-07-23 05:18:42,0.52,0.62,0.02,0.042222222222222223,"Dogecoin Up or Down - July 23, 1:15AM-1:20AM ET",other
?,2026-07-23 05:16:10,2026-07-23 05:18:42,0.52,0.62,0.02,0.042222222222222223,"Dogecoin Up or Down - July 23, 1:15AM-1:20AM ET",other
?,2026-07-23 05:16:10,2026-07-23 05:16:13,0.34999993,0.21,0.02,0.0008333333333333334,"Dogecoin Up or Down - July 23, 1:15AM-1:20AM ET",other
?,2026-07-23 05:16:10,2026-07-23 05:16:16,0.46,0.66,0.02,0.0016666666666666668,"Dogecoin Up or Down - July 23, 1:15AM-1:30AM ET",other
?,2026-07-23 05:16:10,2026-07-23 05:17:48,0.34999993,0.16,0.02,0.02722222222222222,"Dogecoin Up or Down - July 23, 1:15AM-1:20AM ET",other
?,2026-07-23 05:16:10,2026-07-23 05:18:43,0.52,0.55,0.02,0.0425,"Dogecoin Up or Down - July 23, 1:15AM-1:20AM ET",other
?,2026-07-23 05:16:10,2026-07-23 05:18:52,0.34999993,0.43,0.02,0.045,"Dogecoin Up or Down - July 23, 1:15AM-1:20AM ET",other
?,2026-07-23 05:16:10,2026-07-23 05:17:34,0.52,0.68,0.02,0.023333333333333334,"Dogecoin Up or Down - July 23, 1:15AM-1:20AM ET",other
?,2026-07-23 05:16:10,2026-07-23 05:19:48,0.52,0.51,0.02,0.06055555555555556,"Dogecoin Up or Down - July 23, 1:15AM-1:20AM ET",other
?,2026-07-23 05:16:10,2026-07-23 05:17:34,0.46,0.52,0.02,0.023333333333333334,"Dogecoin Up or Down - July 23, 1:15AM-1:30AM ET",other
?,2026-07-23 05:16:10,2026-07-23 05:16:16,0.52,0.74,0.02,0.0016666666666666668,"Dogecoin Up or Down - July 23, 1:15AM-1:20AM ET",other
?,2026-07-23 05:16:10,2026-07-23 05:18:43,0.52,0.55,0.02,0.0425,"Dogecoin Up or Down - July 23, 1:15AM-1:20AM ET",other
?,2026-07-23 05:16:10,2026-07-23 05:17:34,0.52,0.75,0.02,0.023333333333333334,"Dogecoin Up or Down - July 23, 1:15AM-1:20AM ET",other
?,2026-07-23 05:16:10,2026-07-23 05:17:34,0.46,0.52,0.11,0.023333333333333334,"Dogecoin Up or Down - July 23, 1:15AM-1:30AM ET",other
?,2026-07-23 05:16:10,2026-07-23 05:16:16,0.46,0.66,0.02,0.0016666666666666668,"Dogecoin Up or Down - July 23, 1:15AM-1:30AM ET",other
?,2026-07-23 05:16:10,2026-07-23 05:17:34,0.46,0.39,0.02,0.023333333333333334,"Dogecoin Up or Down - July 23, 1:15AM-1:30AM ET",other
?,2026-07-23 05:16:10,2026-07-23 05:19:49,0.52,0.51,0.02,0.060833333333333336,"Dogecoin Up or Down - July 23, 1:15AM-1:20AM ET",other
?,2026-07-23 05:16:10,2026-07-23 05:19:49,0.46,0.38,0.02,0.060833333333333336,"Dogecoin Up or Down - July 23, 1:15AM-1:30AM ET",other
?,2026-07-23 05:16:10,2026-07-23 05:19:49,0.52,0.36,0.02,0.060833333333333336,"Dogecoin Up or Down - July 23, 1:15AM-1:20AM ET",other
?,2026-07-23 05:16:12,2026-07-23 05:20:36,0.4099999022,0.99,5.317072,0.07333333333333333,"Bitcoin Up or Down - July 23, 1:15AM-1:20AM ET",crypto
?,2026-07-23 05:16:12,2026-07-23 05:19:24,0.1285502904,0.079972332,32.71,0.05333333333333334,Will the highest temperature in Beijing be 29°C on July 23?,other
?,2026-07-23 05:16:12,2026-07-23 05:20:36,0.4099999375,0.99,5.756096,0.07333333333333333,"Bitcoin Up or Down - July 23, 1:15AM-1:20AM ET",crypto
?,2026-07-23 05:16:12,2026-07-23 05:16:18,0.2107642185,0.4,20.0,0.0016666666666666668,Kim Kardashian and Lewis Hamilton engaged in 2026?,other
?,2026-07-23 05:16:12,2026-07-23 05:20:36,0.4099999891,0.99,23.780486,0.07333333333333333,"Bitcoin Up or Down - July 23, 1:15AM-1:20AM ET",crypto
?,2026-07-23 05:16:12,2026-07-23 05:20:36,0.4099999422,0.99,7.439023,0.07333333333333333,"Bitcoin Up or Down - July 23, 1:15AM-1:20AM ET",crypto
?,2026-07-23 05:16:12,2026-07-23 05:20:36,0.4099999375,0.99,5.756096,0.07333333333333333,"Bitcoin Up or Down - July 23, 1:15AM-1:20AM ET",crypto
?,2026-07-23 05:16:12,2026-07-23 05:20:36,0.4099999891,0.99,23.780486,0.07333333333333333,"Bitcoin Up or Down - July 23, 1:15AM-1:20AM ET",crypto
?,2026-07-23 05:16:12,2026-07-23 05:20:36,0.4099999422,0.99,7.439023,0.07333333333333333,"Bitcoin Up or Down - July 23, 1:15AM-1:20AM ET",crypto
?,2026-07-23 05:16:12,2026-07-23 05:20:36,0.4099999022,0.99,5.317072,0.07333333333333333,"Bitcoin Up or Down - July 23, 1:15AM-1:20AM ET",crypto
?,2026-07-23 05:16:12,2026-07-23 05:20:36,0.4099999023,0.99,5.219511,0.07333333333333333,"Bitcoin Up or Down - July 23, 1:15AM-1:20AM ET",crypto
?,2026-07-23 05:16:12,2026-07-23 05:19:24,0.1285502904,0.079972332,10.299999999999997,0.05333333333333334,Will the highest temperature in Beijing be 29°C on July 23?,other
?,2026-07-23 05:16:12,2026-07-23 05:17:48,0.2107642185,0.2874678742,245.13,0.02666666666666667,Kim Kardashian and Lewis Hamilton engaged in 2026?,other
?,2026-07-23 05:16:12,2026-07-23 05:20:36,0.4099999023,0.99,5.219511,0.07333333333333333,"Bitcoin Up or Down - July 23, 1:15AM-1:20AM ET",crypto
?,2026-07-23 05:16:13,2026-07-23 05:16:13,0.8099999382,0.8,1.456789,0.0,Kim Kardashian and Lewis Hamilton engaged in 2026?,other
?,2026-07-23 05:16:13,2026-07-23 05:18:54,0.29,0.49,0.02,0.04472222222222222,"XRP Up or Down - July 23, 1:15AM-1:20AM ET",other
?,2026-07-23 05:16:13,2026-07-23 05:19:25,0.29,0.31,0.02,0.05333333333333334,"XRP Up or Down - July 23, 1:15AM-1:20AM ET",other
?,2026-07-23 05:16:13,2026-07-23 05:18:52,0.29,0.52,0.02,0.04416666666666667,"XRP Up or Down - July 23, 1:15AM-1:20AM ET",other
?,2026-07-23 05:16:13,2026-07-23 05:16:13,0.8099998662,0.8,1.345678,0.0,Kim Kardashian and Lewis Hamilton engaged in 2026?,other
?,2026-07-23 05:16:13,2026-07-23 05:16:13,0.8099999382,0.8,1.456789,0.0,Kim Kardashian and Lewis Hamilton engaged in 2026?,other
?,2026-07-23 05:16:13,2026-07-23 05:18:52,0.29,0.49,0.02,0.04416666666666667,"XRP Up or Down - July 23, 1:15AM-1:20AM ET",other
?,2026-07-23 05:16:13,2026-07-23 05:18:52,0.29,0.54,0.11999999999999744,0.04416666666666667,"XRP Up or Down - July 23, 1:15AM-1:20AM ET",other
?,2026-07-23 05:16:13,2026-07-23 05:20:36,0.4099999261,0.99,4.463413,0.07305555555555555,"Bitcoin Up or Down - July 23, 1:15AM-1:20AM ET",crypto
?,2026-07-23 05:16:13,2026-07-23 05:20:36,0.4099999381,0.99,5.658535,0.07305555555555555,"Bitcoin Up or Down - July 23, 1:15AM-1:20AM ET",crypto
?,2026-07-23 05:16:13,2026-07-23 05:20:36,0.4099999312,0.99,6.829267,0.07305555555555555,"Bitcoin Up or Down - July 23, 1:15AM-1:20AM ET",crypto
?,2026-07-23 05:16:13,2026-07-23 05:20:36,0.4099999023,0.99,5.219511,0.07305555555555555,"Bitcoin Up or Down - July 23, 1:15AM-1:20AM ET",crypto
?,2026-07-23 05:16:13,2026-07-23 05:20:36,0.4099999312,0.99,6.829267,0.07305555555555555,"Bitcoin Up or Down - July 23, 1:15AM-1:20AM ET",crypto
?,2026-07-23 05:16:15,2026-07-23 05:20:36,0.410515,0.99,20.0,0.0725,"Bitcoin Up or Down - July 23, 1:15AM-1:20AM ET",crypto
?,2026-07-23 05:16:15,2026-07-23 05:16:15,0.6,0.1284904762,1.666665,0.0,Kim Kardashian and Lewis Hamilton engaged in 2026?,other
?,2026-07-23 05:16:15,2026-07-23 05:20:36,0.41,0.99,40.0,0.0725,"Bitcoin Up or Down - July 23, 1:15AM-1:20AM ET",crypto
?,2026-07-23 05:16:15,2026-07-23 05:20:36,0.41,0.99,40.0,0.0725,"Bitcoin Up or Down - July 23, 1:15AM-1:20AM ET",crypto
?,2026-07-23 05:16:15,2026-07-23 05:20:36,0.4,0.99,41.0,0.0725,"Bitcoin Up or Down - July 23, 1:15AM-1:20AM ET",crypto
?,2026-07-23 05:16:15,2026-07-23 05:20:36,0.4,0.99,26.41,0.0725,"Bitcoin Up or Down - July 23, 1:15AM-1:20AM ET",crypto
?,2026-07-23 05:16:16,2026-07-23 05:20:36,0.45,0.99,10.0,0.07222222222222222,"Bitcoin Up or Down - July 23, 1:15AM-1:20AM ET",crypto
?,2026-07-23 05:16:16,2026-07-23 05:20:36,0.45,0.99,5.0,0.07222222222222222,"Bitcoin Up or Down - July 23, 1:15AM-1:20AM ET",crypto
?,2026-07-23 05:16:16,2026-07-23 05:20:36,0.42,0.99,46.87,0.07222222222222222,"Bitcoin Up or Down - July 23, 1:15AM-1:20AM ET",crypto
?,2026-07-23 05:16:16,2026-07-23 05:20:36,0.43,0.99,20.0,0.07222222222222222,"Bitcoin Up or Down - July 23, 1:15AM-1:20AM ET",crypto
?,2026-07-23 05:16:16,2026-07-23 05:20:36,0.44,0.99,31.0,0.07222222222222222,"Bitcoin Up or Down - July 23, 1:15AM-1:20AM ET",crypto
?,2026-07-23 05:16:16,2026-07-23 05:20:36,0.4339285714,0.99,56.0,0.07222222222222222,"Bitcoin Up or Down - July 23, 1:15AM-1:20AM ET",crypto
?,2026-07-23 05:16:18,2026-07-23 05:20:42,0.4513029389,0.99,79.01,0.07333333333333333,"Bitcoin Up or Down - July 23, 1:15AM-1:20AM ET",crypto
?,2026-07-23 05:16:18,2026-07-23 05:22:25,0.4513029389,0.999,98.36,0.10194444444444445,"Bitcoin Up or Down - July 23, 1:15AM-1:20AM ET",crypto
?,2026-07-23 05:16:18,2026-07-23 05:20:36,0.47,0.99,10.70158199999858,0.07166666666666667,"Bitcoin Up or Down - July 23, 1:15AM-1:20AM ET",crypto
?,2026-07-23 05:16:18,2026-07-23 05:20:36,0.46,0.99,10.0,0.07166666666666667,"Bitcoin Up or Down - July 23, 1:15AM-1:20AM ET",crypto
?,2026-07-23 05:16:18,2026-07-23 05:20:36,0.4513029389,0.99,42.37158199999858,0.07166666666666667,"Bitcoin Up or Down - July 23, 1:15AM-1:20AM ET",crypto
?,2026-07-23 05:16:18,2026-07-23 05:20:36,0.47,0.99,14.29841800000142,0.07166666666666667,"Bitcoin Up or Down - July 23, 1:15AM-1:20AM ET",crypto
?,2026-07-23 05:16:21,2026-07-23 05:20:39,0.34,0.2,5.0,0.07166666666666667,Will the highest temperature in Hong Kong be 33°C on July 23?,other
?,2026-07-23 05:17:24,2026-07-23 05:18:37,0.0377870586,0.03,50.0,0.020277777777777777,Will the highest temperature in Shanghai be 36°C on July 23?,other
?,2026-07-23 05:17:24,2026-07-23 05:17:34,0.78,0.68,0.02,0.002777777777777778,"XRP Up or Down - July 23, 1:15AM-1:20AM ET",other
?,2026-07-23 05:17:24,2026-07-23 05:17:34,0.78,0.67,0.02,0.002777777777777778,"XRP Up or Down - July 23, 1:15AM-1:20AM ET",other
?,2026-07-23 05:17:24,2026-07-23 05:17:34,0.78,0.74,0.02,0.002777777777777778,"XRP Up or Down - July 23, 1:15AM-1:20AM ET",other
?,2026-07-23 05:17:24,2026-07-23 05:18:37,0.0377870586,0.03,50.0,0.020277777777777777,Will the highest temperature in Shanghai be 36°C on July 23?,other
?,2026-07-23 05:17:24,2026-07-23 05:18:19,0.78,0.4781,2.5040999999999998,0.015277777777777777,"XRP Up or Down - July 23, 1:15AM-1:20AM ET",other
?,2026-07-23 05:17:25,2026-07-23 05:17:25,0.999,0.999,10.0,0.0,Will the highest temperature in Lucknow be 36°C on July 23?,other
?,2026-07-23 05:17:25,2026-07-23 05:17:42,0.999,0.998,17.14,0.004722222222222222,Will Tim Walz win the 2028 US Presidential Election?,election
?,2026-07-23 05:17:36,2026-07-23 05:20:46,0.5099999566,0.72,3.921567,0.05277777777777778,"Bitcoin Up or Down - July 23, 1:20AM-1:25AM ET",crypto
?,2026-07-23 05:17:39,2026-07-23 05:20:49,0.5099998317,0.51,1.960783,0.05277777777777778,"Ethereum Up or Down - July 23, 1:20AM-1:25AM ET",crypto
?,2026-07-23 05:17:40,2026-07-23 05:18:49,0.336,0.3,25.0,0.019166666666666665,Will the highest temperature in Hong Kong be 34°C on July 23?,other
?,2026-07-23 05:18:21,2026-07-23 05:18:49,0.3279999423,0.3,6.097559,0.0077777777777777776,Will the highest temperature in Hong Kong be 34°C on July 23?,other
?,2026-07-23 05:18:27,2026-07-23 05:22:39,0.52,0.52,5.0,0.07,Will the highest temperature in Hong Kong be 33°C on July 24?,other
?,2026-07-23 05:18:27,2026-07-23 05:20:58,0.52,0.52,5.0,0.041944444444444444,Will the highest temperature in Hong Kong be 33°C on July 24?,other
?,2026-07-23 05:18:27,2026-07-23 05:19:00,0.3398259956,0.33,6.552078000000002,0.009166666666666667,ITF Bali: Alexander Chang vs Keisuke Saitoh,other
?,2026-07-23 05:18:31,2026-07-23 05:20:48,0.5,0.25,8.0,0.03805555555555556,"Bitcoin Up or Down - July 23, 1:20AM-1:25AM ET",crypto
?,2026-07-23 05:18:45,2026-07-23 05:20:43,0.5,0.49,0.02,0.03277777777777778,"Ethereum Up or Down - July 23, 1:20AM-1:25AM ET",crypto
?,2026-07-23 05:18:45,2026-07-23 05:20:45,0.5,0.48,0.02,0.03333333333333333,"Ethereum Up or Down - July 23, 1:20AM-1:25AM ET",crypto
?,2026-07-23 05:18:45,2026-07-23 05:20:34,0.5,0.49,0.02,0.03027777777777778,"Ethereum Up or Down - July 23, 1:20AM-1:25AM ET",crypto
?,2026-07-23 05:18:51,2026-07-23 05:20:46,0.5099998317,0.72,1.960783,0.03194444444444444,"Bitcoin Up or Down - July 23, 1:20AM-1:25AM ET",crypto
?,2026-07-23 05:18:51,2026-07-23 05:20:46,0.5099998317,0.72,1.960783,0.03194444444444444,"Bitcoin Up or Down - July 23, 1:20AM-1:25AM ET",crypto
?,2026-07-23 05:18:52,2026-07-23 05:19:43,0.51,0.51,2.891306,0.014166666666666666,"XRP Up or Down - July 23, 1:15AM-1:20AM ET",other
?,2026-07-23 05:18:52,2026-07-23 05:19:43,0.51,0.51,2.108694,0.014166666666666666,"XRP Up or Down - July 23, 1:15AM-1:20AM ET",other
?,2026-07-23 05:18:52,2026-07-23 05:19:43,0.459999953,0.51,5.108694,0.014166666666666666,"XRP Up or Down - July 23, 1:15AM-1:20AM ET",other
?,2026-07-23 05:18:54,2026-07-23 05:20:37,0.5240032872,0.99,6.0,0.02861111111111111,"XRP Up or Down - July 23, 1:15AM-1:20AM ET",other
?,2026-07-23 05:18:54,2026-07-23 05:19:03,0.1699998861,0.16,5.882351,0.0025,Will the highest temperature in London be 27°C on July 23?,other
?,2026-07-23 05:18:54,2026-07-23 05:20:39,0.5240032872,0.99,7.0,0.029166666666666667,"XRP Up or Down - July 23, 1:15AM-1:20AM ET",other
?,2026-07-23 05:18:54,2026-07-23 05:19:43,0.5240032872,0.51,2.891306,0.01361111111111111,"XRP Up or Down - July 23, 1:15AM-1:20AM ET",other
?,2026-07-23 05:18:54,2026-07-23 05:20:49,0.5099998317,0.51,1.960783,0.03194444444444444,"Ethereum Up or Down - July 23, 1:20AM-1:25AM ET",crypto
?,2026-07-23 05:18:54,2026-07-23 05:19:49,0.5240032872,0.56,0.02,0.015277777777777777,"XRP Up or Down - July 23, 1:15AM-1:20AM ET",other
?,2026-07-23 05:18:58,2026-07-23 05:20:49,0.5099998317,0.51,1.078434,0.030833333333333334,"Ethereum Up or Down - July 23, 1:20AM-1:25AM ET",crypto
?,2026-07-23 05:18:58,2026-07-23 05:22:31,0.5099998317,0.95,0.862349,0.059166666666666666,"Ethereum Up or Down - July 23, 1:20AM-1:25AM ET",crypto
?,2026-07-23 05:18:58,2026-07-23 05:20:51,0.5099998317,0.51,0.02,0.03138888888888889,"Ethereum Up or Down - July 23, 1:20AM-1:25AM ET",crypto
?,2026-07-23 05:19:03,2026-07-23 05:20:48,0.5,0.25,6.0,0.029166666666666667,"Bitcoin Up or Down - July 23, 1:20AM-1:25AM ET",crypto
?,2026-07-23 05:19:03,2026-07-23 05:19:51,0.8199999836,0.79,0.02,0.013333333333333334,"Hyperliquid Up or Down - July 23, 1:15AM-1:20AM ET",other
?,2026-07-23 05:19:03,2026-07-23 05:19:51,0.8199999836,0.79,0.02,0.013333333333333334,"Hyperliquid Up or Down - July 23, 1:15AM-1:20AM ET",other
?,2026-07-23 05:19:25,2026-07-23 05:22:31,0.5186463216,0.95,37.424271000000005,0.051666666666666666,"Ethereum Up or Down - July 23, 1:20AM-1:25AM ET",crypto
?,2026-07-23 05:19:25,2026-07-23 05:22:31,0.5186463216,0.95,1.137651,0.051666666666666666,"Ethereum Up or Down - July 23, 1:20AM-1:25AM ET",crypto
?,2026-07-23 05:19:33,2026-07-23 05:19:40,0.9559999954,0.955,5.2,0.0019444444444444444,Will Reza Pahlavi lead Iran in 2026?,iran_israel
?,2026-07-23 05:19:39,2026-07-23 05:22:46,0.5,0.25,14.52000000000001,0.051944444444444446,"Bitcoin Up or Down - July 23, 1:20AM-1:25AM ET",crypto
?,2026-07-23 05:19:39,2026-07-23 05:20:52,0.5,0.39,8.0,0.020277777777777777,"Bitcoin Up or Down - July 23, 1:20AM-1:25AM ET",crypto
?,2026-07-23 05:19:39,2026-07-23 05:20:57,0.5,0.37,5.0,0.021666666666666667,"Bitcoin Up or Down - July 23, 1:20AM-1:25AM ET",crypto
?,2026-07-23 05:19:39,2026-07-23 05:20:57,0.5,0.37,0.26,0.021666666666666667,"Bitcoin Up or Down - July 23, 1:20AM-1:25AM ET",crypto
?,2026-07-23 05:19:39,2026-07-23 05:20:51,0.5,0.4,1.85,0.02,"Bitcoin Up or Down - July 23, 1:20AM-1:25AM ET",crypto
?,2026-07-23 05:19:39,2026-07-23 05:20:57,0.5,0.37,5.0,0.021666666666666667,"Bitcoin Up or Down - July 23, 1:20AM-1:25AM ET",crypto
?,2026-07-23 05:19:39,2026-07-23 05:20:55,0.5,0.38,20.45,0.021111111111111112,"Bitcoin Up or Down - July 23, 1:20AM-1:25AM ET",crypto
?,2026-07-23 05:19:39,2026-07-23 05:20:54,0.5,0.38,9.48,0.020833333333333332,"Bitcoin Up or Down - July 23, 1:20AM-1:25AM ET",crypto
?,2026-07-23 05:19:39,2026-07-23 05:22:25,0.5,0.17,12.82,0.04611111111111111,"Bitcoin Up or Down - July 23, 1:20AM-1:25AM ET",crypto
?,2026-07-23 05:19:39,2026-07-23 05:22:24,0.5,0.17,21.42,0.04583333333333333,"Bitcoin Up or Down - July 23, 1:20AM-1:25AM ET",crypto
?,2026-07-23 05:19:39,2026-07-23 05:20:48,0.5,0.25,32.04,0.019166666666666665,"Bitcoin Up or Down - July 23, 1:20AM-1:25AM ET",crypto
?,2026-07-23 05:19:42,2026-07-23 05:20:46,0.5099998317,0.72,1.960783,0.017777777777777778,"Bitcoin Up or Down - July 23, 1:20AM-1:25AM ET",crypto
?,2026-07-23 05:19:43,2026-07-23 05:20:46,0.5099999999,0.72,82.83608399999999,0.0175,"Bitcoin Up or Down - July 23, 1:20AM-1:25AM ET",crypto
?,2026-07-23 05:19:43,2026-07-23 05:20:46,0.5099999999,0.71,53.046267000000014,0.0175,"Bitcoin Up or Down - July 23, 1:20AM-1:25AM ET",crypto
?,2026-07-23 05:19:45,2026-07-23 05:22:46,0.5,0.25,3.95999999999999,0.050277777777777775,"Bitcoin Up or Down - July 23, 1:20AM-1:25AM ET",crypto
?,2026-07-23 05:19:45,2026-07-23 05:22:49,0.5,0.26,1.70000000000001,0.051111111111111114,"Bitcoin Up or Down - July 23, 1:20AM-1:25AM ET",crypto
?,2026-07-23 05:19:46,2026-07-23 05:20:46,0.5099999796,0.71,9.80392,0.016666666666666666,"Bitcoin Up or Down - July 23, 1:20AM-1:25AM ET",crypto
?,2026-07-23 05:19:48,2026-07-23 05:22:49,0.5,0.26,2.0,0.050277777777777775,"Bitcoin Up or Down - July 23, 1:20AM-1:25AM ET",crypto
?,2026-07-23 05:19:48,2026-07-23 05:20:46,0.5099999786,0.71,19.607842,0.01611111111111111,"Bitcoin Up or Down - July 23, 1:20AM-1:25AM ET",crypto
?,2026-07-23 05:19:49,2026-07-23 05:20:46,0.5099999796,0.71,9.80392,0.015833333333333335,"Bitcoin Up or Down - July 23, 1:20AM-1:25AM ET",crypto
?,2026-07-23 05:20:34,2026-07-23 05:20:46,0.5999998909,0.71,1.833332,0.0033333333333333335,"Bitcoin Up or Down - July 23, 1:20AM-1:25AM ET",crypto
?,2026-07-23 05:20:34,2026-07-23 05:22:31,0.51,0.95,11.825728999999995,0.0325,"Ethereum Up or Down - July 23, 1:20AM-1:25AM ET",crypto
?,2026-07-23 05:20:34,2026-07-23 05:22:31,0.51,0.95,9.0,0.0325,"Ethereum Up or Down - July 23, 1:20AM-1:25AM ET",crypto
?,2026-07-23 05:20:34,2026-07-23 05:22:34,0.51,0.95,2.22,0.03333333333333333,"Ethereum Up or Down - July 23, 1:20AM-1:25AM ET",crypto
?,2026-07-23 05:20:34,2026-07-23 05:20:46,0.6,0.71,5.0,0.0033333333333333335,"Bitcoin Up or Down - July 23, 1:20AM-1:25AM ET",crypto
?,2026-07-23 05:20:34,2026-07-23 05:20:46,0.6,0.71,12.2,0.0033333333333333335,"Bitcoin Up or Down - July 23, 1:20AM-1:25AM ET",crypto
?,2026-07-23 05:20:34,2026-07-23 05:20:46,0.6,0.71,72.58,0.0033333333333333335,"Bitcoin Up or Down - July 23, 1:20AM-1:25AM ET",crypto
?,2026-07-23 05:20:34,2026-07-23 05:20:46,0.5999999607,0.71,5.083332,0.0033333333333333335,"Bitcoin Up or Down - July 23, 1:20AM-1:25AM ET",crypto
?,2026-07-23 05:20:34,2026-07-23 05:20:46,0.6,0.71,25.0,0.0033333333333333335,"Bitcoin Up or Down - July 23, 1:20AM-1:25AM ET",crypto
?,2026-07-23 05:20:34,2026-07-23 05:20:46,0.5699998233,0.71,1.754383,0.0033333333333333335,"Bitcoin Up or Down - July 23, 1:20AM-1:25AM ET",crypto
?,2026-07-23 05:20:34,2026-07-23 05:20:46,0.6,0.71,20.0,0.0033333333333333335,"Bitcoin Up or Down - July 23, 1:20AM-1:25AM ET",crypto
?,2026-07-23 05:20:34,2026-07-23 05:22:31,0.51,0.95,10.0,0.0325,"Ethereum Up or Down - July 23, 1:20AM-1:25AM ET",crypto
?,2026-07-23 05:20:34,2026-07-23 05:20:46,0.5999999903,0.71,20.683332,0.0033333333333333335,"Bitcoin Up or Down - July 23, 1:20AM-1:25AM ET",crypto
?,2026-07-23 05:20:34,2026-07-23 05:22:49,0.4299998671,0.26,0.1399999999999899,0.0375,"Bitcoin Up or Down - July 23, 1:20AM-1:25AM ET",crypto
?,2026-07-23 05:20:34,2026-07-23 05:22:49,0.4299998671,0.2562064598,2.41813800000001,0.0375,"Bitcoin Up or Down - July 23, 1:20AM-1:25AM ET",crypto
?,2026-07-23 05:20:34,2026-07-23 05:22:49,0.41,0.2562064598,20.0,0.0375,"Bitcoin Up or Down - July 23, 1:20AM-1:25AM ET",crypto
?,2026-07-23 05:20:34,2026-07-23 05:22:49,0.4299998671,0.2562064598,2.558138,0.0375,"Bitcoin Up or Down - July 23, 1:20AM-1:25AM ET",crypto
?,2026-07-23 05:20:34,2026-07-23 05:22:49,0.4299998671,0.2562064598,2.558138,0.0375,"Bitcoin Up or Down - July 23, 1:20AM-1:25AM ET",crypto
?,2026-07-23 05:20:34,2026-07-23 05:22:49,0.4326024965,0.2562064598,130.36558599999998,0.0375,"Bitcoin Up or Down - July 23, 1:20AM-1:25AM ET",crypto
?,2026-07-23 05:20:34,2026-07-23 05:22:52,0.51,0.94,0.9542710000000043,0.03833333333333333,"Ethereum Up or Down - July 23, 1:20AM-1:25AM ET",crypto
?,2026-07-23 05:20:34,2026-07-23 05:22:52,0.51,0.94,4.845728999999995,0.03833333333333333,"Ethereum Up or Down - July 23, 1:20AM-1:25AM ET",crypto
?,2026-07-23 05:20:34,2026-07-23 05:22:57,0.4326024965,0.29,12.86,0.03972222222222222,"Bitcoin Up or Down - July 23, 1:20AM-1:25AM ET",crypto
?,2026-07-23 05:20:34,2026-07-23 05:22:58,0.51,0.92,12.29,0.04,"Ethereum Up or Down - July 23, 1:20AM-1:25AM ET",crypto
?,2026-07-23 05:20:34,2026-07-23 05:20:46,0.59,0.71,20.0,0.0033333333333333335,"Bitcoin Up or Down - July 23, 1:20AM-1:25AM ET",crypto
?,2026-07-23 05:20:34,2026-07-23 05:20:46,0.58,0.71,99.75,0.0033333333333333335,"Bitcoin Up or Down - July 23, 1:20AM-1:25AM ET",crypto
?,2026-07-23 05:20:34,2026-07-23 05:20:46,0.59999994,0.71,3.333332,0.0033333333333333335,"Bitcoin Up or Down - July 23, 1:20AM-1:25AM ET",crypto
?,2026-07-23 05:20:34,2026-07-23 05:22:58,0.51,0.91,0.02,0.04,"Ethereum Up or Down - July 23, 1:20AM-1:25AM ET",crypto
?,2026-07-23 05:20:36,2026-07-23 05:20:48,0.6,0.73,6.916665,0.0033333333333333335,"Bitcoin Up or Down - July 23, 1:20AM-1:25AM ET",crypto
?,2026-07-23 05:20:36,2026-07-23 05:20:48,0.5999999607,0.73,5.083332,0.0033333333333333335,"Bitcoin Up or Down - July 23, 1:20AM-1:25AM ET",crypto
?,2026-07-23 05:20:36,2026-07-23 05:20:48,0.6,0.73,40.0,0.0033333333333333335,"Bitcoin Up or Down - July 23, 1:20AM-1:25AM ET",crypto
?,2026-07-23 05:20:36,2026-07-23 05:20:48,0.6,0.73,5.0,0.0033333333333333335,"Bitcoin Up or Down - July 23, 1:20AM-1:25AM ET",crypto
?,2026-07-23 05:20:36,2026-07-23 05:20:48,0.6,0.73,109.47298999999998,0.0033333333333333335,"Bitcoin Up or Down - July 23, 1:20AM-1:25AM ET",crypto
?,2026-07-23 05:20:36,2026-07-23 05:20:46,0.6,0.72,2.04,0.002777777777777778,"Bitcoin Up or Down - July 23, 1:20AM-1:25AM ET",crypto
?,2026-07-23 05:20:36,2026-07-23 05:20:46,0.6,0.71,5.0,0.002777777777777778,"Bitcoin Up or Down - July 23, 1:20AM-1:25AM ET",crypto
?,2026-07-23 05:20:36,2026-07-23 05:20:46,0.6,0.71,8.487010000000014,0.002777777777777778,"Bitcoin Up or Down - July 23, 1:20AM-1:25AM ET",crypto
?,2026-07-23 05:20:36,2026-07-23 05:20:46,0.6,0.71,20.0,0.002777777777777778,"Bitcoin Up or Down - July 23, 1:20AM-1:25AM ET",crypto
?,2026-07-23 05:20:36,2026-07-23 05:20:46,0.6,0.71,5.0,0.002777777777777778,"Bitcoin Up or Down - July 23, 1:20AM-1:25AM ET",crypto
?,2026-07-23 05:20:36,2026-07-23 05:20:46,0.6,0.71,8.316665,0.002777777777777778,"Bitcoin Up or Down - July 23, 1:20AM-1:25AM ET",crypto
?,2026-07-23 05:20:36,2026-07-23 05:20:46,0.6,0.71,36.29,0.002777777777777778,"Bitcoin Up or Down - July 23, 1:20AM-1:25AM ET",crypto
?,2026-07-23 05:20:36,2026-07-23 05:20:46,0.6,0.71,1.666665,0.002777777777777778,"Bitcoin Up or Down - July 23, 1:20AM-1:25AM ET",crypto
?,2026-07-23 05:20:37,2026-07-23 05:20:48,0.6,0.73,2.7503480000000096,0.0030555555555555557,"Bitcoin Up or Down - July 23, 1:20AM-1:25AM ET",crypto
?,2026-07-23 05:20:37,2026-07-23 05:20:48,0.6,0.73,41.666665,0.0030555555555555557,"Bitcoin Up or Down - July 23, 1:20AM-1:25AM ET",crypto
?,2026-07-23 05:20:37,2026-07-23 05:20:52,0.61,0.6,2.15100500000001,0.004166666666666667,"Bitcoin Up or Down - July 23, 1:20AM-1:25AM ET",crypto
?,2026-07-23 05:20:37,2026-07-23 05:20:54,0.61,0.61,3.2089949999999905,0.004722222222222222,"Bitcoin Up or Down - July 23, 1:20AM-1:25AM ET",crypto
?,2026-07-23 05:20:37,2026-07-23 05:20:54,0.6,0.61,10.28,0.004722222222222222,"Bitcoin Up or Down - July 23, 1:20AM-1:25AM ET",crypto
?,2026-07-23 05:20:37,2026-07-23 05:20:54,0.6,0.61,15.0,0.004722222222222222,"Bitcoin Up or Down - July 23, 1:20AM-1:25AM ET",crypto
?,2026-07-23 05:20:37,2026-07-23 05:20:52,0.61,0.6,3.81899499999999,0.004166666666666667,"Bitcoin Up or Down - July 23, 1:20AM-1:25AM ET",crypto
?,2026-07-23 05:20:37,2026-07-23 05:20:48,0.9619998346,0.961,5.18,0.0030555555555555557,Will China invade Taiwan by end of 2026?,geopol_other
?,2026-07-23 05:20:37,2026-07-23 05:20:54,0.6,0.61,15.0,0.004722222222222222,"Bitcoin Up or Down - July 23, 1:20AM-1:25AM ET",crypto
?,2026-07-23 05:20:37,2026-07-23 05:20:51,0.61,0.7,11.16100500000001,0.0038888888888888888,"Bitcoin Up or Down - July 23, 1:20AM-1:25AM ET",crypto
?,2026-07-23 05:20:37,2026-07-23 05:20:51,0.6099998597,0.7,1.639343,0.0038888888888888888,"Bitcoin Up or Down - July 23, 1:20AM-1:25AM ET",crypto
?,2026-07-23 05:20:37,2026-07-23 05:20:51,0.6,0.7,15.0,0.0038888888888888888,"Bitcoin Up or Down - July 23, 1:20AM-1:25AM ET",crypto
?,2026-07-23 05:20:37,2026-07-23 05:20:51,0.6,0.59,6.91,0.0038888888888888888,"Bitcoin Up or Down - July 23, 1:20AM-1:25AM ET",crypto
?,2026-07-23 05:20:37,2026-07-23 05:20:51,0.61,0.58,0.02,0.0038888888888888888,"Bitcoin Up or Down - July 23, 1:20AM-1:25AM ET",crypto
?,2026-07-23 05:20:37,2026-07-23 05:20:51,0.6,0.7,5.33965199999999,0.0038888888888888888,"Bitcoin Up or Down - July 23, 1:20AM-1:25AM ET",crypto
?,2026-07-23 05:20:39,2026-07-23 05:22:58,0.5630849108,0.75,0.02,0.03861111111111111,"Solana Up or Down - July 23, 1:20AM-1:25AM ET",other
?,2026-07-23 05:20:39,2026-07-23 05:20:49,0.5630849108,0.53,0.02,0.002777777777777778,"Solana Up or Down - July 23, 1:20AM-1:25AM ET",other
?,2026-07-23 05:20:39,2026-07-23 05:22:24,0.6199999911,0.82,3.3,0.029166666666666667,"Bitcoin Up or Down - July 23, 1:20AM-1:25AM ET",crypto
?,2026-07-23 05:20:39,2026-07-23 05:20:54,0.6199999628,0.61,8.064515,0.004166666666666667,"Bitcoin Up or Down - July 23, 1:20AM-1:25AM ET",crypto
?,2026-07-23 05:20:39,2026-07-23 05:20:54,0.6199999911,0.61,8.09649000000001,0.004166666666666667,"Bitcoin Up or Down - July 23, 1:20AM-1:25AM ET",crypto
?,2026-07-23 05:20:39,2026-07-23 05:22:25,0.6199999911,0.8062402496,28.92608799999999,0.029444444444444443,"Bitcoin Up or Down - July 23, 1:20AM-1:25AM ET",crypto
?,2026-07-23 05:20:40,2026-07-23 05:22:57,0.6387125,0.7,5.0,0.03805555555555556,"Bitcoin Up or Down - July 23, 1:20AM-1:25AM ET",crypto
?,2026-07-23 05:20:40,2026-07-23 05:22:58,0.6387125,0.59,0.02,0.03833333333333333,"Bitcoin Up or Down - July 23, 1:20AM-1:25AM ET",crypto
?,2026-07-23 05:20:40,2026-07-23 05:22:57,0.6387125,0.7,5.0,0.03805555555555556,"Bitcoin Up or Down - July 23, 1:20AM-1:25AM ET",crypto
?,2026-07-23 05:20:40,2026-07-23 05:22:57,0.6387125,0.62,0.02,0.03805555555555556,"Bitcoin Up or Down - July 23, 1:20AM-1:25AM ET",crypto
?,2026-07-23 05:20:40,2026-07-23 05:22:55,0.6387125,0.7,5.0,0.0375,"Bitcoin Up or Down - July 23, 1:20AM-1:25AM ET",crypto
?,2026-07-23 05:20:40,2026-07-23 05:22:25,0.6387125,0.8062402496,3.123912000000008,0.029166666666666667,"Bitcoin Up or Down - July 23, 1:20AM-1:25AM ET",crypto
?,2026-07-23 05:20:40,2026-07-23 05:22:55,0.6387125,0.7,0.02,0.0375,"Bitcoin Up or Down - July 23, 1:20AM-1:25AM ET",crypto
?,2026-07-23 05:20:40,2026-07-23 05:22:43,0.6387125,0.71,0.02,0.034166666666666665,"Bitcoin Up or Down - July 23, 1:20AM-1:25AM ET",crypto
?,2026-07-23 05:20:42,2026-07-23 05:20:49,0.5099999983,0.4,0.02,0.0019444444444444444,"XRP Up or Down - July 23, 1:20AM-1:25AM ET",other
?,2026-07-23 05:20:42,2026-07-23 05:22:27,0.5099999983,0.71,5.842351000000001,0.029166666666666667,"XRP Up or Down - July 23, 1:20AM-1:25AM ET",other
?,2026-07-23 05:20:42,2026-07-23 05:20:51,0.5099999983,0.42,0.02,0.0025,"XRP Up or Down - July 23, 1:20AM-1:25AM ET",other
?,2026-07-23 05:20:46,2026-07-23 05:20:46,0.41,0.4,0.02,0.0,"XRP Up or Down - July 23, 1:20AM-1:25AM ET",other
?,2026-07-23 05:22:28,2026-07-23 05:22:36,0.72,0.72,0.02,0.0022222222222222222,"XRP Up or Down - July 23, 1:20AM-1:25AM ET",other
?,2026-07-23 05:22:28,2026-07-23 05:22:57,0.72,0.65,0.02,0.008055555555555555,"XRP Up or Down - July 23, 1:20AM-1:25AM ET",other
?,2026-07-23 05:22:28,2026-07-23 05:22:36,0.72,0.71,0.02,0.0022222222222222222,"XRP Up or Down - July 23, 1:20AM-1:25AM ET",other
?,2026-07-23 05:22:28,2026-07-23 05:22:43,0.72,0.7,0.02,0.004166666666666667,"XRP Up or Down - July 23, 1:20AM-1:25AM ET",other
?,2026-07-23 05:22:28,2026-07-23 05:22:58,0.72,0.58,0.02,0.008333333333333333,"XRP Up or Down - July 23, 1:20AM-1:25AM ET",other
?,2026-07-23 05:22:28,2026-07-23 05:22:55,0.72,0.64,0.02,0.0075,"XRP Up or Down - July 23, 1:20AM-1:25AM ET",other
?,2026-07-23 05:22:40,2026-07-23 05:22:43,0.76,0.73,0.02,0.0008333333333333334,"Dogecoin Up or Down - July 23, 1:20AM-1:25AM ET",other
?,2026-07-23 05:22:40,2026-07-23 05:22:58,0.76,0.68,0.02,0.005,"Dogecoin Up or Down - July 23, 1:20AM-1:25AM ET",other
?,2026-07-23 05:22:40,2026-07-23 05:22:48,0.76,0.67,5.0,0.0022222222222222222,"Dogecoin Up or Down - July 23, 1:20AM-1:25AM ET",other
?,2026-07-23 05:22:48,2026-07-23 05:22:58,0.996999999,0.996,1.99,0.002777777777777778,Will Eric Trump win the 2028 US Presidential Election?,election
