proxyWallet,asset,conditionId,size,avgPrice,initialValue,currentValue,cashPnl,percentPnl,totalBought,realizedPnl,percentRealizedPnl,curPrice,redeemable,mergeable,title,slug,icon,eventId,eventSlug,outcome,outcomeIndex,oppositeOutcome,oppositeAsset,endDate,negativeRisk,is_weather,resolved
0xb40e89677d59665d5188541ad860450a6e2a7cc9,20574061704209012547931182821181103620430305782603309565796242103008931788479,0xa17aeedaafc5423e4dcc36a59f896ca653630230d84ca80dee65a200438aa2f1,1854.9357,0.6496,1205.0608,1854.0083,648.9474,53.8518,1854.9357,0.0,53.8518,0.9995,False,True,Will the highest temperature in Hong Kong be 33°C on July 22?,highest-temperature-in-hong-kong-on-july-22-2026-33c,https://polymarket-upload.s3.us-east-2.amazonaws.com/hongkong-ae9cc75f37.jpg,724027,highest-temperature-in-hong-kong-on-july-22-2026,Yes,0,No,10984864048046262789285854165070562168307032150271577587629358907111949728806,2026-07-22,True,True,True
0xb40e89677d59665d5188541ad860450a6e2a7cc9,10984864048046262789285854165070562168307032150271577587629358907111949728806,0xa17aeedaafc5423e4dcc36a59f896ca653630230d84ca80dee65a200438aa2f1,1763.5822,0.3705,653.5165,0.8817,-652.6348,-99.865,1763.5822,0.0,-99.865,0.0005,False,True,Will the highest temperature in Hong Kong be 33°C on July 22?,highest-temperature-in-hong-kong-on-july-22-2026-33c,https://polymarket-upload.s3.us-east-2.amazonaws.com/hongkong-ae9cc75f37.jpg,724027,highest-temperature-in-hong-kong-on-july-22-2026,No,1,Yes,20574061704209012547931182821181103620430305782603309565796242103008931788479,2026-07-22,True,True,True
0xb40e89677d59665d5188541ad860450a6e2a7cc9,37519924432083525301778515295013392761534998534208030071329513046714130157978,0x7dab3a056a4823af5822648f317f272de265e14d515458d81e9743661f52ccc3,1036.4369,0.3878,401.953,0.5182,-401.4348,-99.871,1036.4369,0.0,-99.871,0.0005,False,True,Will the highest temperature in London be 25°C on July 22?,highest-temperature-in-london-on-july-22-2026-25c,https://polymarket-upload.s3.us-east-2.amazonaws.com/highest-temperature-in-london-on-jan-22-eouu0bkjph8i.jpg,723997,highest-temperature-in-london-on-july-22-2026,No,1,Yes,64505137173642697296443583524565462261047703488702627532501108513693920162695,2026-07-22,True,True,True
0xb40e89677d59665d5188541ad860450a6e2a7cc9,37060303915930776223529429686993287809001649238307758955830855212421250569748,0xafa4756911816763c62a4509d687ed90ca20aa4987da3b938e162b559db06b88,895.9137,0.8508,762.2765,895.4657,133.1891,17.4725,895.9137,0.0,17.4725,0.9995,False,True,Will the highest temperature in London be 24°C on July 22?,highest-temperature-in-london-on-july-22-2026-24c,https://polymarket-upload.s3.us-east-2.amazonaws.com/highest-temperature-in-london-on-jan-22-eouu0bkjph8i.jpg,723997,highest-temperature-in-london-on-july-22-2026,No,1,Yes,69208094408018963269104727410935358493404020372942455033397849016266282649186,2026-07-22,True,True,True
0xb40e89677d59665d5188541ad860450a6e2a7cc9,88100131554627288534421506870590455485636925976092870365519378423694507314944,0x9b5dbd38362ce9461e4f83816e77034f5ba5185a46b6cb05cdddc45d15d2bcc4,891.2437,0.1246,111.0525,4.4562,-106.5963,-95.9872,891.2437,0.0,-95.9873,0.005,False,True,Will the highest temperature in San Francisco be between 76-77°F on July 22?,highest-temperature-in-san-francisco-on-july-22-2026-76-77f,https://polymarket-upload.s3.us-east-2.amazonaws.com/san-francisco-e705a842df.jpg,727283,highest-temperature-in-san-francisco-on-july-22-2026,Yes,0,No,10108909209146570321965282823550522888697173739787859623829396886177961998769,2026-07-22,True,True,True
0xb40e89677d59665d5188541ad860450a6e2a7cc9,64505137173642697296443583524565462261047703488702627532501108513693920162695,0x7dab3a056a4823af5822648f317f272de265e14d515458d81e9743661f52ccc3,885.0344,0.5378,476.0396,884.5919,408.5522,85.8231,885.0344,0.0,85.8231,0.9995,False,True,Will the highest temperature in London be 25°C on July 22?,highest-temperature-in-london-on-july-22-2026-25c,https://polymarket-upload.s3.us-east-2.amazonaws.com/highest-temperature-in-london-on-jan-22-eouu0bkjph8i.jpg,723997,highest-temperature-in-london-on-july-22-2026,Yes,0,No,37519924432083525301778515295013392761534998534208030071329513046714130157978,2026-07-22,True,True,True
0xb40e89677d59665d5188541ad860450a6e2a7cc9,86606303108627248605981988011296014275542606446146470457781211330492768745515,0xfe1182960ae1e177943e1d3cd0ed3936db82732b74465cdc3b946d1a91ae9501,859.1977,0.64,549.945,24.0575,-525.8875,-95.6254,859.1977,0.0,-95.6254,0.028,False,True,Will the highest temperature in Los Angeles be between 76-77°F on July 22?,highest-temperature-in-los-angeles-on-july-22-2026-76-77f,https://polymarket-upload.s3.us-east-2.amazonaws.com/los-angeles-cdae9380c7.jpg,727282,highest-temperature-in-los-angeles-on-july-22-2026,No,1,Yes,48394137501384739191778192250690198796974703350498063611873985373940537904033,2026-07-22,True,True,False
0xb40e89677d59665d5188541ad860450a6e2a7cc9,10108909209146570321965282823550522888697173739787859623829396886177961998769,0x9b5dbd38362ce9461e4f83816e77034f5ba5185a46b6cb05cdddc45d15d2bcc4,858.4829,0.8438,724.4368,854.1905,129.7536,17.9109,858.4829,0.0,17.9109,0.995,False,True,Will the highest temperature in San Francisco be between 76-77°F on July 22?,highest-temperature-in-san-francisco-on-july-22-2026-76-77f,https://polymarket-upload.s3.us-east-2.amazonaws.com/san-francisco-e705a842df.jpg,727283,highest-temperature-in-san-francisco-on-july-22-2026,No,1,Yes,88100131554627288534421506870590455485636925976092870365519378423694507314944,2026-07-22,True,True,True
0xb40e89677d59665d5188541ad860450a6e2a7cc9,48394137501384739191778192250690198796974703350498063611873985373940537904033,0xfe1182960ae1e177943e1d3cd0ed3936db82732b74465cdc3b946d1a91ae9501,837.3937,0.3051,255.5106,813.9467,558.436,218.5568,837.3937,0.0,218.5569,0.972,False,True,Will the highest temperature in Los Angeles be between 76-77°F on July 22?,highest-temperature-in-los-angeles-on-july-22-2026-76-77f,https://polymarket-upload.s3.us-east-2.amazonaws.com/los-angeles-cdae9380c7.jpg,727282,highest-temperature-in-los-angeles-on-july-22-2026,Yes,0,No,86606303108627248605981988011296014275542606446146470457781211330492768745515,2026-07-22,True,True,False
0xb40e89677d59665d5188541ad860450a6e2a7cc9,69208094408018963269104727410935358493404020372942455033397849016266282649186,0xafa4756911816763c62a4509d687ed90ca20aa4987da3b938e162b559db06b88,829.0675,0.134,111.1771,0.4145,-110.7626,-99.6271,829.0675,0.0,-99.6271,0.0005,False,True,Will the highest temperature in London be 24°C on July 22?,highest-temperature-in-london-on-july-22-2026-24c,https://polymarket-upload.s3.us-east-2.amazonaws.com/highest-temperature-in-london-on-jan-22-eouu0bkjph8i.jpg,723997,highest-temperature-in-london-on-july-22-2026,Yes,0,No,37060303915930776223529429686993287809001649238307758955830855212421250569748,2026-07-22,True,True,True
0xb40e89677d59665d5188541ad860450a6e2a7cc9,15183882332276376227823078359266795082223549457874288348646549104378950429807,0xfe8d9c056c0ba4e3dd092c566db24b8dec3b76f3864fc60325274b4b717d8e47,785.8654,0.2996,235.4798,0.3929,-235.0869,-99.8331,785.8654,0.0,-99.8331,0.0005,False,True,Will the highest temperature in London be 26°C on July 22?,highest-temperature-in-london-on-july-22-2026-26c,https://polymarket-upload.s3.us-east-2.amazonaws.com/highest-temperature-in-london-on-jan-22-eouu0bkjph8i.jpg,723997,highest-temperature-in-london-on-july-22-2026,Yes,0,No,77057940062505913942103511569377331737814561287285126461343256122674453392841,2026-07-22,True,True,True
0xb40e89677d59665d5188541ad860450a6e2a7cc9,77057940062505913942103511569377331737814561287285126461343256122674453392841,0xfe8d9c056c0ba4e3dd092c566db24b8dec3b76f3864fc60325274b4b717d8e47,779.8097,0.682,531.8965,779.4198,247.5232,46.5359,779.8097,0.0,46.5359,0.9995,False,True,Will the highest temperature in London be 26°C on July 22?,highest-temperature-in-london-on-july-22-2026-26c,https://polymarket-upload.s3.us-east-2.amazonaws.com/highest-temperature-in-london-on-jan-22-eouu0bkjph8i.jpg,723997,highest-temperature-in-london-on-july-22-2026,No,1,Yes,15183882332276376227823078359266795082223549457874288348646549104378950429807,2026-07-22,True,True,True
0xb40e89677d59665d5188541ad860450a6e2a7cc9,60573534198924265923850660565464047491309722877423650995111375513583974906069,0x290aa4b0f8a0d350eca48f5b97c79509f368122c37f531e8397d0cbd6e116feb,711.1321,0.4272,303.8319,710.7765,406.9445,133.9373,711.1321,0.0,133.9373,0.9995,False,True,Will the highest temperature in Paris be 26°C on July 22?,highest-temperature-in-paris-on-july-22-2026-26c,https://polymarket-upload.s3.us-east-2.amazonaws.com/paris-f08f5c4a28.jpg,723998,highest-temperature-in-paris-on-july-22-2026,Yes,0,No,3163681722457800579883110563013296827988842825751035951809717065373521339471,2026-07-22,True,True,True
0xb40e89677d59665d5188541ad860450a6e2a7cc9,3163681722457800579883110563013296827988842825751035951809717065373521339471,0x290aa4b0f8a0d350eca48f5b97c79509f368122c37f531e8397d0cbd6e116feb,693.665,0.5769,400.1927,0.3468,-399.8459,-99.9133,693.665,0.0,-99.9133,0.0005,False,True,Will the highest temperature in Paris be 26°C on July 22?,highest-temperature-in-paris-on-july-22-2026-26c,https://polymarket-upload.s3.us-east-2.amazonaws.com/paris-f08f5c4a28.jpg,723998,highest-temperature-in-paris-on-july-22-2026,No,1,Yes,60573534198924265923850660565464047491309722877423650995111375513583974906069,2026-07-22,True,True,True
0xb40e89677d59665d5188541ad860450a6e2a7cc9,6134801413620038727286555743752690471763899822751875793799329050238105764194,0xb24ca8c20917ec69d6be4ef25ae9d459b0216218d8943de24c127378738c1b31,662.5967,0.3248,215.2637,0.3312,-214.9325,-99.8461,662.5967,0.0,-99.8461,0.0005,False,True,Will the highest temperature in Hong Kong be 32°C on July 22?,highest-temperature-in-hong-kong-on-july-22-2026-32c,https://polymarket-upload.s3.us-east-2.amazonaws.com/hongkong-ae9cc75f37.jpg,724027,highest-temperature-in-hong-kong-on-july-22-2026,Yes,0,No,75074087789283819312941150411230583558525283595647769766072131649345270291967,2026-07-22,True,True,True
0xb40e89677d59665d5188541ad860450a6e2a7cc9,75074087789283819312941150411230583558525283595647769766072131649345270291967,0xb24ca8c20917ec69d6be4ef25ae9d459b0216218d8943de24c127378738c1b31,618.4058,0.6701,414.4339,618.0966,203.6626,49.1423,618.4058,0.0,49.1423,0.9995,False,True,Will the highest temperature in Hong Kong be 32°C on July 22?,highest-temperature-in-hong-kong-on-july-22-2026-32c,https://polymarket-upload.s3.us-east-2.amazonaws.com/hongkong-ae9cc75f37.jpg,724027,highest-temperature-in-hong-kong-on-july-22-2026,No,1,Yes,6134801413620038727286555743752690471763899822751875793799329050238105764194,2026-07-22,True,True,True
0xb40e89677d59665d5188541ad860450a6e2a7cc9,81563148653193557034434213476350460740681672648075130650820668653459040807370,0xa12bdb488e48559ce54df14bc70c385fec08a7089af66f3bb6f14fe03c565c55,555.1651,0.311,172.6585,0.2775,-172.381,-99.8392,555.1651,0.0,-99.8392,0.0005,False,True,Will the highest temperature in Sao Paulo be 23°C on July 22?,highest-temperature-in-sao-paulo-on-july-22-2026-23c,https://polymarket-upload.s3.us-east-2.amazonaws.com/sao paulo-7deca91e54.jpg,727263,highest-temperature-in-sao-paulo-on-july-22-2026,No,1,Yes,20044516980327282643766655108803210847968740819964036704546012261294203321719,2026-07-22,True,True,True
0xb40e89677d59665d5188541ad860450a6e2a7cc9,114597111423995166751074116224406630146725263549485277371541178708766672680910,0xaa75ff2a83eaa6623eeaf0000399d7a8962dfffc2db95d81d22b8e2e8e87409e,550.3659,0.7687,423.0987,533.3046,110.2058,26.0472,550.3659,0.0,26.0473,0.969,False,True,Will the highest temperature in San Francisco be between 74-75°F on July 22?,highest-temperature-in-san-francisco-on-july-22-2026-74-75f,https://polymarket-upload.s3.us-east-2.amazonaws.com/san-francisco-e705a842df.jpg,727283,highest-temperature-in-san-francisco-on-july-22-2026,No,1,Yes,3636702506775850018464524268293949307443390905190103780763313786058068884442,2026-07-22,True,True,False
0xb40e89677d59665d5188541ad860450a6e2a7cc9,60577125184127715397048527157493900569329957231324636835654507038028578363821,0xa09fdaef624b2ee9a69ae61d812e38d7b291bc10027ef1880bd210d8f152d48f,546.116,0.3893,212.6406,0.273,-212.3676,-99.8715,546.116,0.0,-99.8716,0.0005,False,True,Will the highest temperature in New York City be between 86-87°F on July 22?,highest-temperature-in-nyc-on-july-22-2026-86-87f,https://polymarket-upload.s3.us-east-2.amazonaws.com/test-nyc-weather-pciture-cgUEW73XBkei.jpg,727274,highest-temperature-in-nyc-on-july-22-2026,Yes,0,No,37693059888332139340251467625673893451760419174824632804828875957236872143090,2026-07-22,True,True,True
0xb40e89677d59665d5188541ad860450a6e2a7cc9,3636702506775850018464524268293949307443390905190103780763313786058068884442,0xaa75ff2a83eaa6623eeaf0000399d7a8962dfffc2db95d81d22b8e2e8e87409e,519.1212,0.2092,108.6193,16.0927,-92.5266,-85.1842,519.1212,0.0,-85.1843,0.031,False,True,Will the highest temperature in San Francisco be between 74-75°F on July 22?,highest-temperature-in-san-francisco-on-july-22-2026-74-75f,https://polymarket-upload.s3.us-east-2.amazonaws.com/san-francisco-e705a842df.jpg,727283,highest-temperature-in-san-francisco-on-july-22-2026,Yes,0,No,114597111423995166751074116224406630146725263549485277371541178708766672680910,2026-07-22,True,True,False
0xb40e89677d59665d5188541ad860450a6e2a7cc9,24234980287550804715501185120031749981464802166690156698147324819716179139045,0x10b13471b107abb224e0d86ffe478bfa487f31428a47927da5fa3743570c3a7f,514.1339,0.4754,244.4223,0.7712,-243.6511,-99.6844,514.1339,0.0,-99.6844,0.0015,False,True,Will the highest temperature in New York City be between 88-89°F on July 22?,highest-temperature-in-nyc-on-july-22-2026-88-89f,https://polymarket-upload.s3.us-east-2.amazonaws.com/test-nyc-weather-pciture-cgUEW73XBkei.jpg,727274,highest-temperature-in-nyc-on-july-22-2026,No,1,Yes,15130655568756620692100175887933233554727074030980708222941799759380940784273,2026-07-22,True,True,True
0xb40e89677d59665d5188541ad860450a6e2a7cc9,59265304903982003420698845072850718236799058618401085540963947437710041682762,0x487e9931ca1f5e3bdff65880bc53555d9eab3b9fa4d437d3e762aeea77b5d4db,495.6853,0.3566,176.808,0.0,-176.808,-99.9999,495.6853,0.0,-100.0,0.0,True,True,Will the highest temperature in Milan be 30°C on July 21?,highest-temperature-in-milan-on-july-21-2026-30c,https://polymarket-upload.s3.us-east-2.amazonaws.com/milan-dba8e5d984.jpg,720237,highest-temperature-in-milan-on-july-21-2026,No,1,Yes,109404246564252789650554515724224803459079440461450610764410773823364213156906,2026-07-21,True,True,True
0xb40e89677d59665d5188541ad860450a6e2a7cc9,27141526973241773924907995217213079297156461958970600294134991646487094809174,0xafba093bd73a7ae6620d2397678f30f3a93d954939a993df08d0f7ece1e286c7,476.798,0.4402,209.8879,5.2447,-204.6432,-97.5011,476.798,0.0,-97.5011,0.011,False,True,Will the highest temperature in Los Angeles be between 78-79°F on July 22?,highest-temperature-in-los-angeles-on-july-22-2026-78-79f,https://polymarket-upload.s3.us-east-2.amazonaws.com/los-angeles-cdae9380c7.jpg,727282,highest-temperature-in-los-angeles-on-july-22-2026,Yes,0,No,7055402545790469184742361849380825616945248706375380549256193588709396457386,2026-07-22,True,True,True
0xb40e89677d59665d5188541ad860450a6e2a7cc9,37693059888332139340251467625673893451760419174824632804828875957236872143090,0xa09fdaef624b2ee9a69ae61d812e38d7b291bc10027ef1880bd210d8f152d48f,473.2205,0.5424,256.7056,472.9839,216.2782,84.2514,473.2205,0.0,84.2514,0.9995,False,True,Will the highest temperature in New York City be between 86-87°F on July 22?,highest-temperature-in-nyc-on-july-22-2026-86-87f,https://polymarket-upload.s3.us-east-2.amazonaws.com/test-nyc-weather-pciture-cgUEW73XBkei.jpg,727274,highest-temperature-in-nyc-on-july-22-2026,No,1,Yes,60577125184127715397048527157493900569329957231324636835654507038028578363821,2026-07-22,True,True,True
0xb40e89677d59665d5188541ad860450a6e2a7cc9,78065959494374139719113279393471519163691258536383791245141980165123982948193,0x113546c8a41c749bd20e43468f38d744e1ffda889364156ed6b176de2707be19,460.6624,0.2876,132.4934,0.6909,-131.8025,-99.4785,460.6624,0.0,-99.4785,0.0015,False,True,Will the highest temperature in Los Angeles be between 80-81°F on July 22?,highest-temperature-in-los-angeles-on-july-22-2026-80-81f,https://polymarket-upload.s3.us-east-2.amazonaws.com/los-angeles-cdae9380c7.jpg,727282,highest-temperature-in-los-angeles-on-july-22-2026,Yes,0,No,46670336268555097946128806485009629641983118774472790528418206448813777450224,2026-07-22,True,True,True
0xb40e89677d59665d5188541ad860450a6e2a7cc9,7055402545790469184742361849380825616945248706375380549256193588709396457386,0xafba093bd73a7ae6620d2397678f30f3a93d954939a993df08d0f7ece1e286c7,459.1327,0.5603,257.2695,454.0823,196.8127,76.5005,459.1327,0.0,76.5006,0.989,False,True,Will the highest temperature in Los Angeles be between 78-79°F on July 22?,highest-temperature-in-los-angeles-on-july-22-2026-78-79f,https://polymarket-upload.s3.us-east-2.amazonaws.com/los-angeles-cdae9380c7.jpg,727282,highest-temperature-in-los-angeles-on-july-22-2026,No,1,Yes,27141526973241773924907995217213079297156461958970600294134991646487094809174,2026-07-22,True,True,True
0xb40e89677d59665d5188541ad860450a6e2a7cc9,20044516980327282643766655108803210847968740819964036704546012261294203321719,0xa12bdb488e48559ce54df14bc70c385fec08a7089af66f3bb6f14fe03c565c55,436.3057,0.4693,204.794,436.0876,231.2935,112.9395,436.3057,0.0,112.9395,0.9995,False,True,Will the highest temperature in Sao Paulo be 23°C on July 22?,highest-temperature-in-sao-paulo-on-july-22-2026-23c,https://polymarket-upload.s3.us-east-2.amazonaws.com/sao paulo-7deca91e54.jpg,727263,highest-temperature-in-sao-paulo-on-july-22-2026,Yes,0,No,81563148653193557034434213476350460740681672648075130650820668653459040807370,2026-07-22,True,True,True
0xb40e89677d59665d5188541ad860450a6e2a7cc9,46670336268555097946128806485009629641983118774472790528418206448813777450224,0x113546c8a41c749bd20e43468f38d744e1ffda889364156ed6b176de2707be19,432.1799,0.7587,327.9023,431.5317,103.6293,31.6037,432.1799,0.0,31.6037,0.9985,False,True,Will the highest temperature in Los Angeles be between 80-81°F on July 22?,highest-temperature-in-los-angeles-on-july-22-2026-80-81f,https://polymarket-upload.s3.us-east-2.amazonaws.com/los-angeles-cdae9380c7.jpg,727282,highest-temperature-in-los-angeles-on-july-22-2026,No,1,Yes,78065959494374139719113279393471519163691258536383791245141980165123982948193,2026-07-22,True,True,True
0xb40e89677d59665d5188541ad860450a6e2a7cc9,94607978887561055125178534863409492912849300236764529375688665034946772474203,0x1e757da6bc42ec95592d61f450faff619cabfb08301f5456870335297b45ff3f,412.4515,0.387,159.6253,0.0,-159.6253,-99.9999,412.4515,0.0,-100.0,0.0,True,True,Will the highest temperature in Milan be 30°C on July 22?,highest-temperature-in-milan-on-july-22-2026-30c,https://polymarket-upload.s3.us-east-2.amazonaws.com/milan-dba8e5d984.jpg,724030,highest-temperature-in-milan-on-july-22-2026,Yes,0,No,79477053294696485037967709702796443009198418302701198171288729049970163682636,2026-07-22,True,True,True
0xb40e89677d59665d5188541ad860450a6e2a7cc9,15130655568756620692100175887933233554727074030980708222941799759380940784273,0x10b13471b107abb224e0d86ffe478bfa487f31428a47927da5fa3743570c3a7f,389.2139,0.3524,137.194,388.6301,251.436,183.2703,389.2139,0.0,183.2704,0.9985,False,True,Will the highest temperature in New York City be between 88-89°F on July 22?,highest-temperature-in-nyc-on-july-22-2026-88-89f,https://polymarket-upload.s3.us-east-2.amazonaws.com/test-nyc-weather-pciture-cgUEW73XBkei.jpg,727274,highest-temperature-in-nyc-on-july-22-2026,Yes,0,No,24234980287550804715501185120031749981464802166690156698147324819716179139045,2026-07-22,True,True,True
0xb40e89677d59665d5188541ad860450a6e2a7cc9,31845606202345704917317762422574657392011683027756931624125755570613532023734,0x3e06dddda8b3c3500e4a55a50d2d26b23bb18631bdb95fc9448dcde60a288997,373.6338,0.4653,173.857,0.1868,-173.6702,-99.8925,373.6338,0.0,-99.8925,0.0005,False,True,Will the highest temperature in Milan be 29°C on July 22?,highest-temperature-in-milan-on-july-22-2026-29c,https://polymarket-upload.s3.us-east-2.amazonaws.com/milan-dba8e5d984.jpg,724030,highest-temperature-in-milan-on-july-22-2026,No,1,Yes,41150679904263748295601458293792637823345018044113311019607930364453055137953,2026-07-22,True,True,True
0xb40e89677d59665d5188541ad860450a6e2a7cc9,79477053294696485037967709702796443009198418302701198171288729049970163682636,0x1e757da6bc42ec95592d61f450faff619cabfb08301f5456870335297b45ff3f,363.9843,0.5818,211.7926,363.9843,152.1916,71.8587,363.9843,0.0,71.8587,1.0,True,True,Will the highest temperature in Milan be 30°C on July 22?,highest-temperature-in-milan-on-july-22-2026-30c,https://polymarket-upload.s3.us-east-2.amazonaws.com/milan-dba8e5d984.jpg,724030,highest-temperature-in-milan-on-july-22-2026,No,1,Yes,94607978887561055125178534863409492912849300236764529375688665034946772474203,2026-07-22,True,True,True
0xb40e89677d59665d5188541ad860450a6e2a7cc9,110218278642168322020199830061849282453617731414883687104149272565347244936879,0x4fa082f81b1c0fb2a712688ac8d4bc209f300e706040ff57270b5d23313012f9,360.7283,0.686,247.4902,360.5479,113.0576,45.6816,360.7283,0.0,45.6816,0.9995,False,True,Will the highest temperature in Warsaw be 22°C on July 22?,highest-temperature-in-warsaw-on-july-22-2026-22c,https://polymarket-upload.s3.us-east-2.amazonaws.com/warsaw-7f43eebaf6.jpg,724032,highest-temperature-in-warsaw-on-july-22-2026,Yes,0,No,103297117100715455566508034228352655863872274386281292441891538218709216606453,2026-07-22,True,True,True
0xb40e89677d59665d5188541ad860450a6e2a7cc9,33589060326628508714626956764448969719299394349257940998312168290456899239023,0x3afbd82389268083f6694d6d82f7cc8997fdbc758a71690885646a1bc0e70acc,352.7046,0.1723,60.7967,0.1763,-60.6204,-99.7099,352.7046,0.0,-99.71,0.0005,False,True,Will the highest temperature in New York City be between 84-85°F on July 22?,highest-temperature-in-nyc-on-july-22-2026-84-85f,https://polymarket-upload.s3.us-east-2.amazonaws.com/test-nyc-weather-pciture-cgUEW73XBkei.jpg,727274,highest-temperature-in-nyc-on-july-22-2026,Yes,0,No,96974384072102358668094113002795400918447785179944539798281643951853786693545,2026-07-22,True,True,True
0xb40e89677d59665d5188541ad860450a6e2a7cc9,104932627413266565132385585244970880957203789104947256709800216764478608813536,0x8ceb001ea4bc396b202979651d0f69ef48e3f346e3fa45f060685d263708c1b2,338.4103,0.3585,121.3224,0.1692,-121.1532,-99.8604,338.4103,0.0,-99.8605,0.0005,False,True,Will the highest temperature in Miami be between 92-93°F on July 22?,highest-temperature-in-miami-on-july-22-2026-92-93f,https://polymarket-upload.s3.us-east-2.amazonaws.com/highest-temperature-in-miami-on-december-5-fjW5d7xet1Aq.jpg,727277,highest-temperature-in-miami-on-july-22-2026,No,1,Yes,87228000221983661404925428897731098114475161610633598773227571472769581497155,2026-07-22,True,True,True
0xb40e89677d59665d5188541ad860450a6e2a7cc9,76107251258110039710807552051841053719085520935657353109663358119951321783480,0x2cfd5a5f0a0cc050e32e6b42a7183ec4e78c9a434c815303528b1e002ba7002a,336.5963,0.3858,129.8605,0.5048,-129.3557,-99.6112,336.5963,0.0,-99.6112,0.0015,False,True,Will the highest temperature in Toronto be 22°C on July 22?,highest-temperature-in-toronto-on-july-22-2026-22c,https://polymarket-upload.s3.us-east-2.amazonaws.com/highest-temperature-in-toronto-on-december-6-ZHBngGPj9GGd.jpg,727265,highest-temperature-in-toronto-on-july-22-2026,No,1,Yes,6627619062264619470926286988379614188939368789277148479012301906704463770630,2026-07-22,True,True,True
0xb40e89677d59665d5188541ad860450a6e2a7cc9,53435124264336627243168867601838755132378993752444211040855488378683398201383,0xabcd087dfefedd2093af216e09bca1f756ce49c950fb2d9a7c99df05a2b4dc25,329.9431,0.0986,32.5406,0.1649,-32.3757,-99.4931,329.9431,0.0,-99.4932,0.0005,False,True,Will the highest temperature in Toronto be 20°C on July 22?,highest-temperature-in-toronto-on-july-22-2026-20c,https://polymarket-upload.s3.us-east-2.amazonaws.com/highest-temperature-in-toronto-on-december-6-ZHBngGPj9GGd.jpg,727265,highest-temperature-in-toronto-on-july-22-2026,Yes,0,No,33013776614721212598881266695976223765985555130038488920921477482204583007497,2026-07-22,True,True,True
0xb40e89677d59665d5188541ad860450a6e2a7cc9,103297117100715455566508034228352655863872274386281292441891538218709216606453,0x4fa082f81b1c0fb2a712688ac8d4bc209f300e706040ff57270b5d23313012f9,317.92,0.3208,101.9909,0.1589,-101.832,-99.8441,317.92,0.0,-99.8442,0.0005,False,True,Will the highest temperature in Warsaw be 22°C on July 22?,highest-temperature-in-warsaw-on-july-22-2026-22c,https://polymarket-upload.s3.us-east-2.amazonaws.com/warsaw-7f43eebaf6.jpg,724032,highest-temperature-in-warsaw-on-july-22-2026,No,1,Yes,110218278642168322020199830061849282453617731414883687104149272565347244936879,2026-07-22,True,True,True
0xb40e89677d59665d5188541ad860450a6e2a7cc9,52017033666954946330823588152324177821353880566591244500218770804734828025108,0x102974a05ad8f0f52c3e8970a73fbc268e6bb242ba93a26900decf94615e7eb4,307.107,0.651,199.9441,9.0596,-190.8845,-95.4688,307.107,0.0,-95.4689,0.0295,False,True,Will the highest temperature in Seattle be between 94-95°F on July 22?,highest-temperature-in-seattle-on-july-22-2026-94-95f,https://polymarket-upload.s3.us-east-2.amazonaws.com/highest-temperature-in-seattle-on-december-5-mjogoGN44OY4.jpg,727273,highest-temperature-in-seattle-on-july-22-2026,No,1,Yes,61027064482239744881787314413334845306474777463241247185971176027540130880820,2026-07-22,True,True,False
0xb40e89677d59665d5188541ad860450a6e2a7cc9,109404246564252789650554515724224803459079440461450610764410773823364213156906,0x487e9931ca1f5e3bdff65880bc53555d9eab3b9fa4d437d3e762aeea77b5d4db,305.7774,0.4624,141.3985,305.7774,164.3788,116.2521,305.7774,0.0,116.2521,1.0,True,True,Will the highest temperature in Milan be 30°C on July 21?,highest-temperature-in-milan-on-july-21-2026-30c,https://polymarket-upload.s3.us-east-2.amazonaws.com/milan-dba8e5d984.jpg,720237,highest-temperature-in-milan-on-july-21-2026,Yes,0,No,59265304903982003420698845072850718236799058618401085540963947437710041682762,2026-07-21,True,True,True
0xb40e89677d59665d5188541ad860450a6e2a7cc9,71620448893727482477018366294045724991194359035503976255011181855139374733789,0x1a74e878fbf9ad39ccaee7b5bc582c1c2cfbffd0982039f474f710d54e7846cd,305.5,0.014,4.2821,0.0,-4.2821,-99.9978,442.88,66.7643,-100.0,0.0,True,False,Will the highest temperature in Qingdao be 29°C on July 7?,highest-temperature-in-qingdao-on-july-7-2026-29c,https://polymarket-upload.s3.us-east-2.amazonaws.com/qingdao-64680595db.jpg,668443,highest-temperature-in-qingdao-on-july-7-2026,Yes,0,No,88875101558458842300121716999208674841449990889373151347292482751294481377421,2026-07-07,True,True,True
0xb40e89677d59665d5188541ad860450a6e2a7cc9,623020034099374238577276009640511340528175629941839658514321962858294495425,0xe92b127ca57056705f98de00411374e46a335505d7c5afaed63248a5b1037066,305.2105,0.3163,96.5426,0.1526,-96.39,-99.8418,305.2105,0.0,-99.8419,0.0005,False,True,Will the highest temperature in Seattle be between 92-93°F on July 22?,highest-temperature-in-seattle-on-july-22-2026-92-93f,https://polymarket-upload.s3.us-east-2.amazonaws.com/highest-temperature-in-seattle-on-december-5-mjogoGN44OY4.jpg,727273,highest-temperature-in-seattle-on-july-22-2026,Yes,0,No,40472513117897908768415667125198678583457317454771724589019489585921377648837,2026-07-22,True,True,True
0xb40e89677d59665d5188541ad860450a6e2a7cc9,90127279403818145613850473841017714206145782714314855502673843095135224827479,0x57272085021bc3ef1e0455be8f6d837b99d04df86b0aeb2e34bdf8d7383f97b9,305.0835,0.1745,53.2581,1.3728,-51.8853,-97.4222,305.0835,0.0,-97.4223,0.0045,False,True,Will the highest temperature in Houston be between 104-105°F on July 22?,highest-temperature-in-houston-on-july-22-2026-104-105f,https://polymarket-upload.s3.us-east-2.amazonaws.com/houston-ef6084a9ac.jpg,727281,highest-temperature-in-houston-on-july-22-2026,Yes,0,No,32874890280752936056472315476553136195449382455703211845871544153074241269967,2026-07-22,True,True,True
0xb40e89677d59665d5188541ad860450a6e2a7cc9,32874890280752936056472315476553136195449382455703211845871544153074241269967,0x57272085021bc3ef1e0455be8f6d837b99d04df86b0aeb2e34bdf8d7383f97b9,300.3394,0.8465,254.2514,298.9879,44.7364,17.5953,300.3394,0.0,17.5953,0.9955,False,True,Will the highest temperature in Houston be between 104-105°F on July 22?,highest-temperature-in-houston-on-july-22-2026-104-105f,https://polymarket-upload.s3.us-east-2.amazonaws.com/houston-ef6084a9ac.jpg,727281,highest-temperature-in-houston-on-july-22-2026,No,1,Yes,90127279403818145613850473841017714206145782714314855502673843095135224827479,2026-07-22,True,True,True
0xb40e89677d59665d5188541ad860450a6e2a7cc9,40472513117897908768415667125198678583457317454771724589019489585921377648837,0xe92b127ca57056705f98de00411374e46a335505d7c5afaed63248a5b1037066,296.6597,0.6373,189.0882,296.5114,107.4231,56.811,296.6597,0.0,56.8111,0.9995,False,True,Will the highest temperature in Seattle be between 92-93°F on July 22?,highest-temperature-in-seattle-on-july-22-2026-92-93f,https://polymarket-upload.s3.us-east-2.amazonaws.com/highest-temperature-in-seattle-on-december-5-mjogoGN44OY4.jpg,727273,highest-temperature-in-seattle-on-july-22-2026,No,1,Yes,623020034099374238577276009640511340528175629941839658514321962858294495425,2026-07-22,True,True,True
0xb40e89677d59665d5188541ad860450a6e2a7cc9,62698026108088253608698731733885102688253338328941772998554245672662563890492,0x464ef9613c295627c96c40e8052f2bc2437b781a5f592bc54198a2728ade82fc,290.13,0.1513,43.9251,33.3649,-10.5602,-24.0413,290.13,0.0,-24.0413,0.115,False,True,Will the highest temperature in Dallas be between 96-97°F on July 23?,highest-temperature-in-dallas-on-july-23-2026-96-97f,https://polymarket-upload.s3.us-east-2.amazonaws.com/highest-temperature-in-dallas-on-december-5-m1XZuVxmKEs_.jpg,731110,highest-temperature-in-dallas-on-july-23-2026,Yes,0,No,51301733548072212079612405037238020297902382270813317390224037857957936606745,2026-07-23,True,True,False
0xb40e89677d59665d5188541ad860450a6e2a7cc9,51301733548072212079612405037238020297902382270813317390224037857957936606745,0x464ef9613c295627c96c40e8052f2bc2437b781a5f592bc54198a2728ade82fc,290.1272,0.8064,233.9853,256.7626,22.7772,9.7344,290.1272,0.0,9.7344,0.885,False,True,Will the highest temperature in Dallas be between 96-97°F on July 23?,highest-temperature-in-dallas-on-july-23-2026-96-97f,https://polymarket-upload.s3.us-east-2.amazonaws.com/highest-temperature-in-dallas-on-december-5-m1XZuVxmKEs_.jpg,731110,highest-temperature-in-dallas-on-july-23-2026,No,1,Yes,62698026108088253608698731733885102688253338328941772998554245672662563890492,2026-07-23,True,True,False
0xb40e89677d59665d5188541ad860450a6e2a7cc9,2730494419726655825840181369448331169694186698454841852928279403022229629392,0x4c62c3f34fe70eb28593294dc9446489a8070416988b9dc623e6aee1268fd6fe,289.08,0.7473,216.0407,212.4738,-3.5669,-1.651,289.08,0.0,-1.651,0.735,False,True,Will the highest temperature in Buenos Aires be 13°C on July 23?,highest-temperature-in-buenos-aires-on-july-23-2026-13c,https://polymarket-upload.s3.us-east-2.amazonaws.com/will-the-highest-temperature-in-buenos-aires-be-32-c-or-higher-on-december-6-etNh-JFGhdrt.jpg,731099,highest-temperature-in-buenos-aires-on-july-23-2026,No,1,Yes,113685022306339709863178712290162398956297018632546367122149632038640769811912,2026-07-23,True,True,False
0xb40e89677d59665d5188541ad860450a6e2a7cc9,24312241127912936236221457954220918799911671825746567591647137021591901270095,0xd6257d24166339bac70768ff9fb61ab05aeca2c5b6649216104b4105bc4c1849,286.1424,0.9078,259.7881,284.7117,24.9235,9.5937,286.1424,0.0,9.5937,0.995,False,True,Will the highest temperature in San Francisco be between 78-79°F on July 22?,highest-temperature-in-san-francisco-on-july-22-2026-78-79f,https://polymarket-upload.s3.us-east-2.amazonaws.com/san-francisco-e705a842df.jpg,727283,highest-temperature-in-san-francisco-on-july-22-2026,No,1,Yes,65249232597333816208799100081461385769230024301612414884632495383814471960636,2026-07-22,True,True,True
0xb40e89677d59665d5188541ad860450a6e2a7cc9,102018387394108890653076165419531305754928621689673546305536497798538583312293,0x7a2bcacf1d5fe6948c3c7765fce94171b6945c8103b0ac0aaf2bf8df945fbc42,283.2737,0.2035,57.6612,0.1416,-57.5196,-99.7544,283.2737,0.0,-99.7544,0.0005,False,True,Will the highest temperature in Toronto be 23°C on July 22?,highest-temperature-in-toronto-on-july-22-2026-23c,https://polymarket-upload.s3.us-east-2.amazonaws.com/highest-temperature-in-toronto-on-december-6-ZHBngGPj9GGd.jpg,727265,highest-temperature-in-toronto-on-july-22-2026,Yes,0,No,101843827529425637166444170768403079885613470418588176926459199957064575168411,2026-07-22,True,True,True
0xb40e89677d59665d5188541ad860450a6e2a7cc9,72758542868942089128589775521182769432499446969012715015564831281786781084158,0x1ac139b7c68ed4917f4eea006e3f5a2a1bc1b6dfae68c390545baebef7818900,277.1711,0.6216,172.302,277.1711,104.869,60.8634,277.1711,0.0,60.8634,1.0,True,True,Will the highest temperature in Munich be 24°C on July 22?,highest-temperature-in-munich-on-july-22-2026-24c,https://polymarket-upload.s3.us-east-2.amazonaws.com/munich-f68b5f780d.jpg,724024,highest-temperature-in-munich-on-july-22-2026,No,1,Yes,5961308118161016912502150529303927249508347276061242588843954083098403432346,2026-07-22,True,True,True
0xb40e89677d59665d5188541ad860450a6e2a7cc9,87538628750509407554125411254727647946397320235585593384275578622169192063110,0xde0095dae0824b19edfeb7ddd76a9eb840a2e4c331c9c135bf68cfe7695006f9,276.5737,0.5303,146.6911,121.6924,-24.9987,-17.0417,276.5737,0.0,-17.0417,0.44,False,True,Will the highest temperature in Busan be 33°C on July 23?,highest-temperature-in-busan-on-july-23-2026-33c,https://polymarket-upload.s3.us-east-2.amazonaws.com/busan-ac26e40e59.jpg,727817,highest-temperature-in-busan-on-july-23-2026,Yes,0,No,54364548508918523368328273386118251529838025074309771772465457147488646717156,2026-07-23,True,True,False
0xb40e89677d59665d5188541ad860450a6e2a7cc9,30381783291733972148558711210535017624945046626818415582063147937188003935400,0xf2512e0adca6a5691cbc51e0ccc92d44522a926a0c005dc40f52fd26a339dc1b,275.9607,0.5059,139.6261,0.1379,-139.4882,-99.9011,275.9607,0.0,-99.9012,0.0005,False,True,Will the highest temperature in Miami be between 90-91°F on July 22?,highest-temperature-in-miami-on-july-22-2026-90-91f,https://polymarket-upload.s3.us-east-2.amazonaws.com/highest-temperature-in-miami-on-december-5-fjW5d7xet1Aq.jpg,727277,highest-temperature-in-miami-on-july-22-2026,Yes,0,No,76307233657490047746904125329675100775954554381690838392862120819937044076681,2026-07-22,True,True,True
0xb40e89677d59665d5188541ad860450a6e2a7cc9,105161854310878492270091864285479055829526495836910318968610387332755842713233,0xa9feaa3f9f7c0fc88a2d926ca858dc0f6bd622e32dbb0b66c269c607d070c4d5,273.0358,0.1561,42.6255,0.1365,-42.489,-99.6796,273.0358,0.0,-99.6797,0.0005,False,True,Will the highest temperature in Seoul be 26°C on July 23?,highest-temperature-in-seoul-on-july-23-2026-26c,https://polymarket-upload.s3.us-east-2.amazonaws.com/highest-temperature-in-seoul-on-december-6-WzqtMeHg43n4.jpg,727797,highest-temperature-in-seoul-on-july-23-2026,Yes,0,No,102702254795781202316653394969705828229255276062875828960257098621478249914276,2026-07-23,True,True,True
0xb40e89677d59665d5188541ad860450a6e2a7cc9,86294830653837325630705118942002860976238617799863561581721642864152590183875,0x416e317e918c06b169c704647654ea2b84231c0f085899c97c80a7fc66494b65,269.7307,0.0352,9.5117,0.1348,-9.3769,-98.5819,269.7307,0.0,-98.5828,0.0005,False,True,Will the highest temperature in Hong Kong be 34°C on July 22?,highest-temperature-in-hong-kong-on-july-22-2026-34c,https://polymarket-upload.s3.us-east-2.amazonaws.com/hongkong-ae9cc75f37.jpg,724027,highest-temperature-in-hong-kong-on-july-22-2026,Yes,0,No,100273371851641309553358962495364451650855379341328597489426269463021303297107,2026-07-22,True,True,True
0xb40e89677d59665d5188541ad860450a6e2a7cc9,96974384072102358668094113002795400918447785179944539798281643951853786693545,0x3afbd82389268083f6694d6d82f7cc8997fdbc758a71690885646a1bc0e70acc,262.8237,0.7705,202.5175,262.6923,60.1747,29.7133,262.8237,0.0,29.7133,0.9995,False,True,Will the highest temperature in New York City be between 84-85°F on July 22?,highest-temperature-in-nyc-on-july-22-2026-84-85f,https://polymarket-upload.s3.us-east-2.amazonaws.com/test-nyc-weather-pciture-cgUEW73XBkei.jpg,727274,highest-temperature-in-nyc-on-july-22-2026,No,1,Yes,33589060326628508714626956764448969719299394349257940998312168290456899239023,2026-07-22,True,True,True
0xb40e89677d59665d5188541ad860450a6e2a7cc9,51839161792640744817561446783420161098173570763770910905405077496792538531226,0xb5f14edbbe409388b522299b622cd0ce03b72c4d8e829cf9c50565746a606de3,262.2566,0.0595,15.6184,0.1311,-15.4873,-99.1604,262.2566,0.0,-99.1606,0.0005,False,True,Will the highest temperature in Hong Kong be 30°C on July 22?,highest-temperature-in-hong-kong-on-july-22-2026-30c,https://polymarket-upload.s3.us-east-2.amazonaws.com/hongkong-ae9cc75f37.jpg,724027,highest-temperature-in-hong-kong-on-july-22-2026,Yes,0,No,66892635576505108533647398415367182268696271604400200166906154516572942957623,2026-07-22,True,True,True
0xb40e89677d59665d5188541ad860450a6e2a7cc9,52834960403788435898719932664205869072192896823058084470424302511704725547361,0x2b366ca2ebbd5401693aadc3bd0ce99dc8cc63b933b065cbd18c5481dbaf4a9f,261.6,0.0509,13.3416,0.0,-13.3416,-100.0,361.6,44.9,-100.0,0.0,True,False,Will the highest temperature in Qingdao be 31°C or higher on July 7?,highest-temperature-in-qingdao-on-july-7-2026-31corhigher,https://polymarket-upload.s3.us-east-2.amazonaws.com/qingdao-64680595db.jpg,668443,highest-temperature-in-qingdao-on-july-7-2026,Yes,0,No,43961991525315696180770099795450960526919303986510109674546742121704945436727,2026-07-07,True,True,True
0xb40e89677d59665d5188541ad860450a6e2a7cc9,65249232597333816208799100081461385769230024301612414884632495383814471960636,0xd6257d24166339bac70768ff9fb61ab05aeca2c5b6649216104b4105bc4c1849,260.798,0.0701,18.2978,1.3039,-16.9939,-92.8737,260.798,0.0,-92.874,0.005,False,True,Will the highest temperature in San Francisco be between 78-79°F on July 22?,highest-temperature-in-san-francisco-on-july-22-2026-78-79f,https://polymarket-upload.s3.us-east-2.amazonaws.com/san-francisco-e705a842df.jpg,727283,highest-temperature-in-san-francisco-on-july-22-2026,Yes,0,No,24312241127912936236221457954220918799911671825746567591647137021591901270095,2026-07-22,True,True,True
0xb40e89677d59665d5188541ad860450a6e2a7cc9,87228000221983661404925428897731098114475161610633598773227571472769581497155,0x8ceb001ea4bc396b202979651d0f69ef48e3f346e3fa45f060685d263708c1b2,258.9408,0.4399,113.9287,258.8113,144.8825,127.1693,258.9408,0.0,127.1693,0.9995,False,True,Will the highest temperature in Miami be between 92-93°F on July 22?,highest-temperature-in-miami-on-july-22-2026-92-93f,https://polymarket-upload.s3.us-east-2.amazonaws.com/highest-temperature-in-miami-on-december-5-fjW5d7xet1Aq.jpg,727277,highest-temperature-in-miami-on-july-22-2026,Yes,0,No,104932627413266565132385585244970880957203789104947256709800216764478608813536,2026-07-22,True,True,True
0xb40e89677d59665d5188541ad860450a6e2a7cc9,36921745537581971102492587753912692056334670434470688522193796423282796814407,0x50d19db6cc071c50060c438681b506cb85aa2aa7be03f18c8d8ff2092fd7db28,257.44,0.0688,17.7126,0.1287,-17.5839,-99.2731,257.44,0.0,-99.2734,0.0005,False,True,Will the highest temperature in Los Angeles be between 74-75°F on July 22?,highest-temperature-in-los-angeles-on-july-22-2026-74-75f,https://polymarket-upload.s3.us-east-2.amazonaws.com/los-angeles-cdae9380c7.jpg,727282,highest-temperature-in-los-angeles-on-july-22-2026,Yes,0,No,54622900480222792106777679776552989897800674737890947018527227333764871150100,2026-07-22,True,True,True
0xb40e89677d59665d5188541ad860450a6e2a7cc9,41150679904263748295601458293792637823345018044113311019607930364453055137953,0x3e06dddda8b3c3500e4a55a50d2d26b23bb18631bdb95fc9448dcde60a288997,257.2265,0.3581,92.137,257.0979,164.9608,179.0385,257.2265,0.0,179.0386,0.9995,False,True,Will the highest temperature in Milan be 29°C on July 22?,highest-temperature-in-milan-on-july-22-2026-29c,https://polymarket-upload.s3.us-east-2.amazonaws.com/milan-dba8e5d984.jpg,724030,highest-temperature-in-milan-on-july-22-2026,Yes,0,No,31845606202345704917317762422574657392011683027756931624125755570613532023734,2026-07-22,True,True,True
0xb40e89677d59665d5188541ad860450a6e2a7cc9,61027064482239744881787314413334845306474777463241247185971176027540130880820,0x102974a05ad8f0f52c3e8970a73fbc268e6bb242ba93a26900decf94615e7eb4,256.8965,0.272,69.8774,249.3181,179.4406,256.7934,256.8965,0.0,256.7935,0.9705,False,True,Will the highest temperature in Seattle be between 94-95°F on July 22?,highest-temperature-in-seattle-on-july-22-2026-94-95f,https://polymarket-upload.s3.us-east-2.amazonaws.com/highest-temperature-in-seattle-on-december-5-mjogoGN44OY4.jpg,727273,highest-temperature-in-seattle-on-july-22-2026,Yes,0,No,52017033666954946330823588152324177821353880566591244500218770804734828025108,2026-07-22,True,True,False
0xb40e89677d59665d5188541ad860450a6e2a7cc9,51915422695623511523606643253328666105737947170848889776683340088758309286174,0x09ee95b6c1fab1585cb3e3fe53056f529d89db43b1833e5683e7ef2b82d53571,256.3253,0.2579,66.1242,0.0,-66.1242,-99.9999,1222.9934,233.9626,-100.0,0.0,True,False,Will the highest temperature in Shanghai be 35°C on July 7?,highest-temperature-in-shanghai-on-july-7-2026-35c,https://polymarket-upload.s3.us-east-2.amazonaws.com/shanghai-98a00e357b.png,668424,highest-temperature-in-shanghai-on-july-7-2026,Yes,0,No,21921836132473100650165872553580578933281851656743880865054396033716171585597,2026-07-07,True,True,True
0xb40e89677d59665d5188541ad860450a6e2a7cc9,101843827529425637166444170768403079885613470418588176926459199957064575168411,0x7a2bcacf1d5fe6948c3c7765fce94171b6945c8103b0ac0aaf2bf8df945fbc42,254.1366,0.7757,197.1553,254.0095,56.8541,28.8372,254.1366,0.0,28.8372,0.9995,False,True,Will the highest temperature in Toronto be 23°C on July 22?,highest-temperature-in-toronto-on-july-22-2026-23c,https://polymarket-upload.s3.us-east-2.amazonaws.com/highest-temperature-in-toronto-on-december-6-ZHBngGPj9GGd.jpg,727265,highest-temperature-in-toronto-on-july-22-2026,No,1,Yes,102018387394108890653076165419531305754928621689673546305536497798538583312293,2026-07-22,True,True,True
0xb40e89677d59665d5188541ad860450a6e2a7cc9,49937570450307606301250653265386847590073608906832238730211487916358722117755,0xff2dc04870472207747ef8e5183ef4e48e43c73743f7d130a364333a87556a3c,253.6519,0.6263,158.8834,107.802,-51.0814,-32.1502,253.6519,0.0,-32.1502,0.425,False,True,Will the highest temperature in Paris be 25°C on July 23?,highest-temperature-in-paris-on-july-23-2026-25c,https://polymarket-upload.s3.us-east-2.amazonaws.com/paris-f08f5c4a28.jpg,727796,highest-temperature-in-paris-on-july-23-2026,No,1,Yes,29877118238035170105060115789807159978512181999783426888041529080999290402983,2026-07-23,True,True,False
0xb40e89677d59665d5188541ad860450a6e2a7cc9,76307233657490047746904125329675100775954554381690838392862120819937044076681,0xf2512e0adca6a5691cbc51e0ccc92d44522a926a0c005dc40f52fd26a339dc1b,252.084,0.486,122.5164,251.958,129.4415,105.6523,252.084,0.0,105.6524,0.9995,False,True,Will the highest temperature in Miami be between 90-91°F on July 22?,highest-temperature-in-miami-on-july-22-2026-90-91f,https://polymarket-upload.s3.us-east-2.amazonaws.com/highest-temperature-in-miami-on-december-5-fjW5d7xet1Aq.jpg,727277,highest-temperature-in-miami-on-july-22-2026,No,1,Yes,30381783291733972148558711210535017624945046626818415582063147937188003935400,2026-07-22,True,True,True
0xb40e89677d59665d5188541ad860450a6e2a7cc9,82768531874539579332422216880159980913196623213037059365722754442149714478353,0x9d3c9c74d6dc88f3209c85176ee0f88b918d11eb00b59edddbcac37af1860ca3,245.03,0.7288,178.6016,172.7461,-5.8555,-3.2785,245.03,0.0,-3.2785,0.705,False,True,Will the highest temperature in London be 27°C on July 23?,highest-temperature-in-london-on-july-23-2026-27c,https://polymarket-upload.s3.us-east-2.amazonaws.com/highest-temperature-in-london-on-jan-22-eouu0bkjph8i.jpg,727795,highest-temperature-in-london-on-july-23-2026,No,1,Yes,83113460483286884465753187523229185408760523283444659878468893775335167153290,2026-07-23,True,True,False
0xb40e89677d59665d5188541ad860450a6e2a7cc9,18993851614326065779885051173847802069200712154731441271852328311998428659523,0x980942f58c4b778cce26a7bab15a8e9552b9eef4f437be97a58097130897ff3e,244.2475,0.1225,29.9217,12.2123,-17.7094,-59.1856,244.2475,0.0,-59.1859,0.05,False,True,Will the highest temperature in Hong Kong be 32°C on July 23?,highest-temperature-in-hong-kong-on-july-23-2026-32c,https://polymarket-upload.s3.us-east-2.amazonaws.com/hongkong-ae9cc75f37.jpg,727803,highest-temperature-in-hong-kong-on-july-23-2026,Yes,0,No,28568758795521977325035747298642279305956720486290430420905643979697416261733,2026-07-23,True,True,False
0xb40e89677d59665d5188541ad860450a6e2a7cc9,5961308118161016912502150529303927249508347276061242588843954083098403432346,0x1ac139b7c68ed4917f4eea006e3f5a2a1bc1b6dfae68c390545baebef7818900,243.4534,0.3224,78.5074,0.0,-78.5074,-99.9999,243.4534,0.0,-100.0,0.0,True,True,Will the highest temperature in Munich be 24°C on July 22?,highest-temperature-in-munich-on-july-22-2026-24c,https://polymarket-upload.s3.us-east-2.amazonaws.com/munich-f68b5f780d.jpg,724024,highest-temperature-in-munich-on-july-22-2026,Yes,0,No,72758542868942089128589775521182769432499446969012715015564831281786781084158,2026-07-22,True,True,True
0xb40e89677d59665d5188541ad860450a6e2a7cc9,33013776614721212598881266695976223765985555130038488920921477482204583007497,0xabcd087dfefedd2093af216e09bca1f756ce49c950fb2d9a7c99df05a2b4dc25,242.9407,0.8696,211.2734,242.8192,31.5457,14.9312,242.9407,0.0,14.9312,0.9995,False,True,Will the highest temperature in Toronto be 20°C on July 22?,highest-temperature-in-toronto-on-july-22-2026-20c,https://polymarket-upload.s3.us-east-2.amazonaws.com/highest-temperature-in-toronto-on-december-6-ZHBngGPj9GGd.jpg,727265,highest-temperature-in-toronto-on-july-22-2026,No,1,Yes,53435124264336627243168867601838755132378993752444211040855488378683398201383,2026-07-22,True,True,True
0xb40e89677d59665d5188541ad860450a6e2a7cc9,18524208197124277372820928663275552738310790394850503831519593963690217508263,0xba5c876007dd2ed370eacc9436893e6ae5946afd05f51c6662b6bd6de887de55,241.6673,0.4179,101.0,0.0,-101.0,-99.9999,948.9548,17.3517,-100.0,0.0,True,False,Will the highest temperature in Seoul be 29°C on July 7?,highest-temperature-in-seoul-on-july-7-2026-29c,https://polymarket-upload.s3.us-east-2.amazonaws.com/highest-temperature-in-seoul-on-december-6-WzqtMeHg43n4.jpg,668417,highest-temperature-in-seoul-on-july-7-2026,Yes,0,No,57513265951637672784254413697007423391014975574994518119571755103036839932301,2026-07-07,True,True,True
0xb40e89677d59665d5188541ad860450a6e2a7cc9,6627619062264619470926286988379614188939368789277148479012301906704463770630,0x2cfd5a5f0a0cc050e32e6b42a7183ec4e78c9a434c815303528b1e002ba7002a,238.1058,0.5204,123.9174,237.7487,113.8312,91.8605,238.1058,0.0,91.8605,0.9985,False,True,Will the highest temperature in Toronto be 22°C on July 22?,highest-temperature-in-toronto-on-july-22-2026-22c,https://polymarket-upload.s3.us-east-2.amazonaws.com/highest-temperature-in-toronto-on-december-6-ZHBngGPj9GGd.jpg,727265,highest-temperature-in-toronto-on-july-22-2026,Yes,0,No,76107251258110039710807552051841053719085520935657353109663358119951321783480,2026-07-22,True,True,True
0xb40e89677d59665d5188541ad860450a6e2a7cc9,23358177194079386205359429612375919057161986529595468327269651469509499273061,0xc564f57981c89ca2823a248369f562f429835e2c8ed7c66a1a5b075231d4682d,237.9617,0.1813,43.151,0.1189,-43.0321,-99.7243,237.9617,0.0,-99.7244,0.0005,False,True,Will the highest temperature in Toronto be 21°C on July 22?,highest-temperature-in-toronto-on-july-22-2026-21c,https://polymarket-upload.s3.us-east-2.amazonaws.com/highest-temperature-in-toronto-on-december-6-ZHBngGPj9GGd.jpg,727265,highest-temperature-in-toronto-on-july-22-2026,Yes,0,No,18543656892345786131070103661155571465057721746937107046586359755227938310828,2026-07-22,True,True,True
0xb40e89677d59665d5188541ad860450a6e2a7cc9,104279095971694898212993582757065754945386490359690835160947259336878134351785,0xe83550a476f49de8b16def48dc03f97e6e98c915c95e64facd8aa9eb227e4f61,237.5866,0.8483,201.5609,224.5193,22.9583,11.3902,237.5866,0.0,11.3902,0.945,False,True,Will the highest temperature in Paris be 24°C on July 23?,highest-temperature-in-paris-on-july-23-2026-24c,https://polymarket-upload.s3.us-east-2.amazonaws.com/paris-f08f5c4a28.jpg,727796,highest-temperature-in-paris-on-july-23-2026,No,1,Yes,20119354517971049515804572299805408213745714039768537916619336541745102285798,2026-07-23,True,True,False
0xb40e89677d59665d5188541ad860450a6e2a7cc9,111092483099950111393841312107123720222914376019126876795838187699558863356318,0xdd4ad69612cb5bffcd17a09fece369a3b54c172cc5f0b94e1fdbd29bfc8a6f76,237.29,0.8631,204.8068,211.1881,6.3812,3.1157,237.29,0.0,3.1157,0.89,False,True,Will the highest temperature in Los Angeles be between 78-79°F on July 23?,highest-temperature-in-los-angeles-on-july-23-2026-78-79f,https://polymarket-upload.s3.us-east-2.amazonaws.com/los-angeles-cdae9380c7.jpg,731117,highest-temperature-in-los-angeles-on-july-23-2026,No,1,Yes,31634534185089883144589231161372458156496808150323943656243973555370233724838,2026-07-23,True,True,False
0xb40e89677d59665d5188541ad860450a6e2a7cc9,66892635576505108533647398415367182268696271604400200166906154516572942957623,0xb5f14edbbe409388b522299b622cd0ce03b72c4d8e829cf9c50565746a606de3,233.0714,0.9157,213.4321,232.9548,19.5226,9.1469,233.0714,0.0,9.147,0.9995,False,True,Will the highest temperature in Hong Kong be 30°C on July 22?,highest-temperature-in-hong-kong-on-july-22-2026-30c,https://polymarket-upload.s3.us-east-2.amazonaws.com/hongkong-ae9cc75f37.jpg,724027,highest-temperature-in-hong-kong-on-july-22-2026,No,1,Yes,51839161792640744817561446783420161098173570763770910905405077496792538531226,2026-07-22,True,True,True
0xb40e89677d59665d5188541ad860450a6e2a7cc9,91132961212810615295669506255307602220005492298241148395426091857104355175789,0x2065614552e9ccb7438520e7af6991810214c500156d4441557016e9f3be1add,232.1337,0.3613,83.8834,0.0,-83.8834,-99.9999,1715.5971,205.6703,-100.0,0.0,True,False,Will the highest temperature in Hong Kong be 31°C on July 3?,highest-temperature-in-hong-kong-on-july-3-2026-31c,https://polymarket-upload.s3.us-east-2.amazonaws.com/hongkong-ae9cc75f37.jpg,653822,highest-temperature-in-hong-kong-on-july-3-2026,No,1,Yes,51909133697634959528413287176214224631507653461228238689868513552996261805016,2026-07-03,True,True,True
0xb40e89677d59665d5188541ad860450a6e2a7cc9,78818524652321889658617122186097796817659339069236652497062855036618659872455,0x3d188fc68e014378887a14efef79db84c573a1f845ed6e500a28c01191d3e0e7,229.37,0.0362,8.3089,0.1146,-8.1943,-98.6204,229.37,0.0,-98.6207,0.0005,False,True,Will the highest temperature in New York City be between 90-91°F on July 22?,highest-temperature-in-nyc-on-july-22-2026-90-91f,https://polymarket-upload.s3.us-east-2.amazonaws.com/test-nyc-weather-pciture-cgUEW73XBkei.jpg,727274,highest-temperature-in-nyc-on-july-22-2026,Yes,0,No,74432802651393291050085694482797500021754607017189302810299824978804276143336,2026-07-22,True,True,True
0xb40e89677d59665d5188541ad860450a6e2a7cc9,97976850253974855484140583908224953185200711622789341277769847553908870816912,0x520635b8828c87f976dce1c58072a3118435e7fa21bf4d9edd6e63f345f9b029,226.4106,0.24,54.3557,0.566,-53.7897,-98.9585,226.4106,0.0,-98.9587,0.0025,False,True,Will the highest temperature in Atlanta be between 90-91°F on July 22?,highest-temperature-in-atlanta-on-july-22-2026-90-91f,https://polymarket-upload.s3.us-east-2.amazonaws.com/highest-temperature-in-atlanta-on-december-5--dClj_prA8Ny.jpg,727276,highest-temperature-in-atlanta-on-july-22-2026,Yes,0,No,95801829005011548115863275378968388456162390803547495270166246470943558002374,2026-07-22,True,True,True
0xb40e89677d59665d5188541ad860450a6e2a7cc9,12074242601027565927332420531163838503613520443256740431295535698671695726384,0x46bbec761826a35f191373a284d9e31da58461f5b0e2a86f7e94de2c47e79b89,225.7077,0.176,39.7353,0.1128,-39.6225,-99.7158,225.7077,0.0,-99.7161,0.0005,False,True,Will the highest temperature in Hong Kong be 31°C on July 22?,highest-temperature-in-hong-kong-on-july-22-2026-31c,https://polymarket-upload.s3.us-east-2.amazonaws.com/hongkong-ae9cc75f37.jpg,724027,highest-temperature-in-hong-kong-on-july-22-2026,Yes,0,No,21216990894227865370042804021542969706823176837383961649529465670284140073585,2026-07-22,True,True,True
0xb40e89677d59665d5188541ad860450a6e2a7cc9,38707954409814631279700902985882482765217503246435402758344216839534508509365,0x44c1876970a96ab12badb3d2b59ecb3cafff60bfc3fc579bffbebfc90c7121a9,224.5905,0.8506,191.0512,224.4782,33.4269,17.4962,224.5905,0.0,17.4963,0.9995,False,True,Will the highest temperature in Seattle be between 90-91°F on July 22?,highest-temperature-in-seattle-on-july-22-2026-90-91f,https://polymarket-upload.s3.us-east-2.amazonaws.com/highest-temperature-in-seattle-on-december-5-mjogoGN44OY4.jpg,727273,highest-temperature-in-seattle-on-july-22-2026,No,1,Yes,3613472587738384117978358118124151081702110625131719305991701919898766450520,2026-07-22,True,True,True
0xb40e89677d59665d5188541ad860450a6e2a7cc9,28568758795521977325035747298642279305956720486290430420905643979697416261733,0x980942f58c4b778cce26a7bab15a8e9552b9eef4f437be97a58097130897ff3e,219.2478,0.842,184.6167,208.2854,23.6686,12.8203,219.2478,0.0,12.8204,0.95,False,True,Will the highest temperature in Hong Kong be 32°C on July 23?,highest-temperature-in-hong-kong-on-july-23-2026-32c,https://polymarket-upload.s3.us-east-2.amazonaws.com/hongkong-ae9cc75f37.jpg,727803,highest-temperature-in-hong-kong-on-july-23-2026,No,1,Yes,18993851614326065779885051173847802069200712154731441271852328311998428659523,2026-07-23,True,True,False
0xb40e89677d59665d5188541ad860450a6e2a7cc9,107822412577201330157343435618979491629970965857760436567423960485540548633593,0xeb79a2cff2a070c6b573c402db4cd50d2c1a703a4fee440a0abbfcfb6290ec52,214.57,0.8756,187.8783,189.8944,2.016,1.073,214.57,0.0,1.073,0.885,False,True,Will the highest temperature in Seoul be 29°C on July 23?,highest-temperature-in-seoul-on-july-23-2026-29c,https://polymarket-upload.s3.us-east-2.amazonaws.com/highest-temperature-in-seoul-on-december-6-WzqtMeHg43n4.jpg,727797,highest-temperature-in-seoul-on-july-23-2026,No,1,Yes,82708218525329790788278266575952679736274458860003688298897775733937542416590,2026-07-23,True,True,False
0xb40e89677d59665d5188541ad860450a6e2a7cc9,25101730603148555131934999986429934814900468860663035320522847577245775549274,0x54b0287f481c5bfe62a0d7f322d54e94066a97c69c8964f2e27e5f204e6d9f42,211.84,0.8468,179.3947,197.0112,17.6164,9.8199,211.84,0.0,9.8199,0.93,False,True,Will the highest temperature in Houston be between 94-95°F on July 23?,highest-temperature-in-houston-on-july-23-2026-94-95f,https://polymarket-upload.s3.us-east-2.amazonaws.com/houston-ef6084a9ac.jpg,731116,highest-temperature-in-houston-on-july-23-2026,No,1,Yes,33761075381256390996603523560546480848901754131279135277245276806753889315679,2026-07-23,True,True,False
0xb40e89677d59665d5188541ad860450a6e2a7cc9,95801829005011548115863275378968388456162390803547495270166246470943558002374,0x520635b8828c87f976dce1c58072a3118435e7fa21bf4d9edd6e63f345f9b029,209.4451,0.6865,143.7887,208.9215,65.1327,45.2975,209.4451,0.0,45.2975,0.9975,False,True,Will the highest temperature in Atlanta be between 90-91°F on July 22?,highest-temperature-in-atlanta-on-july-22-2026-90-91f,https://polymarket-upload.s3.us-east-2.amazonaws.com/highest-temperature-in-atlanta-on-december-5--dClj_prA8Ny.jpg,727276,highest-temperature-in-atlanta-on-july-22-2026,No,1,Yes,97976850253974855484140583908224953185200711622789341277769847553908870816912,2026-07-22,True,True,True
0xb40e89677d59665d5188541ad860450a6e2a7cc9,89160887361957731491548011866127872154490494701883542817864600812543798191691,0x45474b17530fa7379f452c55449e1f583cf444637999af63fbdf9b8ed31ca5b2,207.3658,0.2645,54.8685,54.9519,0.0833,0.1518,207.3658,0.0,0.1518,0.265,False,True,Will the highest temperature in Seattle be between 78-79°F on July 23?,highest-temperature-in-seattle-on-july-23-2026-78-79f,https://polymarket-upload.s3.us-east-2.amazonaws.com/highest-temperature-in-seattle-on-december-5-mjogoGN44OY4.jpg,731108,highest-temperature-in-seattle-on-july-23-2026,Yes,0,No,88270585510873358704716299728078561922207327306323015596298216458064719966903,2026-07-23,True,True,False
0xb40e89677d59665d5188541ad860450a6e2a7cc9,82708218525329790788278266575952679736274458860003688298897775733937542416590,0xeb79a2cff2a070c6b573c402db4cd50d2c1a703a4fee440a0abbfcfb6290ec52,207.0752,0.1046,21.6627,23.8136,2.1508,9.9285,207.0752,0.0,9.9287,0.115,False,True,Will the highest temperature in Seoul be 29°C on July 23?,highest-temperature-in-seoul-on-july-23-2026-29c,https://polymarket-upload.s3.us-east-2.amazonaws.com/highest-temperature-in-seoul-on-december-6-WzqtMeHg43n4.jpg,727797,highest-temperature-in-seoul-on-july-23-2026,Yes,0,No,107822412577201330157343435618979491629970965857760436567423960485540548633593,2026-07-23,True,True,False
0xb40e89677d59665d5188541ad860450a6e2a7cc9,110106545738774258266799572471927033354422074936391388250728765397683292562460,0x488f4170d0d222226729de3829d40980d459601321b822b44a3e2e0d24f7020c,204.1305,0.1278,26.0891,0.0,-26.0891,-99.9999,204.1305,0.0,-100.0,0.0,True,True,Will the highest temperature in Seattle be between 88-89°F on July 21?,highest-temperature-in-seattle-on-july-21-2026-88-89f,https://polymarket-upload.s3.us-east-2.amazonaws.com/highest-temperature-in-seattle-on-december-5-mjogoGN44OY4.jpg,723592,highest-temperature-in-seattle-on-july-21-2026,Yes,0,No,106409654460047210729949039117690669467607263666522058704972875095284910366275,2026-07-21,True,True,True
0xb40e89677d59665d5188541ad860450a6e2a7cc9,21216990894227865370042804021542969706823176837383961649529465670284140073585,0x46bbec761826a35f191373a284d9e31da58461f5b0e2a86f7e94de2c47e79b89,203.1437,0.7525,152.8719,203.0421,50.1701,32.8183,203.1437,0.0,32.8184,0.9995,False,True,Will the highest temperature in Hong Kong be 31°C on July 22?,highest-temperature-in-hong-kong-on-july-22-2026-31c,https://polymarket-upload.s3.us-east-2.amazonaws.com/hongkong-ae9cc75f37.jpg,724027,highest-temperature-in-hong-kong-on-july-22-2026,No,1,Yes,12074242601027565927332420531163838503613520443256740431295535698671695726384,2026-07-22,True,True,True
0xb40e89677d59665d5188541ad860450a6e2a7cc9,102702254795781202316653394969705828229255276062875828960257098621478249914276,0xa9feaa3f9f7c0fc88a2d926ca858dc0f6bd622e32dbb0b66c269c607d070c4d5,202.58,0.8186,165.8506,202.4787,36.628,22.0849,202.58,0.0,22.0849,0.9995,False,True,Will the highest temperature in Seoul be 26°C on July 23?,highest-temperature-in-seoul-on-july-23-2026-26c,https://polymarket-upload.s3.us-east-2.amazonaws.com/highest-temperature-in-seoul-on-december-6-WzqtMeHg43n4.jpg,727797,highest-temperature-in-seoul-on-july-23-2026,No,1,Yes,105161854310878492270091864285479055829526495836910318968610387332755842713233,2026-07-23,True,True,True
0xb40e89677d59665d5188541ad860450a6e2a7cc9,3613472587738384117978358118124151081702110625131719305991701919898766450520,0x44c1876970a96ab12badb3d2b59ecb3cafff60bfc3fc579bffbebfc90c7121a9,201.0546,0.0967,19.4482,0.1005,-19.3477,-99.4831,201.0546,0.0,-99.4832,0.0005,False,True,Will the highest temperature in Seattle be between 90-91°F on July 22?,highest-temperature-in-seattle-on-july-22-2026-90-91f,https://polymarket-upload.s3.us-east-2.amazonaws.com/highest-temperature-in-seattle-on-december-5-mjogoGN44OY4.jpg,727273,highest-temperature-in-seattle-on-july-22-2026,Yes,0,No,38707954409814631279700902985882482765217503246435402758344216839534508509365,2026-07-22,True,True,True
0xb40e89677d59665d5188541ad860450a6e2a7cc9,18543656892345786131070103661155571465057721746937107046586359755227938310828,0xc564f57981c89ca2823a248369f562f429835e2c8ed7c66a1a5b075231d4682d,198.46,0.7388,146.6291,198.3607,51.7315,35.2804,198.46,0.0,35.2804,0.9995,False,True,Will the highest temperature in Toronto be 21°C on July 22?,highest-temperature-in-toronto-on-july-22-2026-21c,https://polymarket-upload.s3.us-east-2.amazonaws.com/highest-temperature-in-toronto-on-december-6-ZHBngGPj9GGd.jpg,727265,highest-temperature-in-toronto-on-july-22-2026,No,1,Yes,23358177194079386205359429612375919057161986529595468327269651469509499273061,2026-07-22,True,True,True
0xb40e89677d59665d5188541ad860450a6e2a7cc9,55322743872828723669471333687599655362701668769312714121349035444960033270363,0x756c8e0bf6d5e4781a2dc0076040132c748a9b6afcce050842897f46a7b493c4,194.1427,0.4546,88.2757,194.1427,105.8669,119.9275,194.1427,0.0,119.9275,1.0,True,True,Will the highest temperature in Istanbul be 31°C on July 22?,highest-temperature-in-istanbul-on-july-22-2026-31c,https://polymarket-upload.s3.us-east-2.amazonaws.com/istanbul-dc72177e0c.jpg,724046,highest-temperature-in-istanbul-on-july-22-2026,No,1,Yes,57652496533288189934920729959045462227984245199486650158391060873283828011312,2026-07-22,True,True,True
0xb40e89677d59665d5188541ad860450a6e2a7cc9,26826628166782414512001114740582464776923861408129881685672093367424420576140,0x43c5eb6341e6e754881e793ac9b8538dc564c2823ecef2f6ea044d52a8de34f9,192.35,0.069,13.2779,13.4645,0.1865,1.4045,192.35,0.0,1.4051,0.07,False,True,Will the highest temperature in Chengdu be 37°C on July 23?,highest-temperature-in-chengdu-on-july-23-2026-37c,https://polymarket-upload.s3.us-east-2.amazonaws.com/chengdu-eab4d03cdb.jpg,727813,highest-temperature-in-chengdu-on-july-23-2026,Yes,0,No,92675076579988577996893483294840337750442540609266266364803175000853188167405,2026-07-23,True,True,False
0xb40e89677d59665d5188541ad860450a6e2a7cc9,106409654460047210729949039117690669467607263666522058704972875095284910366275,0x488f4170d0d222226729de3829d40980d459601321b822b44a3e2e0d24f7020c,191.667,0.8541,163.7179,191.667,27.949,17.0714,191.667,0.0,17.0714,1.0,True,True,Will the highest temperature in Seattle be between 88-89°F on July 21?,highest-temperature-in-seattle-on-july-21-2026-88-89f,https://polymarket-upload.s3.us-east-2.amazonaws.com/highest-temperature-in-seattle-on-december-5-mjogoGN44OY4.jpg,723592,highest-temperature-in-seattle-on-july-21-2026,No,1,Yes,110106545738774258266799572471927033354422074936391388250728765397683292562460,2026-07-21,True,True,True
0xb40e89677d59665d5188541ad860450a6e2a7cc9,78622406235867048037422622173674974810247081291855724425478594278478383031077,0xd0fc4e124bd878fe8e5978405af696f8ff458067c0b4bfbd0bb35119312e833b,190.85,0.1121,21.4011,0.0954,-21.3057,-99.5539,190.85,0.0,-99.5542,0.0005,False,True,Will the highest temperature in Denver be between 90-91°F on July 22?,highest-temperature-in-denver-on-july-22-2026-90-91f,https://polymarket-upload.s3.us-east-2.amazonaws.com/denver-c2951e9cad.jpg,727280,highest-temperature-in-denver-on-july-22-2026,Yes,0,No,55324347719923957057148789714576633194385126944347643252936292400347369607507,2026-07-22,True,True,True
0xb40e89677d59665d5188541ad860450a6e2a7cc9,10948024692863118703480588990124806795268411796534001261389435451540641986688,0x705654abc2002c053a62e514a5244975684cfaf208053a08db120e19b8db5bf1,189.9199,0.356,67.621,48.4296,-19.1914,-28.3808,189.9199,0.0,-28.3808,0.255,False,True,Will the highest temperature in Seattle be between 76-77°F on July 23?,highest-temperature-in-seattle-on-july-23-2026-76-77f,https://polymarket-upload.s3.us-east-2.amazonaws.com/highest-temperature-in-seattle-on-december-5-mjogoGN44OY4.jpg,731108,highest-temperature-in-seattle-on-july-23-2026,Yes,0,No,5970363042330757213781883874467053701041989946222394349101027807033285863788,2026-07-23,True,True,False
0xb40e89677d59665d5188541ad860450a6e2a7cc9,66203553977106530956569312288667400696265093945862825261067369885234655885019,0xd92e192d73cea9e3e62ac981a3f6586c3b54c262a1554f51ac1b69443e791dea,187.9506,0.3427,64.4242,0.0,-64.4242,-99.9999,578.1485,45.6788,-100.0,0.0,True,False,Will the highest temperature in Moscow be 20°C on July 7?,highest-temperature-in-moscow-on-july-7-2026-20c,https://polymarket-upload.s3.us-east-2.amazonaws.com/moscow-4addd6349b.jpg,668435,highest-temperature-in-moscow-on-july-7-2026,No,1,Yes,19268174304359474775273755903878938197618953970852780647080136614790505751493,2026-07-07,True,True,True
0xb40e89677d59665d5188541ad860450a6e2a7cc9,28642902414042483279571599053510413644117573799096987046192472899431741130017,0x5515be86db625b39a685f4ede4be67d3a96670f816e4fcf1018e02266ef7678d,187.6756,0.5681,106.625,0.0,-106.625,-99.9999,855.2009,-45.4818,-100.0,0.0,True,False,Will the highest temperature in Seoul be 30°C or higher on July 7?,highest-temperature-in-seoul-on-july-7-2026-30corhigher,https://polymarket-upload.s3.us-east-2.amazonaws.com/highest-temperature-in-seoul-on-december-6-WzqtMeHg43n4.jpg,668417,highest-temperature-in-seoul-on-july-7-2026,No,1,Yes,96700943203952842422360684620025893137120726066116915364149883834209846171006,2026-07-07,True,True,True
0xb40e89677d59665d5188541ad860450a6e2a7cc9,22727806163696694790806264017200857098878684163066092107894161817493895897430,0xde52f97ee575909bc9dafaf6952d184aa8a6d4236e1a3b5c77e333dd9b7fa0fa,183.8467,0.2101,38.633,0.0919,-38.5411,-99.762,183.8467,0.0,-99.7621,0.0005,False,True,Will the highest temperature in Chicago be between 70-71°F on July 22?,highest-temperature-in-chicago-on-july-22-2026-70-71f,https://polymarket-upload.s3.us-east-2.amazonaws.com/highest-temperature-in-chicago-on-december-5-IoEGq9msnWg6.jpg,727278,highest-temperature-in-chicago-on-july-22-2026,Yes,0,No,84260492725577514177781657014243548664027366624085966708646270436950607907904,2026-07-22,True,True,True
0xb40e89677d59665d5188541ad860450a6e2a7cc9,10226231745073575287916638690732173252576484021945268761027208846077621328608,0x1be8d693050a502aeb0851687b186f8c305c6ad339428093de4af1874373dbd9,183.802,0.3197,58.7743,51.4645,-7.3098,-12.437,183.802,0.0,-12.4371,0.28,False,True,Will the highest temperature in Wellington be 14°C on July 23?,highest-temperature-in-wellington-on-july-23-2026-14c,https://polymarket-upload.s3.us-east-2.amazonaws.com/highest-temperature-in-wellington-on-january-18-9V6hoMZlkY2N.jpg,727799,highest-temperature-in-wellington-on-july-23-2026,No,1,Yes,31076578548623715933325304347975543508679744031142668401804171202443448286273,2026-07-23,True,True,False
0xb40e89677d59665d5188541ad860450a6e2a7cc9,92675076579988577996893483294840337750442540609266266364803175000853188167405,0x43c5eb6341e6e754881e793ac9b8538dc564c2823ecef2f6ea044d52a8de34f9,182.9142,0.9176,167.8536,170.1102,2.2565,1.3443,182.9142,0.0,1.3443,0.93,False,True,Will the highest temperature in Chengdu be 37°C on July 23?,highest-temperature-in-chengdu-on-july-23-2026-37c,https://polymarket-upload.s3.us-east-2.amazonaws.com/chengdu-eab4d03cdb.jpg,727813,highest-temperature-in-chengdu-on-july-23-2026,No,1,Yes,26826628166782414512001114740582464776923861408129881685672093367424420576140,2026-07-23,True,True,False
0xb40e89677d59665d5188541ad860450a6e2a7cc9,100273371851641309553358962495364451650855379341328597489426269463021303297107,0x416e317e918c06b169c704647654ea2b84231c0f085899c97c80a7fc66494b65,181.2462,0.9232,167.3412,181.1556,13.8143,8.2551,181.2462,0.0,8.2552,0.9995,False,True,Will the highest temperature in Hong Kong be 34°C on July 22?,highest-temperature-in-hong-kong-on-july-22-2026-34c,https://polymarket-upload.s3.us-east-2.amazonaws.com/hongkong-ae9cc75f37.jpg,724027,highest-temperature-in-hong-kong-on-july-22-2026,No,1,Yes,86294830653837325630705118942002860976238617799863561581721642864152590183875,2026-07-22,True,True,True
0xb40e89677d59665d5188541ad860450a6e2a7cc9,55324347719923957057148789714576633194385126944347643252936292400347369607507,0xd0fc4e124bd878fe8e5978405af696f8ff458067c0b4bfbd0bb35119312e833b,178.3018,0.8726,155.5986,178.2127,22.614,14.5335,178.3018,0.0,14.5335,0.9995,False,True,Will the highest temperature in Denver be between 90-91°F on July 22?,highest-temperature-in-denver-on-july-22-2026-90-91f,https://polymarket-upload.s3.us-east-2.amazonaws.com/denver-c2951e9cad.jpg,727280,highest-temperature-in-denver-on-july-22-2026,No,1,Yes,78622406235867048037422622173674974810247081291855724425478594278478383031077,2026-07-22,True,True,True
0xb40e89677d59665d5188541ad860450a6e2a7cc9,66651346215960667280464530856190751885168904273168103222210918214331646312411,0x83eb2a3d139bf1c3c56eee81ca22762fd552f07eb5b8ee198402c9f55f470a23,177.0875,0.2191,38.8108,41.6155,2.8046,7.2263,177.0875,0.0,7.2264,0.235,False,True,Will the highest temperature in Houston be between 92-93°F on July 23?,highest-temperature-in-houston-on-july-23-2026-92-93f,https://polymarket-upload.s3.us-east-2.amazonaws.com/houston-ef6084a9ac.jpg,731116,highest-temperature-in-houston-on-july-23-2026,Yes,0,No,56480942923715913261375149052838615541360536770274645494123995155221171931057,2026-07-23,True,True,False
0xb40e89677d59665d5188541ad860450a6e2a7cc9,31076578548623715933325304347975543508679744031142668401804171202443448286273,0x1be8d693050a502aeb0851687b186f8c305c6ad339428093de4af1874373dbd9,176.4694,0.7173,126.5951,127.058,0.4628,0.3655,176.4694,0.0,0.3656,0.72,False,True,Will the highest temperature in Wellington be 14°C on July 23?,highest-temperature-in-wellington-on-july-23-2026-14c,https://polymarket-upload.s3.us-east-2.amazonaws.com/highest-temperature-in-wellington-on-january-18-9V6hoMZlkY2N.jpg,727799,highest-temperature-in-wellington-on-july-23-2026,Yes,0,No,10226231745073575287916638690732173252576484021945268761027208846077621328608,2026-07-23,True,True,False
0xb40e89677d59665d5188541ad860450a6e2a7cc9,101781038006345989173084849421798444001209928453922880496514431022580474050044,0x8b1c7c8f8e558bf5edde3a0400fe7be0752a4b3f298f02316f768e21c776e5db,175.3997,0.1618,28.3866,0.0876,-28.299,-99.691,175.3997,0.0,-99.6914,0.0005,False,True,Will the highest temperature in Sao Paulo be 27°C on July 22?,highest-temperature-in-sao-paulo-on-july-22-2026-27c,https://polymarket-upload.s3.us-east-2.amazonaws.com/sao paulo-7deca91e54.jpg,727263,highest-temperature-in-sao-paulo-on-july-22-2026,Yes,0,No,19532168135350772219530126504107723045586917435432074842452890597230213010955,2026-07-22,True,True,True
0xb40e89677d59665d5188541ad860450a6e2a7cc9,40160099869714854374125826027373316197337554117516204986345035300503342768835,0x31e834d7776acb813605f43df92124b8f00674c1f3fc48260759eee211e6d76e,173.8861,0.3807,66.2076,0.0,-66.2076,-99.9998,2343.382,87.3539,-100.0,0.0,True,False,Will the highest temperature in Hong Kong be 28°C on July 7?,highest-temperature-in-hong-kong-on-july-7-2026-28c,https://polymarket-upload.s3.us-east-2.amazonaws.com/hongkong-ae9cc75f37.jpg,668423,highest-temperature-in-hong-kong-on-july-7-2026,No,1,Yes,15207077699769899787532436647298309225932262385125071975155288580064531950540,2026-07-07,True,True,True
0xb40e89677d59665d5188541ad860450a6e2a7cc9,54622900480222792106777679776552989897800674737890947018527227333764871150100,0x50d19db6cc071c50060c438681b506cb85aa2aa7be03f18c8d8ff2092fd7db28,171.088,0.9051,154.8685,171.0024,16.1338,10.4177,171.088,0.0,10.4177,0.9995,False,True,Will the highest temperature in Los Angeles be between 74-75°F on July 22?,highest-temperature-in-los-angeles-on-july-22-2026-74-75f,https://polymarket-upload.s3.us-east-2.amazonaws.com/los-angeles-cdae9380c7.jpg,727282,highest-temperature-in-los-angeles-on-july-22-2026,No,1,Yes,36921745537581971102492587753912692056334670434470688522193796423282796814407,2026-07-22,True,True,True
0xb40e89677d59665d5188541ad860450a6e2a7cc9,49413543694699726924098153634142300792129607972054712228059477081635846179502,0xf586605bf167c83a088a4972f3924ea54b5d6b1ce5c9fb69ddbbe9f68c3a5ae3,170.28,0.187,31.849,6.8112,-25.0378,-78.614,170.28,0.0,-78.614,0.04,False,True,Will the highest temperature in Wellington be 15°C on July 23?,highest-temperature-in-wellington-on-july-23-2026-15c,https://polymarket-upload.s3.us-east-2.amazonaws.com/highest-temperature-in-wellington-on-january-18-9V6hoMZlkY2N.jpg,727799,highest-temperature-in-wellington-on-july-23-2026,Yes,0,No,47605061058759313452212769952354802996964094180649465553133929763618631616653,2026-07-23,True,True,False
0xb40e89677d59665d5188541ad860450a6e2a7cc9,83113460483286884465753187523229185408760523283444659878468893775335167153290,0x9d3c9c74d6dc88f3209c85176ee0f88b918d11eb00b59edddbcac37af1860ca3,170.26,0.2448,41.6804,50.2266,8.5461,20.5038,170.26,0.0,20.5038,0.295,False,True,Will the highest temperature in London be 27°C on July 23?,highest-temperature-in-london-on-july-23-2026-27c,https://polymarket-upload.s3.us-east-2.amazonaws.com/highest-temperature-in-london-on-jan-22-eouu0bkjph8i.jpg,727795,highest-temperature-in-london-on-july-23-2026,Yes,0,No,82768531874539579332422216880159980913196623213037059365722754442149714478353,2026-07-23,True,True,False
0xb40e89677d59665d5188541ad860450a6e2a7cc9,4968927165528783311579372710194498678002654747375482230970257903359641998693,0xb4727e43d29cb4dc4229f497663b25125334c7ae5c69d846aa7d4384bac5c32d,167.2681,0.8856,148.1381,149.6213,1.4831,1.0011,167.2681,0.0,1.0011,0.8945,False,True,Will the highest temperature in Hong Kong be 35°C on July 23?,highest-temperature-in-hong-kong-on-july-23-2026-35c,https://polymarket-upload.s3.us-east-2.amazonaws.com/hongkong-ae9cc75f37.jpg,727803,highest-temperature-in-hong-kong-on-july-23-2026,No,1,Yes,44803526073968701897606129537372390080360794853005743484333911538551092009232,2026-07-23,True,True,False
0xb40e89677d59665d5188541ad860450a6e2a7cc9,76684077118635269768194997924292780029968300861658797501420588904381155585106,0xcffcde510baaf05e3f3a92b8abccdb1403ef1fa89efeac3664a9969570e85372,166.1611,0.472,78.4345,0.7477,-77.6868,-99.0466,166.1611,0.0,-99.0467,0.0045,False,True,Will the highest temperature in Houston be between 102-103°F on July 22?,highest-temperature-in-houston-on-july-22-2026-102-103f,https://polymarket-upload.s3.us-east-2.amazonaws.com/houston-ef6084a9ac.jpg,727281,highest-temperature-in-houston-on-july-22-2026,No,1,Yes,84882383550543443102978776981694280318953213014955010616594684301042475202223,2026-07-22,True,True,True
0xb40e89677d59665d5188541ad860450a6e2a7cc9,113685022306339709863178712290162398956297018632546367122149632038640769811912,0x4c62c3f34fe70eb28593294dc9446489a8070416988b9dc623e6aee1268fd6fe,165.7599,0.2276,37.733,43.9263,6.1932,16.4131,165.7599,0.0,16.4132,0.265,False,True,Will the highest temperature in Buenos Aires be 13°C on July 23?,highest-temperature-in-buenos-aires-on-july-23-2026-13c,https://polymarket-upload.s3.us-east-2.amazonaws.com/will-the-highest-temperature-in-buenos-aires-be-32-c-or-higher-on-december-6-etNh-JFGhdrt.jpg,731099,highest-temperature-in-buenos-aires-on-july-23-2026,Yes,0,No,2730494419726655825840181369448331169694186698454841852928279403022229629392,2026-07-23,True,True,False
0xb40e89677d59665d5188541ad860450a6e2a7cc9,16058088562877157868966172525449283530637518259888519124630033205006387010196,0x9ae6030dbfe5e7de83ced806e8461ff079d9c64bf47e8d963263796c84564f77,163.565,0.0691,11.3085,0.0817,-11.2268,-99.277,163.565,0.0,-99.2775,0.0005,False,True,Will the highest temperature in London be 27°C on July 22?,highest-temperature-in-london-on-july-22-2026-27c,https://polymarket-upload.s3.us-east-2.amazonaws.com/highest-temperature-in-london-on-jan-22-eouu0bkjph8i.jpg,723997,highest-temperature-in-london-on-july-22-2026,Yes,0,No,81255999413936982825721063472247791154692591150917758333643417476535540010212,2026-07-22,True,True,True
0xb40e89677d59665d5188541ad860450a6e2a7cc9,52004264856106972426445775542228574359686656816079025884247135706268042318573,0xf56f5730a91e957f470d03a2c5ababef6699832b0f2f7b64764ec4b5e581a4c9,162.0423,0.3836,62.1717,0.4861,-61.6856,-99.218,162.0423,0.0,-99.2181,0.003,False,True,Will the highest temperature in Atlanta be between 88-89°F on July 22?,highest-temperature-in-atlanta-on-july-22-2026-88-89f,https://polymarket-upload.s3.us-east-2.amazonaws.com/highest-temperature-in-atlanta-on-december-5--dClj_prA8Ny.jpg,727276,highest-temperature-in-atlanta-on-july-22-2026,No,1,Yes,6317396178226150110716330081817668800905113060382591321408674346077555994563,2026-07-22,True,True,True
0xb40e89677d59665d5188541ad860450a6e2a7cc9,16321742774898436876687452379264387709974030121763753934465229308591866818660,0x85007c5908fbee5e70a10984bbb593c8c537cfd5a0542a5e1b864aea61214ddf,158.2812,0.1761,27.8777,19.7851,-8.0926,-29.0288,158.2812,0.0,-29.029,0.125,False,True,Will the highest temperature in Milan be 30°C on July 23?,highest-temperature-in-milan-on-july-23-2026-30c,https://polymarket-upload.s3.us-east-2.amazonaws.com/milan-dba8e5d984.jpg,727806,highest-temperature-in-milan-on-july-23-2026,Yes,0,No,112787163450961814874358441338597412687800449680369593755219637856715407234034,2026-07-23,True,True,False
0xb40e89677d59665d5188541ad860450a6e2a7cc9,33992764868560822670301077972561463073960431037163986919811727656266220101085,0x0d53cf76e7a990a8f4d7ae0e7d96e100b8402d45091b54a7e5602029cfcf76ec,154.8156,0.4111,63.651,0.0,-63.651,-99.9998,154.8156,0.0,-100.0,0.0,True,True,Will the highest temperature in Singapore be 31°C on July 22?,highest-temperature-in-singapore-on-july-22-2026-31c,https://polymarket-upload.s3.us-east-2.amazonaws.com/singapore-4b057edc68.jpg,724029,highest-temperature-in-singapore-on-july-22-2026,Yes,0,No,11837172001580138889224538034592500574198229720801035743159337127483776567900,2026-07-22,True,True,True
0xb40e89677d59665d5188541ad860450a6e2a7cc9,84641342534638056607254390564387825789146376929580047165435799063825018666343,0x1185126934536a57f1714b022e6d34695c0a6db6b43fb08549355efd989c465e,154.253,0.7987,123.2148,154.1759,30.961,25.1276,154.253,0.0,25.1276,0.9995,False,True,Will the highest temperature in Denver be between 92-93°F on July 22?,highest-temperature-in-denver-on-july-22-2026-92-93f,https://polymarket-upload.s3.us-east-2.amazonaws.com/denver-c2951e9cad.jpg,727280,highest-temperature-in-denver-on-july-22-2026,No,1,Yes,56965595897883395284418812365420494048314831247383431185749900114834698950095,2026-07-22,True,True,True
0xb40e89677d59665d5188541ad860450a6e2a7cc9,106409022819439063270634111287305036822728778676956030585899590937374101753632,0x905121f14fc32bad842eb2280e3bd50a3234560d48a743f3c05b6a2a93e76473,153.07,0.6305,96.5224,81.8924,-14.63,-15.1571,153.07,0.0,-15.1571,0.535,False,True,Will the highest temperature in London be 26°C on July 23?,highest-temperature-in-london-on-july-23-2026-26c,https://polymarket-upload.s3.us-east-2.amazonaws.com/highest-temperature-in-london-on-jan-22-eouu0bkjph8i.jpg,727795,highest-temperature-in-london-on-july-23-2026,No,1,Yes,78464051770184127802203157955698669530160321256238687411655327660957446926267,2026-07-23,True,True,False
0xb40e89677d59665d5188541ad860450a6e2a7cc9,29877118238035170105060115789807159978512181999783426888041529080999290402983,0xff2dc04870472207747ef8e5183ef4e48e43c73743f7d130a364333a87556a3c,152.81,0.3734,57.0618,87.8657,30.8038,53.9831,152.81,0.0,53.9832,0.575,False,True,Will the highest temperature in Paris be 25°C on July 23?,highest-temperature-in-paris-on-july-23-2026-25c,https://polymarket-upload.s3.us-east-2.amazonaws.com/paris-f08f5c4a28.jpg,727796,highest-temperature-in-paris-on-july-23-2026,Yes,0,No,49937570450307606301250653265386847590073608906832238730211487916358722117755,2026-07-23,True,True,False
0xb40e89677d59665d5188541ad860450a6e2a7cc9,56480942923715913261375149052838615541360536770274645494123995155221171931057,0x83eb2a3d139bf1c3c56eee81ca22762fd552f07eb5b8ee198402c9f55f470a23,152.0918,0.6973,106.0541,116.3502,10.296,9.7082,152.0918,0.0,9.7083,0.765,False,True,Will the highest temperature in Houston be between 92-93°F on July 23?,highest-temperature-in-houston-on-july-23-2026-92-93f,https://polymarket-upload.s3.us-east-2.amazonaws.com/houston-ef6084a9ac.jpg,731116,highest-temperature-in-houston-on-july-23-2026,No,1,Yes,66651346215960667280464530856190751885168904273168103222210918214331646312411,2026-07-23,True,True,False
0xb40e89677d59665d5188541ad860450a6e2a7cc9,56965595897883395284418812365420494048314831247383431185749900114834698950095,0x1185126934536a57f1714b022e6d34695c0a6db6b43fb08549355efd989c465e,151.4384,0.1422,21.5472,0.0757,-21.4715,-99.6483,151.4384,0.0,-99.6486,0.0005,False,True,Will the highest temperature in Denver be between 92-93°F on July 22?,highest-temperature-in-denver-on-july-22-2026-92-93f,https://polymarket-upload.s3.us-east-2.amazonaws.com/denver-c2951e9cad.jpg,727280,highest-temperature-in-denver-on-july-22-2026,Yes,0,No,84641342534638056607254390564387825789146376929580047165435799063825018666343,2026-07-22,True,True,True
0xb40e89677d59665d5188541ad860450a6e2a7cc9,11837172001580138889224538034592500574198229720801035743159337127483776567900,0x0d53cf76e7a990a8f4d7ae0e7d96e100b8402d45091b54a7e5602029cfcf76ec,151.38,0.598,90.5378,151.38,60.8421,67.2007,151.38,0.0,67.2008,1.0,True,True,Will the highest temperature in Singapore be 31°C on July 22?,highest-temperature-in-singapore-on-july-22-2026-31c,https://polymarket-upload.s3.us-east-2.amazonaws.com/singapore-4b057edc68.jpg,724029,highest-temperature-in-singapore-on-july-22-2026,No,1,Yes,33992764868560822670301077972561463073960431037163986919811727656266220101085,2026-07-22,True,True,True
0xb40e89677d59665d5188541ad860450a6e2a7cc9,58687260696982076124068107242265446883785612806927333963625232062336514591893,0xe28969b88148e0f7703ebe51f9982a2ef340c9e4f350a7820c9041f65bfa8c01,151.2876,0.1945,29.436,0.0756,-29.3604,-99.743,151.2876,0.0,-99.7431,0.0005,False,True,Will the highest temperature in San Francisco be between 70-71°F on July 22?,highest-temperature-in-san-francisco-on-july-22-2026-70-71f,https://polymarket-upload.s3.us-east-2.amazonaws.com/san-francisco-e705a842df.jpg,727283,highest-temperature-in-san-francisco-on-july-22-2026,Yes,0,No,37820524584189287747339290146915871941328798201133141226666713236685259316208,2026-07-22,True,True,True
0xb40e89677d59665d5188541ad860450a6e2a7cc9,85707354903122845309847008964420979182936127197042229421909875990371689823123,0xc13518bd4a11e16ead5e26c9311b162c48ede20a6695257b48f800dd6d4e49f8,150.54,0.6966,104.8779,104.6102,-0.2677,-0.2552,150.54,0.0,-0.2552,0.6949,False,True,Will the highest temperature in Beijing be 30°C on July 23?,highest-temperature-in-beijing-on-july-23-2026-30c,https://polymarket-upload.s3.us-east-2.amazonaws.com/beijing-5f83769b5a.jpg,727811,highest-temperature-in-beijing-on-july-23-2026,No,1,Yes,50171425805410371171948756485032085270928330599151012106662453197819213304003,2026-07-23,True,True,False
0xb40e89677d59665d5188541ad860450a6e2a7cc9,33761075381256390996603523560546480848901754131279135277245276806753889315679,0x54b0287f481c5bfe62a0d7f322d54e94066a97c69c8964f2e27e5f204e6d9f42,149.5089,0.1164,17.4059,10.4656,-6.9403,-39.873,149.5089,0.0,-39.8735,0.07,False,True,Will the highest temperature in Houston be between 94-95°F on July 23?,highest-temperature-in-houston-on-july-23-2026-94-95f,https://polymarket-upload.s3.us-east-2.amazonaws.com/houston-ef6084a9ac.jpg,731116,highest-temperature-in-houston-on-july-23-2026,Yes,0,No,25101730603148555131934999986429934814900468860663035320522847577245775549274,2026-07-23,True,True,False
0xb40e89677d59665d5188541ad860450a6e2a7cc9,36693556504777905689007209873287045188528765643630594807899159290727415147534,0x619923a8b9c8d5dcdf763fa8b062cce820b9eb49678539e09ba39c73f14e2b89,147.9345,0.2391,35.3813,0.0739,-35.3074,-99.791,147.9345,0.0,-99.7911,0.0005,False,True,Will the highest temperature in Dallas be between 104-105°F on July 22?,highest-temperature-in-dallas-on-july-22-2026-104-105f,https://polymarket-upload.s3.us-east-2.amazonaws.com/highest-temperature-in-dallas-on-december-5-m1XZuVxmKEs_.jpg,727275,highest-temperature-in-dallas-on-july-22-2026,Yes,0,No,39349941862347270093465016784540947522820664263175252199368051653844461596933,2026-07-22,True,True,True
0xb40e89677d59665d5188541ad860450a6e2a7cc9,81255999413936982825721063472247791154692591150917758333643417476535540010212,0x9ae6030dbfe5e7de83ced806e8461ff079d9c64bf47e8d963263796c84564f77,147.1074,0.8806,129.5531,147.0339,17.4807,13.493,147.1074,0.0,13.4931,0.9995,False,True,Will the highest temperature in London be 27°C on July 22?,highest-temperature-in-london-on-july-22-2026-27c,https://polymarket-upload.s3.us-east-2.amazonaws.com/highest-temperature-in-london-on-jan-22-eouu0bkjph8i.jpg,723997,highest-temperature-in-london-on-july-22-2026,No,1,Yes,16058088562877157868966172525449283530637518259888519124630033205006387010196,2026-07-22,True,True,True
0xb40e89677d59665d5188541ad860450a6e2a7cc9,84704251269070929614695688396847433508155036046666503319191600649723028810256,0x95dbea2403eefccc30a0b4f276e0dd94d8030ac0f826aa2702ebd835cd75985c,146.9048,0.0591,8.6951,0.0734,-8.6217,-99.1552,146.9048,0.0,-99.1558,0.0005,False,True,Will the highest temperature in Sao Paulo be 24°C on July 22?,highest-temperature-in-sao-paulo-on-july-22-2026-24c,https://polymarket-upload.s3.us-east-2.amazonaws.com/sao paulo-7deca91e54.jpg,727263,highest-temperature-in-sao-paulo-on-july-22-2026,Yes,0,No,68953898534649544618138602491433751504963109214485478195057698808004799971150,2026-07-22,True,True,True
0xb40e89677d59665d5188541ad860450a6e2a7cc9,52139766415274761504911217601845889297180502380682940729220082909033227913168,0x949d39793435322f387c77313360636d15da4d680ddc07c4250d45300bb6228e,146.1761,0.8357,122.1652,146.103,23.9377,19.5945,146.1761,0.0,19.5945,0.9995,False,True,Will the highest temperature in Los Angeles be between 82-83°F on July 22?,highest-temperature-in-los-angeles-on-july-22-2026-82-83f,https://polymarket-upload.s3.us-east-2.amazonaws.com/los-angeles-cdae9380c7.jpg,727282,highest-temperature-in-los-angeles-on-july-22-2026,No,1,Yes,42418379245076117409098872801996547402667754068146707959806384644359039220759,2026-07-22,True,True,True
0xb40e89677d59665d5188541ad860450a6e2a7cc9,44803526073968701897606129537372390080360794853005743484333911538551092009232,0xb4727e43d29cb4dc4229f497663b25125334c7ae5c69d846aa7d4384bac5c32d,146.1409,0.0789,11.5425,15.4178,3.8752,33.5733,146.1409,0.0,33.5741,0.1055,False,True,Will the highest temperature in Hong Kong be 35°C on July 23?,highest-temperature-in-hong-kong-on-july-23-2026-35c,https://polymarket-upload.s3.us-east-2.amazonaws.com/hongkong-ae9cc75f37.jpg,727803,highest-temperature-in-hong-kong-on-july-23-2026,Yes,0,No,4968927165528783311579372710194498678002654747375482230970257903359641998693,2026-07-23,True,True,False
0xb40e89677d59665d5188541ad860450a6e2a7cc9,47605061058759313452212769952354802996964094180649465553133929763618631616653,0xf586605bf167c83a088a4972f3924ea54b5d6b1ce5c9fb69ddbbe9f68c3a5ae3,144.1776,0.8001,115.3615,138.4105,23.0489,19.9797,144.1776,0.0,19.9797,0.96,False,True,Will the highest temperature in Wellington be 15°C on July 23?,highest-temperature-in-wellington-on-july-23-2026-15c,https://polymarket-upload.s3.us-east-2.amazonaws.com/highest-temperature-in-wellington-on-january-18-9V6hoMZlkY2N.jpg,727799,highest-temperature-in-wellington-on-july-23-2026,No,1,Yes,49413543694699726924098153634142300792129607972054712228059477081635846179502,2026-07-23,True,True,False
0xb40e89677d59665d5188541ad860450a6e2a7cc9,38916595774572461463864589419427459180088189281784685685873856301838206053929,0xd55e0990430340f07f957f79984ace70b90bcdaa9f4b951185f5c319c88479f9,142.86,0.466,66.5763,0.1428,-66.4335,-99.7854,142.86,0.0,-99.7855,0.001,False,True,Will the highest temperature in Dallas be between 108-109°F on July 22?,highest-temperature-in-dallas-on-july-22-2026-108-109f,https://polymarket-upload.s3.us-east-2.amazonaws.com/highest-temperature-in-dallas-on-december-5-m1XZuVxmKEs_.jpg,727275,highest-temperature-in-dallas-on-july-22-2026,No,1,Yes,28149051516774139945056565066509570692506156873968159785315883116793167020566,2026-07-22,True,True,True
0xb40e89677d59665d5188541ad860450a6e2a7cc9,57652496533288189934920729959045462227984245199486650158391060873283828011312,0x756c8e0bf6d5e4781a2dc0076040132c748a9b6afcce050842897f46a7b493c4,142.2438,0.6531,92.9093,0.0,-92.9093,-99.9999,142.2438,0.0,-100.0,0.0,True,True,Will the highest temperature in Istanbul be 31°C on July 22?,highest-temperature-in-istanbul-on-july-22-2026-31c,https://polymarket-upload.s3.us-east-2.amazonaws.com/istanbul-dc72177e0c.jpg,724046,highest-temperature-in-istanbul-on-july-22-2026,Yes,0,No,55322743872828723669471333687599655362701668769312714121349035444960033270363,2026-07-22,True,True,True
0xb40e89677d59665d5188541ad860450a6e2a7cc9,31634534185089883144589231161372458156496808150323943656243973555370233724838,0xdd4ad69612cb5bffcd17a09fece369a3b54c172cc5f0b94e1fdbd29bfc8a6f76,141.7376,0.1047,14.8538,15.5911,0.7372,4.963,141.7376,0.0,4.9635,0.11,False,True,Will the highest temperature in Los Angeles be between 78-79°F on July 23?,highest-temperature-in-los-angeles-on-july-23-2026-78-79f,https://polymarket-upload.s3.us-east-2.amazonaws.com/los-angeles-cdae9380c7.jpg,731117,highest-temperature-in-los-angeles-on-july-23-2026,Yes,0,No,111092483099950111393841312107123720222914376019126876795838187699558863356318,2026-07-23,True,True,False
0xb40e89677d59665d5188541ad860450a6e2a7cc9,45865201283197036257156615236937456489556255828379640390714495194473781975838,0x5f20aadecb2f308ed3f813cdc1eeb59802daba82df28754c09074733abe9a6c8,141.101,0.2005,28.2989,140.7482,112.4492,397.3618,141.101,0.0,397.362,0.9975,False,True,Will the highest temperature in Chicago be between 74-75°F on July 22?,highest-temperature-in-chicago-on-july-22-2026-74-75f,https://polymarket-upload.s3.us-east-2.amazonaws.com/highest-temperature-in-chicago-on-december-5-IoEGq9msnWg6.jpg,727278,highest-temperature-in-chicago-on-july-22-2026,Yes,0,No,58766792198380332209901617505893526196357349243891035077763329868337915695801,2026-07-22,True,True,True
0xb40e89677d59665d5188541ad860450a6e2a7cc9,7413638807677789654567012958824723111275337403530754189319384153061128498819,0x3ea591fe83d2c11601211649f89a5a8d44b3b83c79b5d91b1ce2989b004f3590,140.8444,0.0424,5.9753,2.4647,-3.5106,-58.7516,140.8444,0.0,-58.752,0.0175,False,True,Will the highest temperature in New York City be between 84-85°F on July 23?,highest-temperature-in-nyc-on-july-23-2026-84-85f,https://polymarket-upload.s3.us-east-2.amazonaws.com/test-nyc-weather-pciture-cgUEW73XBkei.jpg,731109,highest-temperature-in-nyc-on-july-23-2026,Yes,0,No,55239385913829833580883449075905909557311872588736784947792146239636853340303,2026-07-23,True,True,True
0xb40e89677d59665d5188541ad860450a6e2a7cc9,6317396178226150110716330081817668800905113060382591321408674346077555994563,0xf56f5730a91e957f470d03a2c5ababef6699832b0f2f7b64764ec4b5e581a4c9,139.5657,0.5047,70.4406,139.147,68.7063,97.5378,139.5657,0.0,97.5378,0.997,False,True,Will the highest temperature in Atlanta be between 88-89°F on July 22?,highest-temperature-in-atlanta-on-july-22-2026-88-89f,https://polymarket-upload.s3.us-east-2.amazonaws.com/highest-temperature-in-atlanta-on-december-5--dClj_prA8Ny.jpg,727276,highest-temperature-in-atlanta-on-july-22-2026,Yes,0,No,52004264856106972426445775542228574359686656816079025884247135706268042318573,2026-07-22,True,True,True
0xb40e89677d59665d5188541ad860450a6e2a7cc9,6978906342697963288190174563149457083662980593872825017951690124129417977600,0x0d9dd91a8edcec191db9bd8221a4343b69fb531967aed457c1d43d097887afc2,137.9557,0.2778,38.3323,0.0,-38.3323,-99.9997,1339.8289,251.4379,-100.0,0.0,True,False,Will the highest temperature in Hong Kong be 29°C on July 7?,highest-temperature-in-hong-kong-on-july-7-2026-29c,https://polymarket-upload.s3.us-east-2.amazonaws.com/hongkong-ae9cc75f37.jpg,668423,highest-temperature-in-hong-kong-on-july-7-2026,Yes,0,No,24237627112411604328474297561366580896278180394551910433582993457781196685247,2026-07-07,True,True,True
0xb40e89677d59665d5188541ad860450a6e2a7cc9,43435594067310150280964550142482095990436826241653562175584405459465617571214,0xe31f672424dbc920a1d604a43f4d13b1f519e0ff2578c12bd14028b371c4f30f,137.6789,0.2261,31.1319,0.0,-31.1319,-99.9997,482.1391,94.3407,-100.0,0.0,True,False,Will the highest temperature in Miami be between 88-89°F on July 6?,highest-temperature-in-miami-on-july-6-2026-88-89f,https://polymarket-upload.s3.us-east-2.amazonaws.com/highest-temperature-in-miami-on-december-5-fjW5d7xet1Aq.jpg,667967,highest-temperature-in-miami-on-july-6-2026,Yes,0,No,2039245671378774777501177898260745221094138067038420011310517747796157190471,2026-07-06,True,True,True
0xb40e89677d59665d5188541ad860450a6e2a7cc9,88270585510873358704716299728078561922207327306323015596298216458064719966903,0x45474b17530fa7379f452c55449e1f583cf444637999af63fbdf9b8ed31ca5b2,137.4003,0.7227,99.3058,100.9892,1.6833,1.695,137.4003,0.0,1.6951,0.735,False,True,Will the highest temperature in Seattle be between 78-79°F on July 23?,highest-temperature-in-seattle-on-july-23-2026-78-79f,https://polymarket-upload.s3.us-east-2.amazonaws.com/highest-temperature-in-seattle-on-december-5-mjogoGN44OY4.jpg,731108,highest-temperature-in-seattle-on-july-23-2026,No,1,Yes,89160887361957731491548011866127872154490494701883542817864600812543798191691,2026-07-23,True,True,False
0xb40e89677d59665d5188541ad860450a6e2a7cc9,47064478006152457467233631873177805726469580544327286226190813265472993524759,0xdc9632b2ea7d3793563d92831af9b9b41be259a1eae116bdec509ed0b0e2ef93,136.3553,0.1148,15.6553,0.0681,-15.5872,-99.5645,136.3553,0.0,-99.565,0.0005,False,True,Will the highest temperature in Buenos Aires be 12°C on July 22?,highest-temperature-in-buenos-aires-on-july-22-2026-12c,https://polymarket-upload.s3.us-east-2.amazonaws.com/will-the-highest-temperature-in-buenos-aires-be-32-c-or-higher-on-december-6-etNh-JFGhdrt.jpg,727264,highest-temperature-in-buenos-aires-on-july-22-2026,Yes,0,No,20417977373952724913925160593594870210421239904583868282344933538919426455796,2026-07-22,True,True,True
0xb40e89677d59665d5188541ad860450a6e2a7cc9,109818458080335015987169368661729988171244301265046004976967329130224110114075,0xa9a5715f6b52f6924d821ef1443e2b56a8ed10e834de46333ee4782ece00f1d4,136.0945,0.204,27.7695,3.6065,-24.163,-87.0125,136.0945,0.0,-87.0127,0.0265,False,True,Will the highest temperature in San Francisco be between 72-73°F on July 22?,highest-temperature-in-san-francisco-on-july-22-2026-72-73f,https://polymarket-upload.s3.us-east-2.amazonaws.com/san-francisco-e705a842df.jpg,727283,highest-temperature-in-san-francisco-on-july-22-2026,No,1,Yes,14317160440172502615390729711780366775832690941760420303111699796706491188739,2026-07-22,True,True,False
0xb40e89677d59665d5188541ad860450a6e2a7cc9,25479707158278973108314300748319893053284234785463414510609177581650951627927,0x2e2f7e725b6f1320a4e18b010ce075620a5ed41a9db38af85302dba80012bd11,133.2384,0.6245,83.2096,133.1718,49.9621,60.0436,133.2384,0.0,60.0436,0.9995,False,True,Will the highest temperature in Houston be between 100-101°F on July 22?,highest-temperature-in-houston-on-july-22-2026-100-101f,https://polymarket-upload.s3.us-east-2.amazonaws.com/houston-ef6084a9ac.jpg,727281,highest-temperature-in-houston-on-july-22-2026,No,1,Yes,455456618765923371624376664497177025988815980474470743574726756630788525196,2026-07-22,True,True,True
0xb40e89677d59665d5188541ad860450a6e2a7cc9,53993293129008242951368444401437740774794601193063269700982577625373830161999,0xf9ab326f53567a178234e3102ef528139934a3cdf68ed1fa54029220c31aa8bd,132.8125,0.1779,23.6391,132.7461,109.1069,461.5511,132.8125,0.0,461.5512,0.9995,False,True,Will the highest temperature in Buenos Aires be 15°C on July 22?,highest-temperature-in-buenos-aires-on-july-22-2026-15c,https://polymarket-upload.s3.us-east-2.amazonaws.com/will-the-highest-temperature-in-buenos-aires-be-32-c-or-higher-on-december-6-etNh-JFGhdrt.jpg,727264,highest-temperature-in-buenos-aires-on-july-22-2026,Yes,0,No,94499836553381539996185664920892450001042851103232610648129497940446950255442,2026-07-22,True,True,True
0xb40e89677d59665d5188541ad860450a6e2a7cc9,58766792198380332209901617505893526196357349243891035077763329868337915695801,0x5f20aadecb2f308ed3f813cdc1eeb59802daba82df28754c09074733abe9a6c8,131.0876,0.7256,95.1254,0.3277,-94.7977,-99.6554,131.0876,0.0,-99.6555,0.0025,False,True,Will the highest temperature in Chicago be between 74-75°F on July 22?,highest-temperature-in-chicago-on-july-22-2026-74-75f,https://polymarket-upload.s3.us-east-2.amazonaws.com/highest-temperature-in-chicago-on-december-5-IoEGq9msnWg6.jpg,727278,highest-temperature-in-chicago-on-july-22-2026,No,1,Yes,45865201283197036257156615236937456489556255828379640390714495194473781975838,2026-07-22,True,True,True
0xb40e89677d59665d5188541ad860450a6e2a7cc9,24443311636899720429544885224578393693952689329875377070242727204801467685717,0x5afb53aa4b062d59c162a20be40914bcdbaf11d29fc4eb10dbc5ddd1cd62f3ca,131.0557,0.4214,55.2282,0.0655,-55.1627,-99.8813,131.0557,0.0,-99.8814,0.0005,False,True,Will the highest temperature in Dallas be between 106-107°F on July 22?,highest-temperature-in-dallas-on-july-22-2026-106-107f,https://polymarket-upload.s3.us-east-2.amazonaws.com/highest-temperature-in-dallas-on-december-5-m1XZuVxmKEs_.jpg,727275,highest-temperature-in-dallas-on-july-22-2026,Yes,0,No,61591812004920714963988537886631822019527591479275467539426038795496247150654,2026-07-22,True,True,True
0xb40e89677d59665d5188541ad860450a6e2a7cc9,37820524584189287747339290146915871941328798201133141226666713236685259316208,0xe28969b88148e0f7703ebe51f9982a2ef340c9e4f350a7820c9041f65bfa8c01,130.766,0.7047,92.157,130.7006,38.5435,41.8236,130.766,0.0,41.8237,0.9995,False,True,Will the highest temperature in San Francisco be between 70-71°F on July 22?,highest-temperature-in-san-francisco-on-july-22-2026-70-71f,https://polymarket-upload.s3.us-east-2.amazonaws.com/san-francisco-e705a842df.jpg,727283,highest-temperature-in-san-francisco-on-july-22-2026,No,1,Yes,58687260696982076124068107242265446883785612806927333963625232062336514591893,2026-07-22,True,True,True
0xb40e89677d59665d5188541ad860450a6e2a7cc9,111811091187037813298136310275455621210071789633286452842292715577220499437045,0x32691d94ff470c7851e2b553a5b2a6f1f5d7f68228ddd3cfae173fb4f1c3f0f3,130.0736,0.0911,11.8619,0.0,-11.8619,-99.9996,130.0736,0.0,-100.0,0.0,True,True,Will the highest temperature in Guangzhou be 32°C on July 22?,highest-temperature-in-guangzhou-on-july-22-2026-32c,https://polymarket-upload.s3.us-east-2.amazonaws.com/guangzhou-432bb47dad.jpg,724053,highest-temperature-in-guangzhou-on-july-22-2026,Yes,0,No,111728162803168478832760566902859390770456885441990245191742216449025845633435,2026-07-22,True,True,True
0xb40e89677d59665d5188541ad860450a6e2a7cc9,42419324625565265688833438097966017791661184929086640086616211119004425225909,0x0ace7a7d1dc7514550512ae0c6d3b181cb401501320893ea45266f99b5dcdef0,129.4144,0.1345,17.407,0.0,-17.407,-99.9999,352.9346,81.6952,-100.0,0.0,True,False,Will the highest temperature in Guangzhou be 29°C on July 7?,highest-temperature-in-guangzhou-on-july-7-2026-29c,https://polymarket-upload.s3.us-east-2.amazonaws.com/guangzhou-432bb47dad.jpg,668442,highest-temperature-in-guangzhou-on-july-7-2026,Yes,0,No,34474032417081535085684261083883429592623417187897015069498166064386586812392,2026-07-07,True,True,True
0xb40e89677d59665d5188541ad860450a6e2a7cc9,86341656110063018692438406228278070680598063138081723136257969602765966371818,0x9cc10dac04950ceac9ee8ec77f5841d70cb7157746ddf5a2824b9996473e50df,129.0407,0.1916,24.727,0.0645,-24.6625,-99.7389,129.0407,0.0,-99.7391,0.0005,False,True,Will the highest temperature in Buenos Aires be 13°C on July 22?,highest-temperature-in-buenos-aires-on-july-22-2026-13c,https://polymarket-upload.s3.us-east-2.amazonaws.com/will-the-highest-temperature-in-buenos-aires-be-32-c-or-higher-on-december-6-etNh-JFGhdrt.jpg,727264,highest-temperature-in-buenos-aires-on-july-22-2026,Yes,0,No,46809973685884805913880904628927992378202186475812360982940442547557464408545,2026-07-22,True,True,True
0xb40e89677d59665d5188541ad860450a6e2a7cc9,44671522289251846139884679948841786496199854980396981780341416502905962343336,0x2c0febfae1214f1a85b6f9a39f4c74523ed5217590eb246857d671d7861b35fe,128.9842,0.3689,47.5937,51.3357,3.7419,7.8621,128.9842,0.0,7.8622,0.398,False,True,Will the highest temperature in Hong Kong be 34°C on July 23?,highest-temperature-in-hong-kong-on-july-23-2026-34c,https://polymarket-upload.s3.us-east-2.amazonaws.com/hongkong-ae9cc75f37.jpg,727803,highest-temperature-in-hong-kong-on-july-23-2026,Yes,0,No,80270372288514892122229303181424592994977341771902366596528480848577129708762,2026-07-23,True,True,False
0xb40e89677d59665d5188541ad860450a6e2a7cc9,32136524188747151496621276275424124697387762749904139457798356064837892320288,0xd28ce1d16a70af76393d6d3218994ce2b1dcd920595a64dc18a675037bede173,128.32,0.4895,62.8177,72.4879,9.6701,15.3938,128.32,0.0,15.3939,0.5649,False,True,Will the highest temperature in Hong Kong be 33°C on July 23?,highest-temperature-in-hong-kong-on-july-23-2026-33c,https://polymarket-upload.s3.us-east-2.amazonaws.com/hongkong-ae9cc75f37.jpg,727803,highest-temperature-in-hong-kong-on-july-23-2026,No,1,Yes,47920761005770657940717260598300852868308806037204982591325925438807244745966,2026-07-23,True,True,False
0xb40e89677d59665d5188541ad860450a6e2a7cc9,455456618765923371624376664497177025988815980474470743574726756630788525196,0x2e2f7e725b6f1320a4e18b010ce075620a5ed41a9db38af85302dba80012bd11,128.0593,0.3821,48.9363,0.064,-48.8723,-99.8691,128.0593,0.0,-99.8692,0.0005,False,True,Will the highest temperature in Houston be between 100-101°F on July 22?,highest-temperature-in-houston-on-july-22-2026-100-101f,https://polymarket-upload.s3.us-east-2.amazonaws.com/houston-ef6084a9ac.jpg,727281,highest-temperature-in-houston-on-july-22-2026,Yes,0,No,25479707158278973108314300748319893053284234785463414510609177581650951627927,2026-07-22,True,True,True
0xb40e89677d59665d5188541ad860450a6e2a7cc9,70118974783014261064864972768761598236899201681484957623599645490295235549439,0xf9dcb7fc84423f5062c65f454c1e0cabffe3773a80f486639da65c11ae3c1376,127.9755,0.3951,50.5701,0.3839,-50.1862,-99.2407,127.9755,0.0,-99.2408,0.003,False,True,Will the highest temperature in Austin be between 104-105°F on July 22?,highest-temperature-in-austin-on-july-22-2026-104-105f,https://polymarket-upload.s3.us-east-2.amazonaws.com/austin-b18a80e4a0.jpg,727279,highest-temperature-in-austin-on-july-22-2026,Yes,0,No,45435932622892334384622584917563054638340296258383975416359980209512281752236,2026-07-22,True,True,True
0xb40e89677d59665d5188541ad860450a6e2a7cc9,96050229458924659072618027709145865069828811866061327859456588787889224087401,0x758401c4bea3839337d46a6ef8fcc0a1471e908597a5c9a669bab26f629dfe66,126.0248,0.0927,11.6845,0.0,-11.6845,-99.9998,723.4992,243.3417,-100.0,0.0,True,False,Will the highest temperature in Hong Kong be 32°C on July 3?,highest-temperature-in-hong-kong-on-july-3-2026-32c,https://polymarket-upload.s3.us-east-2.amazonaws.com/hongkong-ae9cc75f37.jpg,653822,highest-temperature-in-hong-kong-on-july-3-2026,Yes,0,No,91026362889881921387497499480218521599858272943122680382588168778946330284833,2026-07-03,True,True,True
0xb40e89677d59665d5188541ad860450a6e2a7cc9,84260492725577514177781657014243548664027366624085966708646270436950607907904,0xde52f97ee575909bc9dafaf6952d184aa8a6d4236e1a3b5c77e333dd9b7fa0fa,125.8511,0.6489,81.6687,125.7882,44.1194,54.0223,125.8511,0.0,54.0224,0.9995,False,True,Will the highest temperature in Chicago be between 70-71°F on July 22?,highest-temperature-in-chicago-on-july-22-2026-70-71f,https://polymarket-upload.s3.us-east-2.amazonaws.com/highest-temperature-in-chicago-on-december-5-IoEGq9msnWg6.jpg,727278,highest-temperature-in-chicago-on-july-22-2026,No,1,Yes,22727806163696694790806264017200857098878684163066092107894161817493895897430,2026-07-22,True,True,True
0xb40e89677d59665d5188541ad860450a6e2a7cc9,94499836553381539996185664920892450001042851103232610648129497940446950255442,0xf9ab326f53567a178234e3102ef528139934a3cdf68ed1fa54029220c31aa8bd,124.4173,0.678,84.3591,0.0622,-84.2969,-99.9261,124.4173,0.0,-99.9262,0.0005,False,True,Will the highest temperature in Buenos Aires be 15°C on July 22?,highest-temperature-in-buenos-aires-on-july-22-2026-15c,https://polymarket-upload.s3.us-east-2.amazonaws.com/will-the-highest-temperature-in-buenos-aires-be-32-c-or-higher-on-december-6-etNh-JFGhdrt.jpg,727264,highest-temperature-in-buenos-aires-on-july-22-2026,No,1,Yes,53993293129008242951368444401437740774794601193063269700982577625373830161999,2026-07-22,True,True,True
0xb40e89677d59665d5188541ad860450a6e2a7cc9,70985782570338059459956815659602833155859850916245835120340153117086526033734,0x07f49bab23d45720063809c1ee38e7c0f3fbb3475c4960bd927a9f81e998b13f,123.8054,0.1628,20.166,0.0,-20.166,-99.9997,571.8223,164.2027,-100.0,0.0,True,False,Will the highest temperature in Shenzhen be 26°C on July 7?,highest-temperature-in-shenzhen-on-july-7-2026-26c,https://polymarket-upload.s3.us-east-2.amazonaws.com/shenzhen-cf834873c6.jpg,668434,highest-temperature-in-shenzhen-on-july-7-2026,Yes,0,No,85260665818503849003982868023016493431203030039157726208074071854626935579401,2026-07-07,True,True,True
0xb40e89677d59665d5188541ad860450a6e2a7cc9,37680537545794798047916421756302543763642957751070045397140146375553810408395,0x0cbc7f6e2c3508713a66abfcd9e1c7140a04a040d8a6280b1463bc13625c1d23,123.3985,0.0838,10.3432,0.0616,-10.2816,-99.4038,123.3985,0.0,-99.4044,0.0005,False,True,Will the highest temperature in Houston be between 98-99°F on July 22?,highest-temperature-in-houston-on-july-22-2026-98-99f,https://polymarket-upload.s3.us-east-2.amazonaws.com/houston-ef6084a9ac.jpg,727281,highest-temperature-in-houston-on-july-22-2026,Yes,0,No,52851469248833926885880955573242834203959719873358522765646289846127483360505,2026-07-22,True,True,True
0xb40e89677d59665d5188541ad860450a6e2a7cc9,61591812004920714963988537886631822019527591479275467539426038795496247150654,0x5afb53aa4b062d59c162a20be40914bcdbaf11d29fc4eb10dbc5ddd1cd62f3ca,122.9161,0.6609,81.2352,122.8546,41.6193,51.233,122.9161,0.0,51.233,0.9995,False,True,Will the highest temperature in Dallas be between 106-107°F on July 22?,highest-temperature-in-dallas-on-july-22-2026-106-107f,https://polymarket-upload.s3.us-east-2.amazonaws.com/highest-temperature-in-dallas-on-december-5-m1XZuVxmKEs_.jpg,727275,highest-temperature-in-dallas-on-july-22-2026,No,1,Yes,24443311636899720429544885224578393693952689329875377070242727204801467685717,2026-07-22,True,True,True
0xb40e89677d59665d5188541ad860450a6e2a7cc9,19532168135350772219530126504107723045586917435432074842452890597230213010955,0x8b1c7c8f8e558bf5edde3a0400fe7be0752a4b3f298f02316f768e21c776e5db,120.53,0.8559,103.1624,120.4697,17.3072,16.7766,120.53,0.0,16.7766,0.9995,False,True,Will the highest temperature in Sao Paulo be 27°C on July 22?,highest-temperature-in-sao-paulo-on-july-22-2026-27c,https://polymarket-upload.s3.us-east-2.amazonaws.com/sao paulo-7deca91e54.jpg,727263,highest-temperature-in-sao-paulo-on-july-22-2026,No,1,Yes,101781038006345989173084849421798444001209928453922880496514431022580474050044,2026-07-22,True,True,True
0xb40e89677d59665d5188541ad860450a6e2a7cc9,84882383550543443102978776981694280318953213014955010616594684301042475202223,0xcffcde510baaf05e3f3a92b8abccdb1403ef1fa89efeac3664a9969570e85372,120.0225,0.3488,41.8732,119.4824,77.6091,185.343,120.0225,0.0,185.3432,0.9955,False,True,Will the highest temperature in Houston be between 102-103°F on July 22?,highest-temperature-in-houston-on-july-22-2026-102-103f,https://polymarket-upload.s3.us-east-2.amazonaws.com/houston-ef6084a9ac.jpg,727281,highest-temperature-in-houston-on-july-22-2026,Yes,0,No,76684077118635269768194997924292780029968300861658797501420588904381155585106,2026-07-22,True,True,True
0xb40e89677d59665d5188541ad860450a6e2a7cc9,99213849465777389240086825798547901797445979588195412371030064784494278583399,0xe09c38f7a2c31ee33b751037e867d57c827268f0fa9cea86a2b3dc46f331f778,117.9649,0.053,6.2546,3.9518,-2.3028,-36.8175,117.9649,0.0,-36.8179,0.0335,False,True,Will the highest temperature in Manila be 35°C on July 23?,highest-temperature-in-manila-on-july-23-2026-35c,https://polymarket-upload.s3.us-east-2.amazonaws.com/manila-1586e292d0.jpg,727824,highest-temperature-in-manila-on-july-23-2026,Yes,0,No,94689525297885367653468336161213630014887658059731505204717495130050558364794,2026-07-23,True,True,False
0xb40e89677d59665d5188541ad860450a6e2a7cc9,86531105895156879476877022901425343884818741523972567825183642650009836346306,0xdfff1a9c95a0e1077f09c23cdfc97652de6e52b58a3bcc3dec3007853feaa901,117.3737,0.7706,90.4527,98.5939,8.1411,9.0003,117.3737,0.0,9.0004,0.84,False,True,Will the highest temperature in London be 25°C on July 23?,highest-temperature-in-london-on-july-23-2026-25c,https://polymarket-upload.s3.us-east-2.amazonaws.com/highest-temperature-in-london-on-jan-22-eouu0bkjph8i.jpg,727795,highest-temperature-in-london-on-july-23-2026,No,1,Yes,39200371973075994449129209087335568267419498287714938965248563285079403394889,2026-07-23,True,True,False
0xb40e89677d59665d5188541ad860450a6e2a7cc9,52851469248833926885880955573242834203959719873358522765646289846127483360505,0x0cbc7f6e2c3508713a66abfcd9e1c7140a04a040d8a6280b1463bc13625c1d23,114.1466,0.8786,100.2931,114.0895,13.7963,13.7559,114.1466,0.0,13.756,0.9995,False,True,Will the highest temperature in Houston be between 98-99°F on July 22?,highest-temperature-in-houston-on-july-22-2026-98-99f,https://polymarket-upload.s3.us-east-2.amazonaws.com/houston-ef6084a9ac.jpg,727281,highest-temperature-in-houston-on-july-22-2026,No,1,Yes,37680537545794798047916421756302543763642957751070045397140146375553810408395,2026-07-22,True,True,True
0xb40e89677d59665d5188541ad860450a6e2a7cc9,56702837306674168877502086535301662145958790122873477346944260129847017000514,0x5091c22412aac6ac252ce9fb87d6810c45a4e7f6756de61200fd4c9adaa83618,112.3691,0.2414,27.1362,0.0,-27.1362,-99.9998,197.4108,21.9839,-100.0,0.0,True,False,Will the highest temperature in Toronto be 27°C on July 6?,highest-temperature-in-toronto-on-july-6-2026-27c,https://polymarket-upload.s3.us-east-2.amazonaws.com/highest-temperature-in-toronto-on-december-6-ZHBngGPj9GGd.jpg,667962,highest-temperature-in-toronto-on-july-6-2026,Yes,0,No,108232943355928311446122905922906282765768881683681710611552806655012894064863,2026-07-06,True,True,True
0xb40e89677d59665d5188541ad860450a6e2a7cc9,65185047059303818420930018719011655219809396232822596757508759984232236288175,0xbbe80633c3368b8db673b680774d74db42c9ec8f771437effa2f6877b7158b11,111.5099,0.8532,95.1469,84.7475,-10.3994,-10.9298,111.5099,0.0,-10.9298,0.76,False,True,Will the highest temperature in Wellington be 13°C on July 23?,highest-temperature-in-wellington-on-july-23-2026-13c,https://polymarket-upload.s3.us-east-2.amazonaws.com/highest-temperature-in-wellington-on-january-18-9V6hoMZlkY2N.jpg,727799,highest-temperature-in-wellington-on-july-23-2026,No,1,Yes,97994855484872874249164262305627691808680487598076375027686621649683955751126,2026-07-23,True,True,False
0xb40e89677d59665d5188541ad860450a6e2a7cc9,67859151750002628881434076431026642462414234699127425482201990381493008915030,0x8005c22594ee659727aa3487395b81f851a980649a4d2ec0e67b467a8c234079,111.4206,0.2851,31.77,0.0,-31.77,-99.9999,292.6697,38.9439,-100.0,0.0,True,False,Will the highest temperature in Houston be between 94-95°F on July 6?,highest-temperature-in-houston-on-july-6-2026-94-95f,https://polymarket-upload.s3.us-east-2.amazonaws.com/houston-ef6084a9ac.jpg,667971,highest-temperature-in-houston-on-july-6-2026,Yes,0,No,111418149229053541704818270663702678387148767746911103850911009128689928571725,2026-07-06,True,True,True
0xb40e89677d59665d5188541ad860450a6e2a7cc9,94689525297885367653468336161213630014887658059731505204717495130050558364794,0xe09c38f7a2c31ee33b751037e867d57c827268f0fa9cea86a2b3dc46f331f778,111.31,0.91,101.2921,107.5811,6.289,6.2087,111.31,0.0,6.2087,0.9665,False,True,Will the highest temperature in Manila be 35°C on July 23?,highest-temperature-in-manila-on-july-23-2026-35c,https://polymarket-upload.s3.us-east-2.amazonaws.com/manila-1586e292d0.jpg,727824,highest-temperature-in-manila-on-july-23-2026,No,1,Yes,99213849465777389240086825798547901797445979588195412371030064784494278583399,2026-07-23,True,True,False
0xb40e89677d59665d5188541ad860450a6e2a7cc9,22102028629608173823762150004017450573924579974394729336571621209853303052810,0xa97733ab6c6f15a531112450dfeab663ee94335981f4c9941cc675d8157bd95c,110.97,0.4777,53.0191,56.0398,3.0206,5.6971,110.97,0.0,5.6973,0.505,False,True,Will the highest temperature in Seoul be 27°C on July 23?,highest-temperature-in-seoul-on-july-23-2026-27c,https://polymarket-upload.s3.us-east-2.amazonaws.com/highest-temperature-in-seoul-on-december-6-WzqtMeHg43n4.jpg,727797,highest-temperature-in-seoul-on-july-23-2026,No,1,Yes,25298353777202374899757945400715953374933244287006865512359517806700509808921,2026-07-23,True,True,False
0xb40e89677d59665d5188541ad860450a6e2a7cc9,31786604513159427270465033502116792124437159883469725167264745729310656588596,0x30350ca679314d9860aed3366488046b77381ef57d8307d2f3a7f19cfd6b8353,109.5905,0.1664,18.2417,0.0547,-18.187,-99.6996,109.5905,0.0,-99.7001,0.0005,False,True,Will the highest temperature in Atlanta be between 92-93°F on July 22?,highest-temperature-in-atlanta-on-july-22-2026-92-93f,https://polymarket-upload.s3.us-east-2.amazonaws.com/highest-temperature-in-atlanta-on-december-5--dClj_prA8Ny.jpg,727276,highest-temperature-in-atlanta-on-july-22-2026,Yes,0,No,38300257756589207285000876702526813455775276633331246087203379689181775487582,2026-07-22,True,True,True
0xb40e89677d59665d5188541ad860450a6e2a7cc9,53554976106683775384699005110806584249830894799181177745749118930632174994810,0xe23bf7997d8fe3d89515013d2cb86c6f9359640265996b08912ec94aaed5df43,108.73,0.4093,44.5036,108.6756,64.1719,144.1947,108.73,0.0,144.1949,0.9995,False,True,Will the highest temperature in Chicago be between 72-73°F on July 22?,highest-temperature-in-chicago-on-july-22-2026-72-73f,https://polymarket-upload.s3.us-east-2.amazonaws.com/highest-temperature-in-chicago-on-december-5-IoEGq9msnWg6.jpg,727278,highest-temperature-in-chicago-on-july-22-2026,No,1,Yes,7261413966046151572919556273581976413254798462342294473350477748708753478972,2026-07-22,True,True,True
0xb40e89677d59665d5188541ad860450a6e2a7cc9,112787163450961814874358441338597412687800449680369593755219637856715407234034,0x85007c5908fbee5e70a10984bbb593c8c537cfd5a0542a5e1b864aea61214ddf,105.91,0.7674,81.2812,92.6712,11.3899,14.0129,105.91,0.0,14.0129,0.875,False,True,Will the highest temperature in Milan be 30°C on July 23?,highest-temperature-in-milan-on-july-23-2026-30c,https://polymarket-upload.s3.us-east-2.amazonaws.com/milan-dba8e5d984.jpg,727806,highest-temperature-in-milan-on-july-23-2026,No,1,Yes,16321742774898436876687452379264387709974030121763753934465229308591866818660,2026-07-23,True,True,False
0xb40e89677d59665d5188541ad860450a6e2a7cc9,62160275979116543258530662794671313946985030338437520367257374891465391234772,0xf36fde3449213617650f9d4730e516f2a9307125f3447693dd9e98be600bcb21,105.5541,0.2779,29.3438,0.0527,-29.2911,-99.8202,105.5541,0.0,-99.8204,0.0005,False,True,Will the highest temperature in Sao Paulo be 29°C on July 22?,highest-temperature-in-sao-paulo-on-july-22-2026-29c,https://polymarket-upload.s3.us-east-2.amazonaws.com/sao paulo-7deca91e54.jpg,727263,highest-temperature-in-sao-paulo-on-july-22-2026,Yes,0,No,80137394848131913851853912403222943847442463051150268702463656352273003627402,2026-07-22,True,True,True
0xb40e89677d59665d5188541ad860450a6e2a7cc9,100372812701199229895676868264317542313628708992257873620435414616163280290773,0xd9d3fcd1053ad1937e4647aa1199f859dc887303209c6725f202d95e7962ef60,105.1503,0.119,12.5152,0.0525,-12.4627,-99.5805,105.1503,0.0,-99.5805,0.0005,False,True,Will the highest temperature in Sao Paulo be 25°C on July 22?,highest-temperature-in-sao-paulo-on-july-22-2026-25c,https://polymarket-upload.s3.us-east-2.amazonaws.com/sao paulo-7deca91e54.jpg,727263,highest-temperature-in-sao-paulo-on-july-22-2026,Yes,0,No,81558879711690548505446589816339535766509399845368436550144709231588748232504,2026-07-22,True,True,True
0xb40e89677d59665d5188541ad860450a6e2a7cc9,45435932622892334384622584917563054638340296258383975416359980209512281752236,0xf9dcb7fc84423f5062c65f454c1e0cabffe3773a80f486639da65c11ae3c1376,105.0402,0.5809,61.0238,104.7251,43.7012,71.6132,105.0402,0.0,71.6133,0.997,False,True,Will the highest temperature in Austin be between 104-105°F on July 22?,highest-temperature-in-austin-on-july-22-2026-104-105f,https://polymarket-upload.s3.us-east-2.amazonaws.com/austin-b18a80e4a0.jpg,727279,highest-temperature-in-austin-on-july-22-2026,No,1,Yes,70118974783014261064864972768761598236899201681484957623599645490295235549439,2026-07-22,True,True,True
0xb40e89677d59665d5188541ad860450a6e2a7cc9,39349941862347270093465016784540947522820664263175252199368051653844461596933,0x619923a8b9c8d5dcdf763fa8b062cce820b9eb49678539e09ba39c73f14e2b89,104.6554,0.6814,71.315,104.6031,33.288,46.6773,104.6554,0.0,46.6774,0.9995,False,True,Will the highest temperature in Dallas be between 104-105°F on July 22?,highest-temperature-in-dallas-on-july-22-2026-104-105f,https://polymarket-upload.s3.us-east-2.amazonaws.com/highest-temperature-in-dallas-on-december-5-m1XZuVxmKEs_.jpg,727275,highest-temperature-in-dallas-on-july-22-2026,No,1,Yes,36693556504777905689007209873287045188528765643630594807899159290727415147534,2026-07-22,True,True,True
0xb40e89677d59665d5188541ad860450a6e2a7cc9,5970363042330757213781883874467053701041989946222394349101027807033285863788,0x705654abc2002c053a62e514a5244975684cfaf208053a08db120e19b8db5bf1,104.5,0.658,68.7637,77.8525,9.0887,13.2172,104.5,0.0,13.2174,0.745,False,True,Will the highest temperature in Seattle be between 76-77°F on July 23?,highest-temperature-in-seattle-on-july-23-2026-76-77f,https://polymarket-upload.s3.us-east-2.amazonaws.com/highest-temperature-in-seattle-on-december-5-mjogoGN44OY4.jpg,731108,highest-temperature-in-seattle-on-july-23-2026,No,1,Yes,10948024692863118703480588990124806795268411796534001261389435451540641986688,2026-07-23,True,True,False
0xb40e89677d59665d5188541ad860450a6e2a7cc9,52524679111732634446235230799140009822071087100814678339397269785534427750796,0xe259901e8f2d46cb4149dd5d5f0a466ceb97a65274dd0d176c9129b82854fab1,104.41,0.2472,25.8175,44.3742,18.5566,71.8758,104.41,0.0,71.876,0.425,False,True,Will the highest temperature in Houston be between 90-91°F on July 23?,highest-temperature-in-houston-on-july-23-2026-90-91f,https://polymarket-upload.s3.us-east-2.amazonaws.com/houston-ef6084a9ac.jpg,731116,highest-temperature-in-houston-on-july-23-2026,Yes,0,No,44971448127715145374487584544960544509810034399079752949013317837915608824096,2026-07-23,True,True,False
0xb40e89677d59665d5188541ad860450a6e2a7cc9,13378100660939046561798451186172419201930625363451804167509893489670053585396,0x5fc96ddf05f7cd0bda3293b178feacd7b94da300d2d1d29579281840ab70afed,102.9437,0.2206,22.7156,0.0,-22.7156,-99.9996,250.3837,33.3748,-100.0,0.0,True,False,Will the highest temperature in Busan be 29°C on July 7?,highest-temperature-in-busan-on-july-7-2026-29c,https://polymarket-upload.s3.us-east-2.amazonaws.com/busan-ac26e40e59.jpg,668437,highest-temperature-in-busan-on-july-7-2026,No,1,Yes,24467223268633261170026274691487344281375820816990630099529870333446203091998,2026-07-07,True,True,True
0xb40e89677d59665d5188541ad860450a6e2a7cc9,14090844443117331784771380555294733452756495507311488519892744628042958321872,0x269c207616b4c5ea90b0faf477397e338aa81e53c29b173b5f401b288642b362,102.2168,0.4141,42.3379,0.6644,-41.6735,-98.4307,102.2168,0.0,-98.4307,0.0065,False,True,Will the highest temperature in Austin be between 102-103°F on July 22?,highest-temperature-in-austin-on-july-22-2026-102-103f,https://polymarket-upload.s3.us-east-2.amazonaws.com/austin-b18a80e4a0.jpg,727279,highest-temperature-in-austin-on-july-22-2026,No,1,Yes,27240897098365051054824807714976069314966920102940371540369765292572998266219,2026-07-22,True,True,True
0xb40e89677d59665d5188541ad860450a6e2a7cc9,82148175460406054878129552816857924488410664018841937591884669780279399811311,0x435255a7a25e14f9dbf880f9047afe9367c580687c4261770a4790d067f27dea,102.08,0.6316,64.4835,63.2896,-1.1939,-1.8514,102.08,0.0,-1.8515,0.62,False,True,Will the highest temperature in Los Angeles be between 82-83°F on July 23?,highest-temperature-in-los-angeles-on-july-23-2026-82-83f,https://polymarket-upload.s3.us-east-2.amazonaws.com/los-angeles-cdae9380c7.jpg,731117,highest-temperature-in-los-angeles-on-july-23-2026,No,1,Yes,78726620056163781503092402202938170028344302882717220775289702164244949472383,2026-07-23,True,True,False
0xb40e89677d59665d5188541ad860450a6e2a7cc9,28149051516774139945056565066509570692506156873968159785315883116793167020566,0xd55e0990430340f07f957f79984ace70b90bcdaa9f4b951185f5c319c88479f9,101.3379,0.3304,33.492,101.2366,67.7445,202.2701,101.3379,0.0,202.2701,0.999,False,True,Will the highest temperature in Dallas be between 108-109°F on July 22?,highest-temperature-in-dallas-on-july-22-2026-108-109f,https://polymarket-upload.s3.us-east-2.amazonaws.com/highest-temperature-in-dallas-on-december-5-m1XZuVxmKEs_.jpg,727275,highest-temperature-in-dallas-on-july-22-2026,Yes,0,No,38916595774572461463864589419427459180088189281784685685873856301838206053929,2026-07-22,True,True,True
0xb40e89677d59665d5188541ad860450a6e2a7cc9,13584869481955908148798568315361159488315762346662244745265995783596818704370,0xce1392215f8ca838a41ff77090507bb1ab0e2d911b1b563b3681a561bea5d52d,100.19,0.7899,79.1483,81.1539,2.0055,2.5338,100.19,0.0,2.5338,0.81,False,True,Will the highest temperature in Shanghai be 37°C on July 23?,highest-temperature-in-shanghai-on-july-23-2026-37c,https://polymarket-upload.s3.us-east-2.amazonaws.com/shanghai-98a00e357b.png,727804,highest-temperature-in-shanghai-on-july-23-2026,No,1,Yes,85896770504406785269896881657542229014120413135712476697478136258685306694998,2026-07-23,True,True,False
0xb40e89677d59665d5188541ad860450a6e2a7cc9,53845559225842865307990640692156996416411474365869855938435687856521416468950,0x084238263baa0da6df3a37e08fc18e986e59fd8a47fa4bde273ec0e9580c9537,99.9905,0.2321,23.2129,0.0,-23.2129,-99.9999,648.3587,133.9586,-100.0,0.0,True,False,Will the highest temperature in Singapore be 32°C on July 7?,highest-temperature-in-singapore-on-july-7-2026-32c,https://polymarket-upload.s3.us-east-2.amazonaws.com/singapore-4b057edc68.jpg,668425,highest-temperature-in-singapore-on-july-7-2026,No,1,Yes,25270166067234877815642845984410847348586414717363630445059447193729988489795,2026-07-07,True,True,True
0xb40e89677d59665d5188541ad860450a6e2a7cc9,48207697572244501460103409822132372729477003719505986750064528212475086579090,0x58c6370a1527cca8d4332960cecb4b41b4a532f4158f74c1ca3a3480409bf8a5,99.8547,0.4558,45.5154,0.0,-45.5154,-99.9997,99.8547,0.0,-100.0,0.0,True,True,Will the highest temperature in Jeddah be 44°C or higher on July 21?,highest-temperature-in-jeddah-on-july-21-2026-44corhigher,https://polymarket-upload.s3.us-east-2.amazonaws.com/jeddah-43fa85fbaf.jpg,720252,highest-temperature-in-jeddah-on-july-21-2026,No,1,Yes,77077618040092147919984915905972820867396086330093805353101495153023685585831,2026-07-21,True,True,True
0xb40e89677d59665d5188541ad860450a6e2a7cc9,45304963805054838017251085998377417332644445374375492941679268633266269999951,0x626dfad7b8c1c75711a3aaca91d14552fb3d13947a91003eba852c871db987f7,99.5114,0.0534,5.3235,0.0497,-5.2738,-99.0652,99.5114,0.0,-99.0664,0.0005,False,True,Will the highest temperature in Seattle be between 88-89°F on July 22?,highest-temperature-in-seattle-on-july-22-2026-88-89f,https://polymarket-upload.s3.us-east-2.amazonaws.com/highest-temperature-in-seattle-on-december-5-mjogoGN44OY4.jpg,727273,highest-temperature-in-seattle-on-july-22-2026,Yes,0,No,5173257812397616509355770791763353062823771541991468622475901249909746657658,2026-07-22,True,True,True
0xb40e89677d59665d5188541ad860450a6e2a7cc9,92844764662758388788056622127387256296580214207392692002520679103666081310570,0x04d88c6458b2716e01766ca977e37d4036a72d18e808d8211909e476a53f0fc4,99.24,0.8287,82.2407,80.3844,-1.8563,-2.2571,99.24,0.0,-2.2572,0.81,False,True,Will the highest temperature in Busan be 34°C on July 23?,highest-temperature-in-busan-on-july-23-2026-34c,https://polymarket-upload.s3.us-east-2.amazonaws.com/busan-ac26e40e59.jpg,727817,highest-temperature-in-busan-on-july-23-2026,No,1,Yes,14593507301661474354901806910860538005946339383794954129922158248510739445591,2026-07-23,True,True,False
0xb40e89677d59665d5188541ad860450a6e2a7cc9,38300257756589207285000876702526813455775276633331246087203379689181775487582,0x30350ca679314d9860aed3366488046b77381ef57d8307d2f3a7f19cfd6b8353,99.0928,0.7868,77.9706,99.0433,21.0726,27.0263,99.0928,0.0,27.0264,0.9995,False,True,Will the highest temperature in Atlanta be between 92-93°F on July 22?,highest-temperature-in-atlanta-on-july-22-2026-92-93f,https://polymarket-upload.s3.us-east-2.amazonaws.com/highest-temperature-in-atlanta-on-december-5--dClj_prA8Ny.jpg,727276,highest-temperature-in-atlanta-on-july-22-2026,No,1,Yes,31786604513159427270465033502116792124437159883469725167264745729310656588596,2026-07-22,True,True,True
0xb40e89677d59665d5188541ad860450a6e2a7cc9,32541848720158861553996033092857747755565718817602219169568028911078175663335,0xcdbb83c4f3cf7869d10f909c1c960a03ed5f1328b21b839631ea7428bc5f06c6,98.8919,0.1094,10.8256,0.0494,-10.7762,-99.5436,98.8919,0.0,-99.5436,0.0005,False,True,Will the highest temperature in Austin be between 100-101°F on July 22?,highest-temperature-in-austin-on-july-22-2026-100-101f,https://polymarket-upload.s3.us-east-2.amazonaws.com/austin-b18a80e4a0.jpg,727279,highest-temperature-in-austin-on-july-22-2026,Yes,0,No,54808242966604091068938302014782333225459079219777691253562638598504697148483,2026-07-22,True,True,True
0xb40e89677d59665d5188541ad860450a6e2a7cc9,17997022364912765748908058718743300902439914483436318500137671194898537278710,0x23fb0f76c844a3be65f9e95c56be58bb729aeb412c6183fd0c32c6c38dec1e28,98.1089,0.0943,9.257,0.0,-9.257,-99.9992,415.6121,128.7935,-100.0,0.0,True,False,Will the highest temperature in Miami be between 92-93°F on July 6?,highest-temperature-in-miami-on-july-6-2026-92-93f,https://polymarket-upload.s3.us-east-2.amazonaws.com/highest-temperature-in-miami-on-december-5-fjW5d7xet1Aq.jpg,667967,highest-temperature-in-miami-on-july-6-2026,Yes,0,No,60852464515115116792020552903454053661023611846728818306616708175972842106792,2026-07-06,True,True,True
0xb40e89677d59665d5188541ad860450a6e2a7cc9,8833975220434717532219763052458204805472520202759089624008894886343188422153,0xadf8378750b9344d63ee47e7740a1f48727cb285cf7e82c7dfa04d030f3f2ed9,96.9944,0.4609,44.713,0.0484,-44.6646,-99.8915,96.9944,0.0,-99.8917,0.0005,False,True,Will the highest temperature in Panama City be 30°C on July 22?,highest-temperature-in-panama-city-on-july-22-2026-30c,https://polymarket-upload.s3.us-east-2.amazonaws.com/panama-city-563f6ab7e6.jpg,727285,highest-temperature-in-panama-city-on-july-22-2026,No,1,Yes,95834552256857264566363800652370197597249574112570045045995229262758758129097,2026-07-22,True,True,True
0xb40e89677d59665d5188541ad860450a6e2a7cc9,112387493087188134072101009494269357875029809095992070726784268203836686700377,0x7d8d280766be6b71585349a010090f29a2ed539f09133ed5892719d95e549383,95.5012,0.8198,78.2934,74.9684,-3.325,-4.2468,95.5012,0.0,-4.2468,0.785,False,True,Will the highest temperature in Kuala Lumpur be 31°C on July 23?,highest-temperature-in-kuala-lumpur-on-july-23-2026-31c,https://polymarket-upload.s3.us-east-2.amazonaws.com/kuala-2535fee773.jpg,727820,highest-temperature-in-kuala-lumpur-on-july-23-2026,No,1,Yes,17352501094658680507137588933907953486888339211943899497006150539009467581417,2026-07-23,True,True,False
0xb40e89677d59665d5188541ad860450a6e2a7cc9,74778485381444756593386667679749813374560166397759530851840687522068054027584,0xe27df5b8dd60d320b91d524672cfaa0330414a99dfcc7c998e8f19a6f6bb0d10,95.19,0.8777,83.5486,81.8634,-1.6852,-2.017,95.19,0.0,-2.017,0.86,False,True,Will the highest temperature in Seattle be between 72-73°F on July 23?,highest-temperature-in-seattle-on-july-23-2026-72-73f,https://polymarket-upload.s3.us-east-2.amazonaws.com/highest-temperature-in-seattle-on-december-5-mjogoGN44OY4.jpg,731108,highest-temperature-in-seattle-on-july-23-2026,No,1,Yes,115394141949446500910518573530905405834992484033365346636229736029567365818729,2026-07-23,True,True,False
0xb40e89677d59665d5188541ad860450a6e2a7cc9,80270372288514892122229303181424592994977341771902366596528480848577129708762,0x2c0febfae1214f1a85b6f9a39f4c74523ed5217590eb246857d671d7861b35fe,94.4137,0.6192,58.4674,56.837,-1.6304,-2.7885,94.4137,0.0,-2.7885,0.602,False,True,Will the highest temperature in Hong Kong be 34°C on July 23?,highest-temperature-in-hong-kong-on-july-23-2026-34c,https://polymarket-upload.s3.us-east-2.amazonaws.com/hongkong-ae9cc75f37.jpg,727803,highest-temperature-in-hong-kong-on-july-23-2026,No,1,Yes,44671522289251846139884679948841786496199854980396981780341416502905962343336,2026-07-23,True,True,False
0xb40e89677d59665d5188541ad860450a6e2a7cc9,20119354517971049515804572299805408213745714039768537916619336541745102285798,0xe83550a476f49de8b16def48dc03f97e6e98c915c95e64facd8aa9eb227e4f61,94.25,0.1048,9.8859,5.1837,-4.7022,-47.5643,94.25,0.0,-47.5651,0.055,False,True,Will the highest temperature in Paris be 24°C on July 23?,highest-temperature-in-paris-on-july-23-2026-24c,https://polymarket-upload.s3.us-east-2.amazonaws.com/paris-f08f5c4a28.jpg,727796,highest-temperature-in-paris-on-july-23-2026,Yes,0,No,104279095971694898212993582757065754945386490359690835160947259336878134351785,2026-07-23,True,True,False
0xb40e89677d59665d5188541ad860450a6e2a7cc9,20417977373952724913925160593594870210421239904583868282344933538919426455796,0xdc9632b2ea7d3793563d92831af9b9b41be259a1eae116bdec509ed0b0e2ef93,94.1415,0.8255,77.7142,94.0944,16.3801,21.0773,94.1415,0.0,21.0774,0.9995,False,True,Will the highest temperature in Buenos Aires be 12°C on July 22?,highest-temperature-in-buenos-aires-on-july-22-2026-12c,https://polymarket-upload.s3.us-east-2.amazonaws.com/will-the-highest-temperature-in-buenos-aires-be-32-c-or-higher-on-december-6-etNh-JFGhdrt.jpg,727264,highest-temperature-in-buenos-aires-on-july-22-2026,No,1,Yes,47064478006152457467233631873177805726469580544327286226190813265472993524759,2026-07-22,True,True,True
0xb40e89677d59665d5188541ad860450a6e2a7cc9,48981486969029904210267730001875740676086078165877252433669886173686694473545,0x64b1883d299d6661999abb097ad68379cef8a5f10a8f4ef6bbc3ae91116dadaf,93.8172,0.1729,16.2247,0.0469,-16.1778,-99.7105,93.8172,0.0,-99.7109,0.0005,False,True,Will the highest temperature in Dallas be between 102-103°F on July 22?,highest-temperature-in-dallas-on-july-22-2026-102-103f,https://polymarket-upload.s3.us-east-2.amazonaws.com/highest-temperature-in-dallas-on-december-5-m1XZuVxmKEs_.jpg,727275,highest-temperature-in-dallas-on-july-22-2026,Yes,0,No,58016398863438746255224061027041845226891731629886166141216023897202614536423,2026-07-22,True,True,True
0xb40e89677d59665d5188541ad860450a6e2a7cc9,62077710684538188620316450897870869315716638030023328562826668721741459130186,0x738c1fdec1ff152e31d01fdafc388bc3aa07811b737915ed805c1932b43d0271,93.73,0.7387,69.2422,63.2677,-5.9745,-8.6283,93.73,0.0,-8.6285,0.675,False,True,Will the highest temperature in Sao Paulo be 23°C on July 23?,highest-temperature-in-sao-paulo-on-july-23-2026-23c,https://polymarket-upload.s3.us-east-2.amazonaws.com/sao paulo-7deca91e54.jpg,731098,highest-temperature-in-sao-paulo-on-july-23-2026,No,1,Yes,55334203252855037743053084259188112787985053651648612430330487381186489443777,2026-07-23,True,True,False
0xb40e89677d59665d5188541ad860450a6e2a7cc9,54808242966604091068938302014782333225459079219777691253562638598504697148483,0xcdbb83c4f3cf7869d10f909c1c960a03ed5f1328b21b839631ea7428bc5f06c6,93.27,0.8698,81.1299,93.2233,12.0933,14.906,93.27,0.0,14.9061,0.9995,False,True,Will the highest temperature in Austin be between 100-101°F on July 22?,highest-temperature-in-austin-on-july-22-2026-100-101f,https://polymarket-upload.s3.us-east-2.amazonaws.com/austin-b18a80e4a0.jpg,727279,highest-temperature-in-austin-on-july-22-2026,No,1,Yes,32541848720158861553996033092857747755565718817602219169568028911078175663335,2026-07-22,True,True,True
0xb40e89677d59665d5188541ad860450a6e2a7cc9,94763101133019862566794732126626988336010252749651215756057543575498291118206,0x25a4b41e46b09dbe05a27b2ff7abac00f75c75a5d8a87f732f2aceac5a46291c,92.9414,0.8026,74.601,70.6354,-3.9656,-5.3157,92.9414,0.0,-5.3157,0.76,False,True,Will the highest temperature in Chengdu be 38°C on July 23?,highest-temperature-in-chengdu-on-july-23-2026-38c,https://polymarket-upload.s3.us-east-2.amazonaws.com/chengdu-eab4d03cdb.jpg,727813,highest-temperature-in-chengdu-on-july-23-2026,No,1,Yes,110377924506579203289527223005369292608729374114818262369386043696405414371275,2026-07-23,True,True,False
0xb40e89677d59665d5188541ad860450a6e2a7cc9,47017047319640717756514508745170240938629216050964776360699945458990411747757,0xfecb7009c6ca45b31669ab8ca3c482117d63b2b00eeaecbd8ca4753c3dd0a017,92.2507,0.1169,10.7917,0.0,-10.7917,-99.9993,453.4957,138.3629,-100.0,0.0,True,False,Will the highest temperature in Tokyo be 28°C on July 7?,highest-temperature-in-tokyo-on-july-7-2026-28c,https://polymarket-upload.s3.us-east-2.amazonaws.com/tokyo-d6ed4bcfd5.jpg,668422,highest-temperature-in-tokyo-on-july-7-2026,Yes,0,No,26004079965142603421012217034792262246997176631378433464022629897811433881878,2026-07-07,True,True,True
0xb40e89677d59665d5188541ad860450a6e2a7cc9,14593507301661474354901806910860538005946339383794954129922158248510739445591,0x04d88c6458b2716e01766ca977e37d4036a72d18e808d8211909e476a53f0fc4,90.9071,0.1709,15.5422,17.2723,1.73,11.1309,90.9071,0.0,11.1309,0.19,False,True,Will the highest temperature in Busan be 34°C on July 23?,highest-temperature-in-busan-on-july-23-2026-34c,https://polymarket-upload.s3.us-east-2.amazonaws.com/busan-ac26e40e59.jpg,727817,highest-temperature-in-busan-on-july-23-2026,Yes,0,No,92844764662758388788056622127387256296580214207392692002520679103666081310570,2026-07-23,True,True,False
0xb40e89677d59665d5188541ad860450a6e2a7cc9,97994855484872874249164262305627691808680487598076375027686621649683955751126,0xbbe80633c3368b8db673b680774d74db42c9ec8f771437effa2f6877b7158b11,90.6122,0.1264,11.4589,21.7469,10.2879,89.7807,90.6122,0.0,89.7815,0.24,False,True,Will the highest temperature in Wellington be 13°C on July 23?,highest-temperature-in-wellington-on-july-23-2026-13c,https://polymarket-upload.s3.us-east-2.amazonaws.com/highest-temperature-in-wellington-on-january-18-9V6hoMZlkY2N.jpg,727799,highest-temperature-in-wellington-on-july-23-2026,Yes,0,No,65185047059303818420930018719011655219809396232822596757508759984232236288175,2026-07-23,True,True,False
0xb40e89677d59665d5188541ad860450a6e2a7cc9,20354049265734362508171663578136167214790405374304834403150400778049261521832,0x8566b01b99e24959c392d94fbbcd79acd782ead381f9ac2223ebd73b2263840e,90.3362,0.1542,13.9355,0.0,-13.9355,-99.9997,931.5513,232.8228,-100.0,0.0,True,False,Will the highest temperature in Hong Kong be 30°C on July 7?,highest-temperature-in-hong-kong-on-july-7-2026-30c,https://polymarket-upload.s3.us-east-2.amazonaws.com/hongkong-ae9cc75f37.jpg,668423,highest-temperature-in-hong-kong-on-july-7-2026,Yes,0,No,3428718159659204881640337933595055599149215718269774153147034936900997246917,2026-07-07,True,True,True
0xb40e89677d59665d5188541ad860450a6e2a7cc9,71214231885167977617198690013798290444147677150600653825983670522556896933569,0x1fe77737db101498bcb84bf9bb0bd69ceef8ccfd6510c000cb02ea4dc333899c,90.2183,0.4211,37.9938,0.0451,-37.9487,-99.8811,90.2183,0.0,-99.8812,0.0005,False,True,Will the highest temperature in Buenos Aires be 14°C on July 22?,highest-temperature-in-buenos-aires-on-july-22-2026-14c,https://polymarket-upload.s3.us-east-2.amazonaws.com/will-the-highest-temperature-in-buenos-aires-be-32-c-or-higher-on-december-6-etNh-JFGhdrt.jpg,727264,highest-temperature-in-buenos-aires-on-july-22-2026,Yes,0,No,51000976280780652009630673839182766131963768588782339753624349352696440477519,2026-07-22,True,True,True
0xb40e89677d59665d5188541ad860450a6e2a7cc9,90674328240412174097194089659039944010231367517658423129489865384766970692866,0x0a6f5652484da6e22602452c6b7319170897eed7a8c73b4d2a28b6922f95be26,89.9781,0.4597,41.3716,32.842,-8.5296,-20.6169,89.9781,0.0,-20.6172,0.365,False,True,Will the highest temperature in Los Angeles be between 80-81°F on July 23?,highest-temperature-in-los-angeles-on-july-23-2026-80-81f,https://polymarket-upload.s3.us-east-2.amazonaws.com/los-angeles-cdae9380c7.jpg,731117,highest-temperature-in-los-angeles-on-july-23-2026,Yes,0,No,107716940160940160789806897137867256815704625399307268076361551186128187677172,2026-07-23,True,True,False
0xb40e89677d59665d5188541ad860450a6e2a7cc9,75859192461519345383952502672752171395214326395510796428882767007207847512256,0xba9afe5bfe7fd1982cc422b9daf2c8cfef2f94f0da8230a0a24e1a49dc0f3f65,89.0638,0.8759,78.0164,86.9263,8.9098,11.4204,89.0638,0.0,11.4204,0.976,False,True,Will the highest temperature in Seattle be between 96-97°F on July 22?,highest-temperature-in-seattle-on-july-22-2026-96-97f,https://polymarket-upload.s3.us-east-2.amazonaws.com/highest-temperature-in-seattle-on-december-5-mjogoGN44OY4.jpg,727273,highest-temperature-in-seattle-on-july-22-2026,No,1,Yes,16601095150270165173306329846242443816984428086291346567186947291455514927996,2026-07-22,True,True,False
0xb40e89677d59665d5188541ad860450a6e2a7cc9,58016398863438746255224061027041845226891731629886166141216023897202614536423,0x64b1883d299d6661999abb097ad68379cef8a5f10a8f4ef6bbc3ae91116dadaf,88.14,0.8189,72.1785,88.0959,15.9173,22.0526,88.14,0.0,22.0527,0.9995,False,True,Will the highest temperature in Dallas be between 102-103°F on July 22?,highest-temperature-in-dallas-on-july-22-2026-102-103f,https://polymarket-upload.s3.us-east-2.amazonaws.com/highest-temperature-in-dallas-on-december-5-m1XZuVxmKEs_.jpg,727275,highest-temperature-in-dallas-on-july-22-2026,No,1,Yes,48981486969029904210267730001875740676086078165877252433669886173686694473545,2026-07-22,True,True,True
0xb40e89677d59665d5188541ad860450a6e2a7cc9,24956017824504953649818052469963274630994901799797580051216216487346036742190,0x898c96c1bb4244bd88f7488cc03fb4ba7a5030a488e80b6379547b470460b125,87.5503,0.2459,21.5287,0.0,-21.5287,-99.9999,242.2211,39.3016,-100.0,0.0,True,False,Will the highest temperature in Taipei be 34°C on July 7?,highest-temperature-in-taipei-on-july-7-2026-34c,https://polymarket-upload.s3.us-east-2.amazonaws.com/taipei-06ae1cc294.jpg,668429,highest-temperature-in-taipei-on-july-7-2026,Yes,0,No,101449279011252848322896027111779216746163888066378163431117711336321169463061,2026-07-07,True,True,True
0xb40e89677d59665d5188541ad860450a6e2a7cc9,25298353777202374899757945400715953374933244287006865512359517806700509808921,0xa97733ab6c6f15a531112450dfeab663ee94335981f4c9941cc675d8157bd95c,86.3349,0.4549,39.2807,42.7358,3.455,8.7956,86.3349,0.0,8.7956,0.495,False,True,Will the highest temperature in Seoul be 27°C on July 23?,highest-temperature-in-seoul-on-july-23-2026-27c,https://polymarket-upload.s3.us-east-2.amazonaws.com/highest-temperature-in-seoul-on-december-6-WzqtMeHg43n4.jpg,727797,highest-temperature-in-seoul-on-july-23-2026,Yes,0,No,22102028629608173823762150004017450573924579974394729336571621209853303052810,2026-07-23,True,True,False
0xb40e89677d59665d5188541ad860450a6e2a7cc9,47920761005770657940717260598300852868308806037204982591325925438807244745966,0xd28ce1d16a70af76393d6d3218994ce2b1dcd920595a64dc18a675037bede173,86.3167,0.457,39.4535,37.5478,-1.9057,-4.8302,86.3167,0.0,-4.8304,0.435,False,True,Will the highest temperature in Hong Kong be 33°C on July 23?,highest-temperature-in-hong-kong-on-july-23-2026-33c,https://polymarket-upload.s3.us-east-2.amazonaws.com/hongkong-ae9cc75f37.jpg,727803,highest-temperature-in-hong-kong-on-july-23-2026,Yes,0,No,32136524188747151496621276275424124697387762749904139457798356064837892320288,2026-07-23,True,True,False
0xb40e89677d59665d5188541ad860450a6e2a7cc9,6726033116933477545276680921124985415368369428599956711178609234738337336198,0xe799cadfd8fcfb11f2922e6226c0c244d37601b7a29d4b2e2527aca542420b38,85.6471,0.2152,18.4338,0.0,-18.4338,-99.9997,469.1337,109.2054,-100.0,0.0,True,False,Will the highest temperature in Seoul be 27°C on July 7?,highest-temperature-in-seoul-on-july-7-2026-27c,https://polymarket-upload.s3.us-east-2.amazonaws.com/highest-temperature-in-seoul-on-december-6-WzqtMeHg43n4.jpg,668417,highest-temperature-in-seoul-on-july-7-2026,Yes,0,No,36287931381995563650321553985822869209903873181376375164766230158089029818830,2026-07-07,True,True,True
0xb40e89677d59665d5188541ad860450a6e2a7cc9,46861689285856535561280347850352161221414631756424687363346687099326009374055,0xf50d7d1bb0a0a8907e7fd5203773f26728388bc4e0f3120862680d640de30996,85.1635,0.2166,18.4531,0.3406,-18.1125,-98.1539,85.1635,0.0,-98.1542,0.004,False,True,Will the highest temperature in Mexico City be 28°C on July 22?,highest-temperature-in-mexico-city-on-july-22-2026-28c,https://polymarket-upload.s3.us-east-2.amazonaws.com/mexico-city-e64e24d13b.jpg,727284,highest-temperature-in-mexico-city-on-july-22-2026,Yes,0,No,65991671028450278472358569564733781686375026975507352047055966323551272589563,2026-07-22,True,True,True
0xb40e89677d59665d5188541ad860450a6e2a7cc9,105623185534883427110773900782838116102713277585453038993211012798127947948133,0x58ab485e0005bebd1e8d464628d476d81cd3c731a3a1f132b288c6c8276eaac5,84.6665,0.3677,31.1357,0.0,-31.1357,-99.9997,278.2165,1.2757,-100.0,0.0,True,False,Will the highest temperature in Jeddah be 38°C on July 7?,highest-temperature-in-jeddah-on-july-7-2026-38c,https://polymarket-upload.s3.us-east-2.amazonaws.com/jeddah-43fa85fbaf.jpg,668441,highest-temperature-in-jeddah-on-july-7-2026,No,1,Yes,8404910844551866091216211150978439357038213547708280386356043305202192739857,2026-07-07,True,True,True
0xb40e89677d59665d5188541ad860450a6e2a7cc9,51000976280780652009630673839182766131963768588782339753624349352696440477519,0x1fe77737db101498bcb84bf9bb0bd69ceef8ccfd6510c000cb02ea4dc333899c,84.5818,0.4409,37.2923,84.5395,47.2471,126.6936,84.5818,0.0,126.6937,0.9995,False,True,Will the highest temperature in Buenos Aires be 14°C on July 22?,highest-temperature-in-buenos-aires-on-july-22-2026-14c,https://polymarket-upload.s3.us-east-2.amazonaws.com/will-the-highest-temperature-in-buenos-aires-be-32-c-or-higher-on-december-6-etNh-JFGhdrt.jpg,727264,highest-temperature-in-buenos-aires-on-july-22-2026,No,1,Yes,71214231885167977617198690013798290444147677150600653825983670522556896933569,2026-07-22,True,True,True
0xb40e89677d59665d5188541ad860450a6e2a7cc9,61396794110300264709928064138534512234236055481739473127470869529327348151801,0xfd1a0f5469fa051e9f5f605e8964c490e48b5b4c60a6680274549085019bb9a5,84.2668,0.3378,28.466,0.0421,-28.4239,-99.8517,84.2668,0.0,-99.8521,0.0005,False,True,Will the highest temperature in Denver be 94°F or higher on July 22?,highest-temperature-in-denver-on-july-22-2026-94forhigher,https://polymarket-upload.s3.us-east-2.amazonaws.com/denver-c2951e9cad.jpg,727280,highest-temperature-in-denver-on-july-22-2026,No,1,Yes,69098168475651430830906371015149352218089786240057643216865694802829340122747,2026-07-22,True,True,True
0xb40e89677d59665d5188541ad860450a6e2a7cc9,14317160440172502615390729711780366775832690941760420303111699796706491188739,0xa9a5715f6b52f6924d821ef1443e2b56a8ed10e834de46333ee4782ece00f1d4,83.6285,0.6822,57.0533,81.4124,24.359,42.6951,83.6285,0.0,42.6952,0.9735,False,True,Will the highest temperature in San Francisco be between 72-73°F on July 22?,highest-temperature-in-san-francisco-on-july-22-2026-72-73f,https://polymarket-upload.s3.us-east-2.amazonaws.com/san-francisco-e705a842df.jpg,727283,highest-temperature-in-san-francisco-on-july-22-2026,Yes,0,No,109818458080335015987169368661729988171244301265046004976967329130224110114075,2026-07-22,True,True,False
0xb40e89677d59665d5188541ad860450a6e2a7cc9,87209544732902862008525459173055139480521541354029170178741746269396430491287,0x1a8956e9a426f1df4a37197f8df1c0354c84eaf6914a126796f514ffe88507ac,83.24,0.2928,24.3772,0.0416,-24.3356,-99.8291,83.24,0.0,-99.8293,0.0005,False,True,Will the highest temperature in Sao Paulo be 28°C on July 22?,highest-temperature-in-sao-paulo-on-july-22-2026-28c,https://polymarket-upload.s3.us-east-2.amazonaws.com/sao paulo-7deca91e54.jpg,727263,highest-temperature-in-sao-paulo-on-july-22-2026,Yes,0,No,99301223754022684295495477250429180163567090744449093928488600308625629490304,2026-07-22,True,True,True
0xb40e89677d59665d5188541ad860450a6e2a7cc9,101544545821724979855916077937859681813711867394808487317574008380214021735176,0x8604224f1b08bfa1592cd75b975a0f708e829b800c449cafdf165777c6df31f9,83.1774,0.3355,27.9078,0.0,-27.9078,-99.9997,1823.1499,50.3233,-100.0,0.0,True,False,Will the highest temperature in Shanghai be 34°C on July 7?,highest-temperature-in-shanghai-on-july-7-2026-34c,https://polymarket-upload.s3.us-east-2.amazonaws.com/shanghai-98a00e357b.png,668424,highest-temperature-in-shanghai-on-july-7-2026,No,1,Yes,115649009771985371576257214546190037792802334439982135568816669724866507593447,2026-07-07,True,True,True
0xb40e89677d59665d5188541ad860450a6e2a7cc9,24840362008804470334569015995264189917086898581810377443464467059873068301762,0xf47b3f280a4cd6f6d47eeeb03afd15981c4910a3f31853535466fd5a435d1d0a,82.54,0.7835,64.6713,78.413,13.7416,21.2483,82.54,0.0,21.2484,0.95,False,True,Will the highest temperature in Sao Paulo be 21°C on July 23?,highest-temperature-in-sao-paulo-on-july-23-2026-21c,https://polymarket-upload.s3.us-east-2.amazonaws.com/sao paulo-7deca91e54.jpg,731098,highest-temperature-in-sao-paulo-on-july-23-2026,No,1,Yes,57061244278973463537458675212874570950998295895867023142027884860924208358420,2026-07-23,True,True,False
0xb40e89677d59665d5188541ad860450a6e2a7cc9,108721002425193802946243461226272361027318881965993985453981005355882334419855,0xcd23abc6983de83623b86f6a58b3b7fb68cdd2ffd753b3113f86255587bd2678,82.31,0.052,4.2826,0.0,-4.2826,-99.9983,82.31,0.0,-100.0,0.0,True,False,Will the highest temperature in Seoul be 31°C or higher on July 22?,highest-temperature-in-seoul-on-july-22-2026-31corhigher,https://polymarket-upload.s3.us-east-2.amazonaws.com/highest-temperature-in-seoul-on-december-6-WzqtMeHg43n4.jpg,724020,highest-temperature-in-seoul-on-july-22-2026,Yes,0,No,5674427240738346949023297763944532475188998491711227491083160344584910591609,2026-07-22,True,True,True
0xb40e89677d59665d5188541ad860450a6e2a7cc9,30841726985094283358071455460835480740670286069811180366677108534081541715441,0x820131dbb8b8d86ffe13ae184390c204963455fdc777b0445099e6d8b66b2299,81.0,0.8959,72.5699,76.9905,4.4205,6.0913,81.0,0.0,6.0914,0.9505,False,True,Will the highest temperature in Amsterdam be 18°C on July 23?,highest-temperature-in-amsterdam-on-july-23-2026-18c,https://polymarket-upload.s3.us-east-2.amazonaws.com/amsterdam-02ab78335a.jpg,727818,highest-temperature-in-amsterdam-on-july-23-2026,No,1,Yes,65397532923634721793169760153728884497684556559642026822268434234451941522712,2026-07-23,True,True,False
0xb40e89677d59665d5188541ad860450a6e2a7cc9,15566176579759215733462538938354830105196755849143157550050345869553664402249,0xa966e3e7b2e6cf22af5b5ef61138fa2e250c2a8667344a4cc8569fa1d8a660b1,80.0466,0.065,5.2037,0.0,-5.2037,-99.9989,191.9742,48.6874,-100.0,0.0,True,False,Will the highest temperature in Hong Kong be 32°C on July 7?,highest-temperature-in-hong-kong-on-july-7-2026-32c,https://polymarket-upload.s3.us-east-2.amazonaws.com/hongkong-ae9cc75f37.jpg,668423,highest-temperature-in-hong-kong-on-july-7-2026,Yes,0,No,115135214172412254983441466869459853528453755695579517768911453536626113180512,2026-07-07,True,True,True
0xb40e89677d59665d5188541ad860450a6e2a7cc9,17791351830659640445581589610256874835011842872178565673101303892948339664983,0xefec5269c6a67752b18399cda0c87c98d1fd5021a51f0e8ffd2a4ddb53f74745,79.6767,0.2481,19.7719,0.0,-19.7719,-99.9997,174.0816,23.7756,-100.0,0.0,True,False,Will the highest temperature in New York City be between 72-73°F on July 6?,highest-temperature-in-nyc-on-july-6-2026-72-73f,https://polymarket-upload.s3.us-east-2.amazonaws.com/test-nyc-weather-pciture-cgUEW73XBkei.jpg,667964,highest-temperature-in-nyc-on-july-6-2026,Yes,0,No,78956430922063973105204917570276382727891410730497505440378875925932685395955,2026-07-06,True,True,True
0xb40e89677d59665d5188541ad860450a6e2a7cc9,85896770504406785269896881657542229014120413135712476697478136258685306694998,0xce1392215f8ca838a41ff77090507bb1ab0e2d911b1b563b3681a561bea5d52d,78.5083,0.1927,15.1346,14.9165,-0.2181,-1.441,78.5083,0.0,-1.4416,0.19,False,True,Will the highest temperature in Shanghai be 37°C on July 23?,highest-temperature-in-shanghai-on-july-23-2026-37c,https://polymarket-upload.s3.us-east-2.amazonaws.com/shanghai-98a00e357b.png,727804,highest-temperature-in-shanghai-on-july-23-2026,Yes,0,No,13584869481955908148798568315361159488315762346662244745265995783596818704370,2026-07-23,True,True,False
0xb40e89677d59665d5188541ad860450a6e2a7cc9,21105701447953732612337735243071113495475383866112297665872627699805582980341,0xfcb2b2a15448682341ec5685813bd31787346c0709045b652f94b8ef41f47f23,77.4833,0.11,8.5231,6.586,-1.9371,-22.7274,77.4833,0.0,-22.7282,0.085,False,True,Will the highest temperature in Beijing be 27°C on July 23?,highest-temperature-in-beijing-on-july-23-2026-27c,https://polymarket-upload.s3.us-east-2.amazonaws.com/beijing-5f83769b5a.jpg,727811,highest-temperature-in-beijing-on-july-23-2026,Yes,0,No,90457618668178295561017308533162252078031979844986541997408049709736686209087,2026-07-23,True,True,False
0xb40e89677d59665d5188541ad860450a6e2a7cc9,114716474082400332504449402232508332315015717823633775272279401695509106732044,0xcdeee5f7cd1aaa3fa5194a82094068af0606bb70c77657a6cfeb2887df789523,77.4716,0.0766,5.9375,0.0387,-5.8988,-99.3481,77.4716,0.0,-99.3482,0.0005,False,True,Will the highest temperature in Sao Paulo be 26°C on July 22?,highest-temperature-in-sao-paulo-on-july-22-2026-26c,https://polymarket-upload.s3.us-east-2.amazonaws.com/sao paulo-7deca91e54.jpg,727263,highest-temperature-in-sao-paulo-on-july-22-2026,Yes,0,No,92546402098333291854291815251430166798351727291758556902159817969794876001744,2026-07-22,True,True,True
0xb40e89677d59665d5188541ad860450a6e2a7cc9,78726620056163781503092402202938170028344302882717220775289702164244949472383,0x435255a7a25e14f9dbf880f9047afe9367c580687c4261770a4790d067f27dea,77.0829,0.3305,25.4784,29.2915,3.813,14.9655,77.0829,0.0,14.9658,0.38,False,True,Will the highest temperature in Los Angeles be between 82-83°F on July 23?,highest-temperature-in-los-angeles-on-july-23-2026-82-83f,https://polymarket-upload.s3.us-east-2.amazonaws.com/los-angeles-cdae9380c7.jpg,731117,highest-temperature-in-los-angeles-on-july-23-2026,Yes,0,No,82148175460406054878129552816857924488410664018841937591884669780279399811311,2026-07-23,True,True,False
0xb40e89677d59665d5188541ad860450a6e2a7cc9,57120373955287783627203665876163886295447386881553519291046741540860911682562,0xd41dc60a35add1949475d577bba62473e9781b5b0b9aaca3b3b16835c548a0ce,76.8304,0.1969,15.1317,0.0384,-15.0933,-99.7458,76.8304,0.0,-99.7462,0.0005,False,True,Will the highest temperature in Panama City be 32°C on July 22?,highest-temperature-in-panama-city-on-july-22-2026-32c,https://polymarket-upload.s3.us-east-2.amazonaws.com/panama-city-563f6ab7e6.jpg,727285,highest-temperature-in-panama-city-on-july-22-2026,Yes,0,No,72903926344131312048311542422969012895667991095713350960487022166942055069042,2026-07-22,True,True,True
0xb40e89677d59665d5188541ad860450a6e2a7cc9,107362703979210322779763448366994807649303586018726829159234634458013924138044,0x0cdc105bf866f6a353d1945b37f74fa82a053cdf1a8d0993a1f7afdcbad225d1,76.4952,0.873,66.7856,68.8457,2.06,3.0844,76.4952,0.0,3.0846,0.9,False,True,Will the highest temperature in Austin be between 102-103°F on July 23?,highest-temperature-in-austin-on-july-23-2026-102-103f,https://polymarket-upload.s3.us-east-2.amazonaws.com/austin-b18a80e4a0.jpg,731114,highest-temperature-in-austin-on-july-23-2026,No,1,Yes,59275395823997152981192268408195119937802490751477790856604089859499618592140,2026-07-23,True,True,False
0xb40e89677d59665d5188541ad860450a6e2a7cc9,38929379184730367093799315520977146504189959721262149787955464351400789368575,0x206c637235fb8142c553ac8e9f4653f12cd356799b11d2467b3e737577cabef2,73.66,0.8788,64.7391,62.2426,-2.4965,-3.8562,73.66,0.0,-3.8562,0.845,False,True,Will the highest temperature in Panama City be 27°C on July 23?,highest-temperature-in-panama-city-on-july-23-2026-27c,https://polymarket-upload.s3.us-east-2.amazonaws.com/panama-city-563f6ab7e6.jpg,731120,highest-temperature-in-panama-city-on-july-23-2026,No,1,Yes,100083156735333395444551148845428324635310484570500275053474060784001345631810,2026-07-23,True,True,False
0xb40e89677d59665d5188541ad860450a6e2a7cc9,41202814473072907545822651812157022730449263962085886437277426238794213571199,0x4a816ea3f70adb61298df379f75c53eed3eb7b548864e2c028644da098120cc7,73.53,0.041,3.0147,0.0,-3.0147,-99.999,73.53,0.0,-100.0,0.0,True,False,Will the highest temperature in New York City be between 82-83°F on June 22?,highest-temperature-in-nyc-on-june-22-2026-82-83f,https://polymarket-upload.s3.us-east-2.amazonaws.com/test-nyc-weather-pciture-cgUEW73XBkei.jpg,617100,highest-temperature-in-nyc-on-june-22-2026,Yes,0,No,9242781750488933522398096035187578069385105283999461005571276759976011627553,2026-06-22,True,True,True
0xb40e89677d59665d5188541ad860450a6e2a7cc9,107716940160940160789806897137867256815704625399307268076361551186128187677172,0x0a6f5652484da6e22602452c6b7319170897eed7a8c73b4d2a28b6922f95be26,73.44,0.6006,44.1081,46.6344,2.5262,5.7272,73.44,0.0,5.7274,0.635,False,True,Will the highest temperature in Los Angeles be between 80-81°F on July 23?,highest-temperature-in-los-angeles-on-july-23-2026-80-81f,https://polymarket-upload.s3.us-east-2.amazonaws.com/los-angeles-cdae9380c7.jpg,731117,highest-temperature-in-los-angeles-on-july-23-2026,No,1,Yes,90674328240412174097194089659039944010231367517658423129489865384766970692866,2026-07-23,True,True,False
0xb40e89677d59665d5188541ad860450a6e2a7cc9,80267372991281730036900878722309773427295871426486084653678766482406272698874,0x334857225f251a8f1f172a881cc90dbad09f9afb61c99a4394340d3a6de8b79d,72.9828,0.0996,7.27,11.6772,4.4071,60.62,72.9828,0.0,60.6208,0.16,False,True,Will the highest temperature in Guangzhou be 34°C on July 23?,highest-temperature-in-guangzhou-on-july-23-2026-34c,https://polymarket-upload.s3.us-east-2.amazonaws.com/guangzhou-432bb47dad.jpg,727822,highest-temperature-in-guangzhou-on-july-23-2026,Yes,0,No,52053257754991181908117284573664813813498886753041370738326763518116881699270,2026-07-23,True,True,False
0xb40e89677d59665d5188541ad860450a6e2a7cc9,37223751433396924275962500058915652683357251931180242873264246004655116642150,0x612adad7081bddee174f7d6bef6ad91a69a22ad4634e26240f87114aa713683a,72.81,0.3438,25.0374,24.3913,-0.6461,-2.5805,72.81,0.0,-2.5807,0.335,False,True,Will the highest temperature in Taipei be 34°C on July 23?,highest-temperature-in-taipei-on-july-23-2026-34c,https://polymarket-upload.s3.us-east-2.amazonaws.com/taipei-06ae1cc294.jpg,727809,highest-temperature-in-taipei-on-july-23-2026,Yes,0,No,10983024969029843195740821835678054409724984302359422575850478508031112798576,2026-07-23,True,True,False
0xb40e89677d59665d5188541ad860450a6e2a7cc9,32297110671682161792881496884470034324075698901537121789773772849261416516722,0x23d75b3b10e5b32c5f96d85e4bf4dc37d6261ff11f43d40e019dca10a9839469,72.6333,0.6003,43.6081,47.9379,4.3297,9.9286,72.6333,0.0,9.9286,0.66,False,True,Will the highest temperature in Shanghai be 36°C on July 23?,highest-temperature-in-shanghai-on-july-23-2026-36c,https://polymarket-upload.s3.us-east-2.amazonaws.com/shanghai-98a00e357b.png,727804,highest-temperature-in-shanghai-on-july-23-2026,No,1,Yes,54250545765577747367527505859081353170602854299170941815174750194494539743095,2026-07-23,True,True,False
0xb40e89677d59665d5188541ad860450a6e2a7cc9,69098168475651430830906371015149352218089786240057643216865694802829340122747,0xfd1a0f5469fa051e9f5f605e8964c490e48b5b4c60a6680274549085019bb9a5,72.5035,0.7424,53.827,72.4673,18.6402,34.6298,72.5035,0.0,34.6299,0.9995,False,True,Will the highest temperature in Denver be 94°F or higher on July 22?,highest-temperature-in-denver-on-july-22-2026-94forhigher,https://polymarket-upload.s3.us-east-2.amazonaws.com/denver-c2951e9cad.jpg,727280,highest-temperature-in-denver-on-july-22-2026,Yes,0,No,61396794110300264709928064138534512234236055481739473127470869529327348151801,2026-07-22,True,True,True
0xb40e89677d59665d5188541ad860450a6e2a7cc9,31313665162864273700412125594275347514682633461110054618374483319387844317666,0x74832e117f992ce65bafbd6d5fbf1c37d0b8a9ae6c70efd7c112a3fa7ee6f9f5,72.4397,0.0761,5.5145,0.0,-5.5145,-99.9991,242.3438,72.0179,-100.0,0.0,True,False,Will the highest temperature in Beijing be 30°C on July 7?,highest-temperature-in-beijing-on-july-7-2026-30c,https://polymarket-upload.s3.us-east-2.amazonaws.com/beijing-5f83769b5a.jpg,668431,highest-temperature-in-beijing-on-july-7-2026,Yes,0,No,46427123245076700788140839266323732461975416441608104352883190981289253678191,2026-07-07,True,True,True
0xb40e89677d59665d5188541ad860450a6e2a7cc9,64405787977789499712017248996539806521407129732704540771598684062673823826345,0x3589336e312863114277d5b4bf163950cda81fdb2ffcd3cf528e4fec98e083ba,71.4959,0.0722,5.168,0.0357,-5.1323,-99.3075,71.4959,0.0,-99.3092,0.0005,False,True,Will the highest temperature in New York City be between 82-83°F on July 22?,highest-temperature-in-nyc-on-july-22-2026-82-83f,https://polymarket-upload.s3.us-east-2.amazonaws.com/test-nyc-weather-pciture-cgUEW73XBkei.jpg,727274,highest-temperature-in-nyc-on-july-22-2026,Yes,0,No,35144239610863809850864959091575427542522082673900901020105516060507580259427,2026-07-22,True,True,True
0xb40e89677d59665d5188541ad860450a6e2a7cc9,6371157616810701076657037079148227199731729808024588923112000652846152351551,0x7f71f2a55b5815b442554f38825c625ffab02187391a854d645aa64589713af5,71.4306,0.8873,63.3828,71.4306,8.0477,12.6969,71.4306,0.0,12.6971,1.0,True,True,Will the highest temperature in Seattle be between 94-95°F on July 21?,highest-temperature-in-seattle-on-july-21-2026-94-95f,https://polymarket-upload.s3.us-east-2.amazonaws.com/highest-temperature-in-seattle-on-december-5-mjogoGN44OY4.jpg,723592,highest-temperature-in-seattle-on-july-21-2026,No,1,Yes,45602640028419585391118637644587506377073059825913951523871487497098887155427,2026-07-21,True,True,True
0xb40e89677d59665d5188541ad860450a6e2a7cc9,111237573605715397937049054212349586455543950631796007287609580711470928820085,0xb871305f0308920df228c1ecf1b11f53e36e52b468ccddc8b7a98d7f4c228c19,71.1588,0.3125,22.2376,0.0,-22.2376,-99.9995,194.4842,23.1225,-100.0,0.0,True,False,Will the highest temperature in Chicago be between 78-79°F on July 6?,highest-temperature-in-chicago-on-july-6-2026-78-79f,https://polymarket-upload.s3.us-east-2.amazonaws.com/highest-temperature-in-chicago-on-december-5-IoEGq9msnWg6.jpg,667968,highest-temperature-in-chicago-on-july-6-2026,No,1,Yes,38786116091572722164375984913582750979928953623979287325317722825711021673144,2026-07-06,True,True,True
0xb40e89677d59665d5188541ad860450a6e2a7cc9,44731648147345055398728285066772106679499227837708625849863505489445984974265,0xdad82bfa7a1af0ca5b6947b0eb9542df6f7232ad2276b87aa9dd016f48120e3e,71.1003,0.8069,57.3721,65.4122,8.04,14.0137,71.1003,0.0,14.0139,0.92,False,True,Will the highest temperature in Ankara be 31°C on July 23?,highest-temperature-in-ankara-on-july-23-2026-31c,https://polymarket-upload.s3.us-east-2.amazonaws.com/highest-temperature-in-ankara-on-january-18-nMXCZiNB0tXP.jpg,727798,highest-temperature-in-ankara-on-july-23-2026,No,1,Yes,64595581734333871465359778663090909609756291337604900231509560647486981303865,2026-07-23,True,True,False
0xb40e89677d59665d5188541ad860450a6e2a7cc9,92546402098333291854291815251430166798351727291758556902159817969794876001744,0xcdeee5f7cd1aaa3fa5194a82094068af0606bb70c77657a6cfeb2887df789523,70.78,0.9125,64.5904,70.7446,6.1541,9.5278,70.78,0.0,9.5279,0.9995,False,True,Will the highest temperature in Sao Paulo be 26°C on July 22?,highest-temperature-in-sao-paulo-on-july-22-2026-26c,https://polymarket-upload.s3.us-east-2.amazonaws.com/sao paulo-7deca91e54.jpg,727263,highest-temperature-in-sao-paulo-on-july-22-2026,No,1,Yes,114716474082400332504449402232508332315015717823633775272279401695509106732044,2026-07-22,True,True,True
0xb40e89677d59665d5188541ad860450a6e2a7cc9,20813019587460024513310225537145515178924307948070063962290044932066938266643,0xeb25c64791dcc1659c1127398d3790619d9aec196907044dea0f7ca054806f0d,70.7033,0.1351,9.5575,0.0,-9.5575,-99.9996,385.1877,114.7308,-100.0,0.0,True,False,Will the highest temperature in Austin be between 94-95°F on July 6?,highest-temperature-in-austin-on-july-6-2026-94-95f,https://polymarket-upload.s3.us-east-2.amazonaws.com/austin-b18a80e4a0.jpg,667969,highest-temperature-in-austin-on-july-6-2026,Yes,0,No,10629349564203005714615734373362523113785132663182652192633565763019139145760,2026-07-06,True,True,True
0xb40e89677d59665d5188541ad860450a6e2a7cc9,22259678902644170824842479882858890766594818933190524525042162514784527252055,0x874a3a93dd78e444b18f1ce78bb86623b40af4dbef2789a674c4ce3ddd24322d,70.29,0.1852,13.0234,11.5978,-1.4256,-10.9463,70.29,0.0,-10.9469,0.165,False,True,Will the highest temperature in Taipei be 36°C on July 23?,highest-temperature-in-taipei-on-july-23-2026-36c,https://polymarket-upload.s3.us-east-2.amazonaws.com/taipei-06ae1cc294.jpg,727809,highest-temperature-in-taipei-on-july-23-2026,Yes,0,No,57998720216226705414717316023717583534684946042842297100431496168621119283455,2026-07-23,True,True,False
0xb40e89677d59665d5188541ad860450a6e2a7cc9,46809973685884805913880904628927992378202186475812360982940442547557464408545,0x9cc10dac04950ceac9ee8ec77f5841d70cb7157746ddf5a2824b9996473e50df,68.4435,0.6557,44.8847,68.4092,23.5244,52.4106,68.4435,0.0,52.4107,0.9995,False,True,Will the highest temperature in Buenos Aires be 13°C on July 22?,highest-temperature-in-buenos-aires-on-july-22-2026-13c,https://polymarket-upload.s3.us-east-2.amazonaws.com/will-the-highest-temperature-in-buenos-aires-be-32-c-or-higher-on-december-6-etNh-JFGhdrt.jpg,727264,highest-temperature-in-buenos-aires-on-july-22-2026,No,1,Yes,86341656110063018692438406228278070680598063138081723136257969602765966371818,2026-07-22,True,True,True
0xb40e89677d59665d5188541ad860450a6e2a7cc9,110377924506579203289527223005369292608729374114818262369386043696405414371275,0x25a4b41e46b09dbe05a27b2ff7abac00f75c75a5d8a87f732f2aceac5a46291c,68.407,0.1798,12.3013,16.4176,4.1162,33.4613,68.407,0.0,33.4616,0.24,False,True,Will the highest temperature in Chengdu be 38°C on July 23?,highest-temperature-in-chengdu-on-july-23-2026-38c,https://polymarket-upload.s3.us-east-2.amazonaws.com/chengdu-eab4d03cdb.jpg,727813,highest-temperature-in-chengdu-on-july-23-2026,Yes,0,No,94763101133019862566794732126626988336010252749651215756057543575498291118206,2026-07-23,True,True,False
0xb40e89677d59665d5188541ad860450a6e2a7cc9,105871100442660414961253890570104758263274020111612371659999302847090910820906,0x373ca53dec044f04d5d018386132e614256fc704cbad6dfa400e2b921c31c1de,68.0973,0.7516,51.1879,51.073,-0.1149,-0.2244,68.0973,0.0,-0.2245,0.75,False,True,Will the highest temperature in Tokyo be 34°C on July 23?,highest-temperature-in-tokyo-on-july-23-2026-34c,https://polymarket-upload.s3.us-east-2.amazonaws.com/tokyo-d6ed4bcfd5.jpg,727802,highest-temperature-in-tokyo-on-july-23-2026,No,1,Yes,74095979024964355040657332380170068255710415119463266827515425483768808145883,2026-07-23,True,True,False
0xb40e89677d59665d5188541ad860450a6e2a7cc9,65991671028450278472358569564733781686375026975507352047055966323551272589563,0xf50d7d1bb0a0a8907e7fd5203773f26728388bc4e0f3120862680d640de30996,68.0,0.7447,50.6425,67.728,17.0854,33.7372,68.0,0.0,33.7372,0.996,False,True,Will the highest temperature in Mexico City be 28°C on July 22?,highest-temperature-in-mexico-city-on-july-22-2026-28c,https://polymarket-upload.s3.us-east-2.amazonaws.com/mexico-city-e64e24d13b.jpg,727284,highest-temperature-in-mexico-city-on-july-22-2026,No,1,Yes,46861689285856535561280347850352161221414631756424687363346687099326009374055,2026-07-22,True,True,True
0xb40e89677d59665d5188541ad860450a6e2a7cc9,103066728166764938169315207016893469026862009615824066967847605259685614227421,0x5818d167e3c781a32d629bdce6701f45b39b2e92c9343b68c2dcb33a3da317b8,67.1338,0.086,5.7779,5.7063,-0.0716,-1.2391,67.1338,0.0,-1.2398,0.085,False,True,Will the highest temperature in Tokyo be 37°C on July 23?,highest-temperature-in-tokyo-on-july-23-2026-37c,https://polymarket-upload.s3.us-east-2.amazonaws.com/tokyo-d6ed4bcfd5.jpg,727802,highest-temperature-in-tokyo-on-july-23-2026,Yes,0,No,90306871628653354974043828307369113753878639448507727679876367221584742749778,2026-07-23,True,True,False
0xb40e89677d59665d5188541ad860450a6e2a7cc9,27240897098365051054824807714976069314966920102940371540369765292572998266219,0x269c207616b4c5ea90b0faf477397e338aa81e53c29b173b5f401b288642b362,67.1026,0.4869,32.676,66.6664,33.9903,104.0221,67.1026,0.0,104.0223,0.9935,False,True,Will the highest temperature in Austin be between 102-103°F on July 22?,highest-temperature-in-austin-on-july-22-2026-102-103f,https://polymarket-upload.s3.us-east-2.amazonaws.com/austin-b18a80e4a0.jpg,727279,highest-temperature-in-austin-on-july-22-2026,Yes,0,No,14090844443117331784771380555294733452756495507311488519892744628042958321872,2026-07-22,True,True,True
0xb40e89677d59665d5188541ad860450a6e2a7cc9,68953898534649544618138602491433751504963109214485478195057698808004799971150,0x95dbea2403eefccc30a0b4f276e0dd94d8030ac0f826aa2702ebd835cd75985c,66.6,0.6936,46.1996,66.5667,20.367,44.0847,66.6,0.0,44.0849,0.9995,False,True,Will the highest temperature in Sao Paulo be 24°C on July 22?,highest-temperature-in-sao-paulo-on-july-22-2026-24c,https://polymarket-upload.s3.us-east-2.amazonaws.com/sao paulo-7deca91e54.jpg,727263,highest-temperature-in-sao-paulo-on-july-22-2026,No,1,Yes,84704251269070929614695688396847433508155036046666503319191600649723028810256,2026-07-22,True,True,True
0xb40e89677d59665d5188541ad860450a6e2a7cc9,106706497379509201406270889067995733533009502745683239375341708287283133634877,0x29cbc64301aa17a87751226fb3bf1817c1643fe791791897859fbf7507304d8e,66.5381,0.9351,62.2243,66.5049,4.2805,6.8791,66.5381,0.0,6.8791,0.9995,False,True,Will the highest temperature in London be 23°C on July 22?,highest-temperature-in-london-on-july-22-2026-23c,https://polymarket-upload.s3.us-east-2.amazonaws.com/highest-temperature-in-london-on-jan-22-eouu0bkjph8i.jpg,723997,highest-temperature-in-london-on-july-22-2026,No,1,Yes,50272614984083904767824615725629236114640982649886904946050104309988143927972,2026-07-22,True,True,True
0xb40e89677d59665d5188541ad860450a6e2a7cc9,87009650404419509978885227052802308826451520189214568986785823077560610336813,0x19085fadd0522404906b2b40d50bf1ccedc0b744252e71d373d9c79fdbe736b9,66.5,0.3481,23.1499,23.275,0.125,0.5399,66.5,0.0,0.54,0.35,False,True,Will the highest temperature in Amsterdam be 19°C on July 23?,highest-temperature-in-amsterdam-on-july-23-2026-19c,https://polymarket-upload.s3.us-east-2.amazonaws.com/amsterdam-02ab78335a.jpg,727818,highest-temperature-in-amsterdam-on-july-23-2026,Yes,0,No,25309749594917524536906735873428940987083099547898459494716299985133041467999,2026-07-23,True,True,False
0xb40e89677d59665d5188541ad860450a6e2a7cc9,650051844075632699878231141324380929968345448941453819983912626751754265944,0x5d9f3e105194e8ecb29db58eb0dbe075d3dfa2bcbf55f7ca442dc4b560c15af3,64.8471,0.193,12.5194,0.0,-12.5194,-99.9995,441.1827,115.512,-100.0,0.0,True,False,Will the highest temperature in Los Angeles be between 76-77°F on July 6?,highest-temperature-in-los-angeles-on-july-6-2026-76-77f,https://polymarket-upload.s3.us-east-2.amazonaws.com/los-angeles-cdae9380c7.jpg,667972,highest-temperature-in-los-angeles-on-july-6-2026,Yes,0,No,80595548121808574703812744727852004592661019098338254166247869526656700109851,2026-07-06,True,True,True
0xb40e89677d59665d5188541ad860450a6e2a7cc9,74432802651393291050085694482797500021754607017189302810299824978804276143336,0x3d188fc68e014378887a14efef79db84c573a1f845ed6e500a28c01191d3e0e7,64.8281,0.9017,58.456,64.7957,6.3396,10.845,64.8281,0.0,10.845,0.9995,False,True,Will the highest temperature in New York City be between 90-91°F on July 22?,highest-temperature-in-nyc-on-july-22-2026-90-91f,https://polymarket-upload.s3.us-east-2.amazonaws.com/test-nyc-weather-pciture-cgUEW73XBkei.jpg,727274,highest-temperature-in-nyc-on-july-22-2026,No,1,Yes,78818524652321889658617122186097796817659339069236652497062855036618659872455,2026-07-22,True,True,True
0xb40e89677d59665d5188541ad860450a6e2a7cc9,65397532923634721793169760153728884497684556559642026822268434234451941522712,0x820131dbb8b8d86ffe13ae184390c204963455fdc777b0445099e6d8b66b2299,64.67,0.0785,5.0784,3.2011,-1.8773,-36.9658,64.67,0.0,-36.9672,0.0495,False,True,Will the highest temperature in Amsterdam be 18°C on July 23?,highest-temperature-in-amsterdam-on-july-23-2026-18c,https://polymarket-upload.s3.us-east-2.amazonaws.com/amsterdam-02ab78335a.jpg,727818,highest-temperature-in-amsterdam-on-july-23-2026,Yes,0,No,30841726985094283358071455460835480740670286069811180366677108534081541715441,2026-07-23,True,True,False
0xb40e89677d59665d5188541ad860450a6e2a7cc9,55334203252855037743053084259188112787985053651648612430330487381186489443777,0x738c1fdec1ff152e31d01fdafc388bc3aa07811b737915ed805c1932b43d0271,64.2666,0.2408,15.4766,20.8866,5.4099,34.9552,64.2666,0.0,34.9557,0.325,False,True,Will the highest temperature in Sao Paulo be 23°C on July 23?,highest-temperature-in-sao-paulo-on-july-23-2026-23c,https://polymarket-upload.s3.us-east-2.amazonaws.com/sao paulo-7deca91e54.jpg,731098,highest-temperature-in-sao-paulo-on-july-23-2026,Yes,0,No,62077710684538188620316450897870869315716638030023328562826668721741459130186,2026-07-23,True,True,False
0xb40e89677d59665d5188541ad860450a6e2a7cc9,10847071703683056716555799611593644293892506048190476401832970725561800218592,0xb102c7a7131b02c8cb7cedc16db22411ead0571aa9e3b1eab1a310d840bb5da9,63.73,0.8024,51.1386,51.9335,0.7948,1.5542,63.73,0.0,1.5543,0.8149,False,True,Will the highest temperature in Munich be 24°C on July 23?,highest-temperature-in-munich-on-july-23-2026-24c,https://polymarket-upload.s3.us-east-2.amazonaws.com/munich-f68b5f780d.jpg,727800,highest-temperature-in-munich-on-july-23-2026,No,1,Yes,76742265841734473479844026741283393612970977251364871302267122198417178187615,2026-07-23,True,True,False
0xb40e89677d59665d5188541ad860450a6e2a7cc9,10983024969029843195740821835678054409724984302359422575850478508031112798576,0x612adad7081bddee174f7d6bef6ad91a69a22ad4634e26240f87114aa713683a,63.5265,0.6265,39.7999,42.2451,2.4451,6.1434,63.5265,0.0,6.1435,0.665,False,True,Will the highest temperature in Taipei be 34°C on July 23?,highest-temperature-in-taipei-on-july-23-2026-34c,https://polymarket-upload.s3.us-east-2.amazonaws.com/taipei-06ae1cc294.jpg,727809,highest-temperature-in-taipei-on-july-23-2026,No,1,Yes,37223751433396924275962500058915652683357251931180242873264246004655116642150,2026-07-23,True,True,False
0xb40e89677d59665d5188541ad860450a6e2a7cc9,81558879711690548505446589816339535766509399845368436550144709231588748232504,0xd9d3fcd1053ad1937e4647aa1199f859dc887303209c6725f202d95e7962ef60,63.45,0.9125,57.8996,63.4182,5.5185,9.5311,63.45,0.0,9.5312,0.9995,False,True,Will the highest temperature in Sao Paulo be 25°C on July 22?,highest-temperature-in-sao-paulo-on-july-22-2026-25c,https://polymarket-upload.s3.us-east-2.amazonaws.com/sao paulo-7deca91e54.jpg,727263,highest-temperature-in-sao-paulo-on-july-22-2026,No,1,Yes,100372812701199229895676868264317542313628708992257873620435414616163280290773,2026-07-22,True,True,True
0xb40e89677d59665d5188541ad860450a6e2a7cc9,105584725757553898648515211025788352148477749514303378123119858394738103133690,0xb60b06f093a04d28d07c2219df91c0a64b9038fb5a8a438ade4f04052910e190,63.3277,0.0765,4.849,0.0,-4.849,-99.9999,71.02,3.2571,-100.0,0.0,True,False,Will the highest temperature in Los Angeles be between 72-73°F on July 6?,highest-temperature-in-los-angeles-on-july-6-2026-72-73f,https://polymarket-upload.s3.us-east-2.amazonaws.com/los-angeles-cdae9380c7.jpg,667972,highest-temperature-in-los-angeles-on-july-6-2026,Yes,0,No,90098877349702228526289244844197524728011061809118341537397897647832220491486,2026-07-06,True,True,True
0xb40e89677d59665d5188541ad860450a6e2a7cc9,7261413966046151572919556273581976413254798462342294473350477748708753478972,0xe23bf7997d8fe3d89515013d2cb86c6f9359640265996b08912ec94aaed5df43,63.1284,0.3258,20.5705,0.0315,-20.539,-99.8467,63.1284,0.0,-99.8468,0.0005,False,True,Will the highest temperature in Chicago be between 72-73°F on July 22?,highest-temperature-in-chicago-on-july-22-2026-72-73f,https://polymarket-upload.s3.us-east-2.amazonaws.com/highest-temperature-in-chicago-on-december-5-IoEGq9msnWg6.jpg,727278,highest-temperature-in-chicago-on-july-22-2026,Yes,0,No,53554976106683775384699005110806584249830894799181177745749118930632174994810,2026-07-22,True,True,True
0xb40e89677d59665d5188541ad860450a6e2a7cc9,59275395823997152981192268408195119937802490751477790856604089859499618592140,0x0cdc105bf866f6a353d1945b37f74fa82a053cdf1a8d0993a1f7afdcbad225d1,62.9027,0.1066,6.7072,6.2902,-0.417,-6.2171,62.9027,0.0,-6.2179,0.1,False,True,Will the highest temperature in Austin be between 102-103°F on July 23?,highest-temperature-in-austin-on-july-23-2026-102-103f,https://polymarket-upload.s3.us-east-2.amazonaws.com/austin-b18a80e4a0.jpg,731114,highest-temperature-in-austin-on-july-23-2026,Yes,0,No,107362703979210322779763448366994807649303586018726829159234634458013924138044,2026-07-23,True,True,False
0xb40e89677d59665d5188541ad860450a6e2a7cc9,101806446093805772712692689972999581501126150622930716648712512485680945667623,0x29765cdddb2dd18be6008a0b6791ba1685d52ba9aa455d1748f596168b240515,62.6422,0.91,57.0044,54.4987,-2.5057,-4.3956,62.6422,0.0,-4.3956,0.87,False,True,Will the highest temperature in Karachi be 36°C on July 23?,highest-temperature-in-karachi-on-july-23-2026-36c,https://polymarket-upload.s3.us-east-2.amazonaws.com/karachi-dcb1d7dafc.jpg,727987,highest-temperature-in-karachi-on-july-23-2026,No,1,Yes,12077107964048001474072483951130693105372800176687365425738950169783662666409,2026-07-23,True,True,False
0xb40e89677d59665d5188541ad860450a6e2a7cc9,80137394848131913851853912403222943847442463051150268702463656352273003627402,0xf36fde3449213617650f9d4730e516f2a9307125f3447693dd9e98be600bcb21,62.46,0.7243,45.2457,62.4287,17.1829,37.9768,62.46,0.0,37.977,0.9995,False,True,Will the highest temperature in Sao Paulo be 29°C on July 22?,highest-temperature-in-sao-paulo-on-july-22-2026-29c,https://polymarket-upload.s3.us-east-2.amazonaws.com/sao paulo-7deca91e54.jpg,727263,highest-temperature-in-sao-paulo-on-july-22-2026,No,1,Yes,62160275979116543258530662794671313946985030338437520367257374891465391234772,2026-07-22,True,True,True
0xb40e89677d59665d5188541ad860450a6e2a7cc9,25309749594917524536906735873428940987083099547898459494716299985133041467999,0x19085fadd0522404906b2b40d50bf1ccedc0b744252e71d373d9c79fdbe736b9,62.2761,0.6796,42.3249,40.4794,-1.8455,-4.3603,62.2761,0.0,-4.3603,0.65,False,True,Will the highest temperature in Amsterdam be 19°C on July 23?,highest-temperature-in-amsterdam-on-july-23-2026-19c,https://polymarket-upload.s3.us-east-2.amazonaws.com/amsterdam-02ab78335a.jpg,727818,highest-temperature-in-amsterdam-on-july-23-2026,No,1,Yes,87009650404419509978885227052802308826451520189214568986785823077560610336813,2026-07-23,True,True,False
0xb40e89677d59665d5188541ad860450a6e2a7cc9,72903926344131312048311542422969012895667991095713350960487022166942055069042,0xd41dc60a35add1949475d577bba62473e9781b5b0b9aaca3b3b16835c548a0ce,61.97,0.8057,49.9298,61.939,12.0091,24.0519,61.97,0.0,24.052,0.9995,False,True,Will the highest temperature in Panama City be 32°C on July 22?,highest-temperature-in-panama-city-on-july-22-2026-32c,https://polymarket-upload.s3.us-east-2.amazonaws.com/panama-city-563f6ab7e6.jpg,727285,highest-temperature-in-panama-city-on-july-22-2026,No,1,Yes,57120373955287783627203665876163886295447386881553519291046741540860911682562,2026-07-22,True,True,True
0xb40e89677d59665d5188541ad860450a6e2a7cc9,44854083329894797339364347850067815767761414514260008286854735286316895762595,0x073e02f555666f3ee0f2a516c162ec8963f4d341077eafdb2394fefcd5651b3b,61.3775,0.9348,57.3769,61.3775,4.0005,6.9723,130.5975,-30.0982,-49.7256,1.0,True,False,Will the highest temperature in Singapore be 33°C on June 9?,highest-temperature-in-singapore-on-june-9-2026-33c,https://polymarket-upload.s3.us-east-2.amazonaws.com/singapore-4b057edc68.jpg,568046,highest-temperature-in-singapore-on-june-9-2026,No,1,Yes,63455461959584240384752298970348107800660623797298181660918402051986908414586,2026-06-09,True,True,True
0xb40e89677d59665d5188541ad860450a6e2a7cc9,57061244278973463537458675212874570950998295895867023142027884860924208358420,0xf47b3f280a4cd6f6d47eeeb03afd15981c4910a3f31853535466fd5a435d1d0a,61.1,0.158,9.6592,3.055,-6.6042,-68.3718,61.1,0.0,-68.3722,0.05,False,True,Will the highest temperature in Sao Paulo be 21°C on July 23?,highest-temperature-in-sao-paulo-on-july-23-2026-21c,https://polymarket-upload.s3.us-east-2.amazonaws.com/sao paulo-7deca91e54.jpg,731098,highest-temperature-in-sao-paulo-on-july-23-2026,Yes,0,No,24840362008804470334569015995264189917086898581810377443464467059873068301762,2026-07-23,True,True,False
0xb40e89677d59665d5188541ad860450a6e2a7cc9,55490000492976163243016614284447049022003166775216020735132366513899974235093,0x3a6d3a53c50b23cf3bdc5e1aaa327593d5c5036f88b498b8082d3cedfed5a3b9,60.86,0.8621,52.4688,45.6449,-6.8239,-13.0056,60.86,0.0,-13.0057,0.75,False,True,Will the highest temperature in Houston be between 88-89°F on July 23?,highest-temperature-in-houston-on-july-23-2026-88-89f,https://polymarket-upload.s3.us-east-2.amazonaws.com/houston-ef6084a9ac.jpg,731116,highest-temperature-in-houston-on-july-23-2026,No,1,Yes,53605812454830618169320617857232331600111976754728926735593959787787454147834,2026-07-23,True,True,False
0xb40e89677d59665d5188541ad860450a6e2a7cc9,86640885512251343276952600541080641011409817745985146480341871375447768939593,0xad754c63e5c22b1c1785dc824d6438b3032199fc772fef6308d56b12e7accdba,60.4361,0.8099,48.9527,60.4059,11.4531,23.3962,60.4361,0.0,23.3964,0.9995,False,True,Will the highest temperature in Mexico City be 26°C on July 22?,highest-temperature-in-mexico-city-on-july-22-2026-26c,https://polymarket-upload.s3.us-east-2.amazonaws.com/mexico-city-e64e24d13b.jpg,727284,highest-temperature-in-mexico-city-on-july-22-2026,No,1,Yes,56256095721725276467867721857876760226744206760308763254641970701931034225140,2026-07-22,True,True,True
0xb40e89677d59665d5188541ad860450a6e2a7cc9,37843512930197297791796707954061322116454975434439891171732667658481870233655,0x0ccb79f8c846484d6143b3db5054f662fb528d1e9055ec7b887f1a9cda94d9cd,59.7,0.9251,55.232,0.0,-55.232,-99.9999,59.7,0.0,-100.0,0.0,True,False,Will the highest temperature in Los Angeles be between 86-87°F on July 17?,highest-temperature-in-los-angeles-on-july-17-2026-86-87f,https://polymarket-upload.s3.us-east-2.amazonaws.com/los-angeles-cdae9380c7.jpg,708378,highest-temperature-in-los-angeles-on-july-17-2026,No,1,Yes,787975941388321646532178634408064425782692937789292880801973428959509988992,2026-07-17,True,True,True
0xb40e89677d59665d5188541ad860450a6e2a7cc9,52171427332567358372440221230296462399370419982641133024671506386885744261502,0x7add1e5b70201ab2ca1daac57a1ca85586b15211ced184598ea6a1d97bae9848,59.49,0.4706,27.9998,0.0,-27.9998,-99.9998,552.522,-14.9724,-100.0,0.0,True,False,Will the highest temperature in Tokyo be 24°C on July 7?,highest-temperature-in-tokyo-on-july-7-2026-24c,https://polymarket-upload.s3.us-east-2.amazonaws.com/tokyo-d6ed4bcfd5.jpg,668422,highest-temperature-in-tokyo-on-july-7-2026,No,1,Yes,91969166358897316431489355449669166953700887586060016100664572785194114685028,2026-07-07,True,True,True
0xb40e89677d59665d5188541ad860450a6e2a7cc9,6512487820445407345710157366994882838114026744839759696803719739528762238963,0x6e9b6173f0dd396c2d076a9f067d3d0c7626b6f2ad3630827a308f879a91ed8d,59.08,0.2743,16.2107,16.247,0.0362,0.2233,59.08,0.0,0.2234,0.275,False,True,Will the highest temperature in San Francisco be between 70-71°F on July 23?,highest-temperature-in-san-francisco-on-july-23-2026-70-71f,https://polymarket-upload.s3.us-east-2.amazonaws.com/san-francisco-e705a842df.jpg,731118,highest-temperature-in-san-francisco-on-july-23-2026,Yes,0,No,36705740675949529509315110479775903574931142523383470745155080256672002716865,2026-07-23,True,True,False
0xb40e89677d59665d5188541ad860450a6e2a7cc9,23728600500090458075784222326455993923975105617981121568090950989531939199028,0xcefdb4e4a664f7d022a1a3cf596a473451ffc6c254f0bb65cd7f115e81de9713,58.9429,0.0895,5.2801,0.0294,-5.2507,-99.4429,58.9429,0.0,-99.4431,0.0005,False,True,Will the highest temperature in Atlanta be between 86-87°F on July 22?,highest-temperature-in-atlanta-on-july-22-2026-86-87f,https://polymarket-upload.s3.us-east-2.amazonaws.com/highest-temperature-in-atlanta-on-december-5--dClj_prA8Ny.jpg,727276,highest-temperature-in-atlanta-on-july-22-2026,Yes,0,No,97449017445942177379681820877467265428002918513458215144690855054919029592224,2026-07-22,True,True,True
0xb40e89677d59665d5188541ad860450a6e2a7cc9,16601095150270165173306329846242443816984428086291346567186947291455514927996,0xba9afe5bfe7fd1982cc422b9daf2c8cfef2f94f0da8230a0a24e1a49dc0f3f65,58.94,0.0805,4.7485,1.4145,-3.334,-70.2116,58.94,0.0,-70.2116,0.024,False,True,Will the highest temperature in Seattle be between 96-97°F on July 22?,highest-temperature-in-seattle-on-july-22-2026-96-97f,https://polymarket-upload.s3.us-east-2.amazonaws.com/highest-temperature-in-seattle-on-december-5-mjogoGN44OY4.jpg,727273,highest-temperature-in-seattle-on-july-22-2026,Yes,0,No,75859192461519345383952502672752171395214326395510796428882767007207847512256,2026-07-22,True,True,False
0xb40e89677d59665d5188541ad860450a6e2a7cc9,38930629457937844991534100840830667761718056679197838517602490667619722922499,0x09de4e834e952d55e4fd3a7920f46e1bdaa45c875a30fbdf6710927bcad91d58,58.5665,0.1238,7.2532,0.0,-7.2532,-99.9988,147.5847,33.4844,-100.0,0.0,True,False,Will the highest temperature in Denver be between 98-99°F on July 6?,highest-temperature-in-denver-on-july-6-2026-98-99f,https://polymarket-upload.s3.us-east-2.amazonaws.com/denver-c2951e9cad.jpg,667970,highest-temperature-in-denver-on-july-6-2026,Yes,0,No,30105557618055536753624455056319687962330590203790995772414985089130412881761,2026-07-06,True,True,True
0xb40e89677d59665d5188541ad860450a6e2a7cc9,97449017445942177379681820877467265428002918513458215144690855054919029592224,0xcefdb4e4a664f7d022a1a3cf596a473451ffc6c254f0bb65cd7f115e81de9713,57.6936,0.8892,51.3041,57.6648,6.3606,12.3978,57.6936,0.0,12.3978,0.9995,False,True,Will the highest temperature in Atlanta be between 86-87°F on July 22?,highest-temperature-in-atlanta-on-july-22-2026-86-87f,https://polymarket-upload.s3.us-east-2.amazonaws.com/highest-temperature-in-atlanta-on-december-5--dClj_prA8Ny.jpg,727276,highest-temperature-in-atlanta-on-july-22-2026,No,1,Yes,23728600500090458075784222326455993923975105617981121568090950989531939199028,2026-07-22,True,True,True
0xb40e89677d59665d5188541ad860450a6e2a7cc9,5173257812397616509355770791763353062823771541991468622475901249909746657658,0x626dfad7b8c1c75711a3aaca91d14552fb3d13947a91003eba852c871db987f7,57.5327,0.929,53.45,57.5039,4.0538,7.5842,57.5327,0.0,7.5844,0.9995,False,True,Will the highest temperature in Seattle be between 88-89°F on July 22?,highest-temperature-in-seattle-on-july-22-2026-88-89f,https://polymarket-upload.s3.us-east-2.amazonaws.com/highest-temperature-in-seattle-on-december-5-mjogoGN44OY4.jpg,727273,highest-temperature-in-seattle-on-july-22-2026,No,1,Yes,45304963805054838017251085998377417332644445374375492941679268633266269999951,2026-07-22,True,True,True
0xb40e89677d59665d5188541ad860450a6e2a7cc9,110869172182416156109069056747340649193930078496999599866265287465436425297469,0x120c4bbde90c200af6c61f3bfe8fc4c8b8b006e13937ca841dd12b6c4c82706c,57.4916,0.8989,51.6826,52.8923,1.2096,2.3404,57.4916,0.0,2.3405,0.92,False,True,Will the highest temperature in Warsaw be 21°C on July 23?,highest-temperature-in-warsaw-on-july-23-2026-21c,https://polymarket-upload.s3.us-east-2.amazonaws.com/warsaw-7f43eebaf6.jpg,727808,highest-temperature-in-warsaw-on-july-23-2026,No,1,Yes,11580156345651368120294950058247423385523788510583230019237223296975681004583,2026-07-23,True,True,False
0xb40e89677d59665d5188541ad860450a6e2a7cc9,56256095721725276467867721857876760226744206760308763254641970701931034225140,0xad754c63e5c22b1c1785dc824d6438b3032199fc772fef6308d56b12e7accdba,57.4366,0.1574,9.0451,0.0287,-9.0164,-99.6824,57.4366,0.0,-99.6827,0.0005,False,True,Will the highest temperature in Mexico City be 26°C on July 22?,highest-temperature-in-mexico-city-on-july-22-2026-26c,https://polymarket-upload.s3.us-east-2.amazonaws.com/mexico-city-e64e24d13b.jpg,727284,highest-temperature-in-mexico-city-on-july-22-2026,Yes,0,No,86640885512251343276952600541080641011409817745985146480341871375447768939593,2026-07-22,True,True,True
0xb40e89677d59665d5188541ad860450a6e2a7cc9,66419355667488785857044722673234284819356578508437463254352128905015001030776,0x521062c685cf566154e914264e96071ae9f4e6eb24449d07ca6eb959c6bb02fd,57.26,0.3643,20.8635,21.1862,0.3226,1.5462,57.26,0.0,1.5462,0.37,False,True,Will the highest temperature in Miami be between 90-91°F on July 23?,highest-temperature-in-miami-on-july-23-2026-90-91f,https://polymarket-upload.s3.us-east-2.amazonaws.com/highest-temperature-in-miami-on-december-5-fjW5d7xet1Aq.jpg,731112,highest-temperature-in-miami-on-july-23-2026,Yes,0,No,27361981927035217536992676705784317145719206339295070431158586097103760394084,2026-07-23,True,True,False
0xb40e89677d59665d5188541ad860450a6e2a7cc9,37163570446113588352094685787300521157200066900844730804267961766319313253096,0x48271aee2f2ebeb1db36db52f5971b3b3c9ca8627ee0884cb92bd534325a6568,57.2159,0.2618,14.9791,0.0,-14.9791,-99.9994,473.327,99.1172,-100.0,0.0,True,False,Will the highest temperature in Houston be between 96-97°F on July 6?,highest-temperature-in-houston-on-july-6-2026-96-97f,https://polymarket-upload.s3.us-east-2.amazonaws.com/houston-ef6084a9ac.jpg,667971,highest-temperature-in-houston-on-july-6-2026,No,1,Yes,76817063231993373003119796080179012585082606163189365910434893319286298737839,2026-07-06,True,True,True
0xb40e89677d59665d5188541ad860450a6e2a7cc9,70539678201667713793312697878710573683801054278024216253332317978590539291915,0x387e6f840395c32b4b53ed6c94d622ab47a23eb8f0b4755a06d4a822af4dec92,56.46,0.938,52.9594,56.4317,3.4722,6.5563,56.46,0.0,6.5563,0.9995,False,False,Will the highest temperature in Wellington be 12°C on July 23?,highest-temperature-in-wellington-on-july-23-2026-12c,https://polymarket-upload.s3.us-east-2.amazonaws.com/highest-temperature-in-wellington-on-january-18-9V6hoMZlkY2N.jpg,727799,highest-temperature-in-wellington-on-july-23-2026,No,1,Yes,88541322555651253982334987754718948767457348787156811342203801868728930120510,2026-07-23,True,True,True
0xb40e89677d59665d5188541ad860450a6e2a7cc9,17352501094658680507137588933907953486888339211943899497006150539009467581417,0x7d8d280766be6b71585349a010090f29a2ed539f09133ed5892719d95e549383,56.0229,0.1967,11.0229,12.0449,1.0219,9.2706,56.0229,0.0,9.2715,0.215,False,True,Will the highest temperature in Kuala Lumpur be 31°C on July 23?,highest-temperature-in-kuala-lumpur-on-july-23-2026-31c,https://polymarket-upload.s3.us-east-2.amazonaws.com/kuala-2535fee773.jpg,727820,highest-temperature-in-kuala-lumpur-on-july-23-2026,Yes,0,No,112387493087188134072101009494269357875029809095992070726784268203836686700377,2026-07-23,True,True,False
0xb40e89677d59665d5188541ad860450a6e2a7cc9,22992115410649139658215582341922864730015202834632505286407039867005765475371,0x7cade3f9050e6bc399feddfb21dcaf0ef7f79cdb4b06bb9be7af0638bd4fd521,55.4292,0.0613,3.4005,0.0,-3.4005,-99.9991,202.1335,64.3519,-100.0,0.0,True,False,Will the highest temperature in Singapore be 30°C on July 7?,highest-temperature-in-singapore-on-july-7-2026-30c,https://polymarket-upload.s3.us-east-2.amazonaws.com/singapore-4b057edc68.jpg,668425,highest-temperature-in-singapore-on-july-7-2026,Yes,0,No,24410224600917589094745780290106378289154493046503027720476470981905634968495,2026-07-07,True,True,True
0xb40e89677d59665d5188541ad860450a6e2a7cc9,97954226760513477675151124334452119848565517081332705694690859297332215727126,0xf4206d1efc7d84b0870aef8a83cd9028eab43380b7bacc1d353d5353a378c6a8,55.3422,0.9199,50.9113,50.3614,-0.5499,-1.0801,55.3422,0.0,-1.0802,0.91,False,True,Will the highest temperature in Austin be between 96-97°F on July 23?,highest-temperature-in-austin-on-july-23-2026-96-97f,https://polymarket-upload.s3.us-east-2.amazonaws.com/austin-b18a80e4a0.jpg,731114,highest-temperature-in-austin-on-july-23-2026,No,1,Yes,30256464282972685195183777519431957819325354261982034126128002216160299235054,2026-07-23,True,True,False
0xb40e89677d59665d5188541ad860450a6e2a7cc9,40557820665498036796870682142192453396726674164788439467854225795296090439226,0x5474c4b730fc41760a2f8f5ec27beb8b4876e8168d1dfbb7a4bd6ee6459d7ab6,54.87,0.39,21.4013,20.5762,-0.8251,-3.8553,54.87,0.0,-3.8557,0.375,False,True,Will the highest temperature in Kuala Lumpur be 32°C on July 23?,highest-temperature-in-kuala-lumpur-on-july-23-2026-32c,https://polymarket-upload.s3.us-east-2.amazonaws.com/kuala-2535fee773.jpg,727820,highest-temperature-in-kuala-lumpur-on-july-23-2026,Yes,0,No,68712185792175078988278064358186252022743584222545329319657271408164871099047,2026-07-23,True,True,False
0xb40e89677d59665d5188541ad860450a6e2a7cc9,110380888009882483601141656055923922975706076775333724304150941822891119760958,0xc8c938fe248eb6978a8e4b4a543a93f85f0e86c7f61385ddb91d2fa7da9e3a44,54.7417,0.2089,11.4357,0.0,-11.4357,-99.9994,121.7261,19.4988,-100.0,0.0,True,False,Will the highest temperature in Dallas be between 94-95°F on July 6?,highest-temperature-in-dallas-on-july-6-2026-94-95f,https://polymarket-upload.s3.us-east-2.amazonaws.com/highest-temperature-in-dallas-on-december-5-m1XZuVxmKEs_.jpg,667965,highest-temperature-in-dallas-on-july-6-2026,Yes,0,No,40308412154333761778053441139967288805629394558115190270826940199036426182518,2026-07-06,True,True,True
0xb40e89677d59665d5188541ad860450a6e2a7cc9,26572597614170712871163697169024835640049332766733677650298836294572380913013,0x9a6ccac37c64dd4e21ce8363a85ca44550c1f4ade652bf2f3db301acb7dc61c8,54.4987,0.063,3.4372,0.0,-3.4372,-99.9972,152.4441,42.7951,-100.0,0.0,True,False,Will the highest temperature in Toronto be 25°C on July 6?,highest-temperature-in-toronto-on-july-6-2026-25c,https://polymarket-upload.s3.us-east-2.amazonaws.com/highest-temperature-in-toronto-on-december-6-ZHBngGPj9GGd.jpg,667962,highest-temperature-in-toronto-on-july-6-2026,Yes,0,No,78650242323257593669720848402598255655082661867247008436507060138675770754469,2026-07-06,True,True,True
0xb40e89677d59665d5188541ad860450a6e2a7cc9,113782468210576969311646447102134848579441951807674676589279951071738818128133,0xf17165d1aa896ec17fb910fb9a74c88a1a84013a09d744b9455c3d43292561d2,54.1131,0.3552,19.2258,0.0,-19.2258,-99.9997,652.493,86.5915,-100.0,0.0,True,False,Will the highest temperature in Hong Kong be 30°C on July 3?,highest-temperature-in-hong-kong-on-july-3-2026-30c,https://polymarket-upload.s3.us-east-2.amazonaws.com/hongkong-ae9cc75f37.jpg,653822,highest-temperature-in-hong-kong-on-july-3-2026,Yes,0,No,41128246890393828800195523086356256080969089406457977800981493209943043271657,2026-07-03,True,True,True
0xb40e89677d59665d5188541ad860450a6e2a7cc9,54250545765577747367527505859081353170602854299170941815174750194494539743095,0x23d75b3b10e5b32c5f96d85e4bf4dc37d6261ff11f43d40e019dca10a9839469,53.79,0.3676,19.7775,18.2886,-1.4889,-7.5282,53.79,0.0,-7.5282,0.34,False,True,Will the highest temperature in Shanghai be 36°C on July 23?,highest-temperature-in-shanghai-on-july-23-2026-36c,https://polymarket-upload.s3.us-east-2.amazonaws.com/shanghai-98a00e357b.png,727804,highest-temperature-in-shanghai-on-july-23-2026,Yes,0,No,32297110671682161792881496884470034324075698901537121789773772849261416516722,2026-07-23,True,True,False
0xb40e89677d59665d5188541ad860450a6e2a7cc9,94603882756096729512119408621471115750145116262440660958431836106358922980060,0x5f5938fd38ae4e62deeee6385469b665249aeeadd31fa18a877d9bbd1a500ed1,53.775,0.8586,46.1762,49.4192,3.2429,7.0228,53.775,0.0,7.0229,0.919,False,True,Will the highest temperature in Taipei be 33°C on July 23?,highest-temperature-in-taipei-on-july-23-2026-33c,https://polymarket-upload.s3.us-east-2.amazonaws.com/taipei-06ae1cc294.jpg,727809,highest-temperature-in-taipei-on-july-23-2026,No,1,Yes,40326017907229137539462452084947521060877154883396756643149418958245711831460,2026-07-23,True,True,False
0xb40e89677d59665d5188541ad860450a6e2a7cc9,78128863327831733789516011104602533081678637213624168941520233897381399453613,0xcbd37c9974d3bd34360d9ddc339fa0d4c0597016cdc3cf02afd2ad7e586156b9,53.6849,0.4313,23.1591,0.0,-23.1591,-99.9997,341.7354,23.6116,-100.0,0.0,True,False,Will the highest temperature in Jeddah be 40°C or higher on July 7?,highest-temperature-in-jeddah-on-july-7-2026-40corhigher,https://polymarket-upload.s3.us-east-2.amazonaws.com/jeddah-43fa85fbaf.jpg,668441,highest-temperature-in-jeddah-on-july-7-2026,Yes,0,No,81575978253443988592830247420523051080616768020286771597802285852672861707210,2026-07-07,True,True,True
0xb40e89677d59665d5188541ad860450a6e2a7cc9,78464051770184127802203157955698669530160321256238687411655327660957446926267,0x905121f14fc32bad842eb2280e3bd50a3234560d48a743f3c05b6a2a93e76473,53.0766,0.4154,22.0512,24.6806,2.6293,11.9235,53.0766,0.0,11.9236,0.465,False,True,Will the highest temperature in London be 26°C on July 23?,highest-temperature-in-london-on-july-23-2026-26c,https://polymarket-upload.s3.us-east-2.amazonaws.com/highest-temperature-in-london-on-jan-22-eouu0bkjph8i.jpg,727795,highest-temperature-in-london-on-july-23-2026,Yes,0,No,106409022819439063270634111287305036822728778676956030585899590937374101753632,2026-07-23,True,True,False
0xb40e89677d59665d5188541ad860450a6e2a7cc9,28554912999002675056146248653857867136043081426072670288694864280703685229292,0x5f4177ad18df3e0e962e1cf27324c6e8f975d2ab74f026da78943b7a4609766d,52.11,0.0517,2.6941,0.0,-2.6941,-99.9985,52.11,0.0,-100.0,0.0,True,False,Will the highest temperature in Chicago be between 78-79°F on July 9?,highest-temperature-in-chicago-on-july-9-2026-78-79f,https://polymarket-upload.s3.us-east-2.amazonaws.com/highest-temperature-in-chicago-on-december-5-IoEGq9msnWg6.jpg,678810,highest-temperature-in-chicago-on-july-9-2026,Yes,0,No,2785380161426546322238441645987988914253546497184504342040140488475493406433,2026-07-09,True,True,True
0xb40e89677d59665d5188541ad860450a6e2a7cc9,17621496845788322158975206797504698489498208197853021732620754925123494021724,0x0f569fd019445746cfa803edea1fd0362d7206b9b6a47e658f9bff32d0ea9ccb,51.6,0.17,8.772,0.0,-8.772,-100.0,51.6,0.0,-100.0,0.0,True,False,Will the highest temperature in Denver be between 96-97°F on July 6?,highest-temperature-in-denver-on-july-6-2026-96-97f,https://polymarket-upload.s3.us-east-2.amazonaws.com/denver-c2951e9cad.jpg,667970,highest-temperature-in-denver-on-july-6-2026,No,1,Yes,3367860453575086124912070383028624587913303444706998791665977004278094487647,2026-07-06,True,True,True
0xb40e89677d59665d5188541ad860450a6e2a7cc9,74803916455741883455563239119497302636672949318950086747971361970406929965069,0xbbe6b89926eee33c4419cbf685ed9611de2d1e3f29aeaee7c03fd382d495c007,51.5,0.0748,3.8549,2.8067,-1.0482,-27.1907,51.5,0.0,-27.1928,0.0545,False,True,Will the highest temperature in Buenos Aires be 12°C on July 23?,highest-temperature-in-buenos-aires-on-july-23-2026-12c,https://polymarket-upload.s3.us-east-2.amazonaws.com/will-the-highest-temperature-in-buenos-aires-be-32-c-or-higher-on-december-6-etNh-JFGhdrt.jpg,731099,highest-temperature-in-buenos-aires-on-july-23-2026,Yes,0,No,75434569104380358660257813061552848698506060902873752785610621506913893443165,2026-07-23,True,True,False
0xb40e89677d59665d5188541ad860450a6e2a7cc9,64595581734333871465359778663090909609756291337604900231509560647486981303865,0xdad82bfa7a1af0ca5b6947b0eb9542df6f7232ad2276b87aa9dd016f48120e3e,51.25,0.1604,8.2249,4.1,-4.1249,-50.151,51.25,0.0,-50.1517,0.08,False,True,Will the highest temperature in Ankara be 31°C on July 23?,highest-temperature-in-ankara-on-july-23-2026-31c,https://polymarket-upload.s3.us-east-2.amazonaws.com/highest-temperature-in-ankara-on-january-18-nMXCZiNB0tXP.jpg,727798,highest-temperature-in-ankara-on-july-23-2026,Yes,0,No,44731648147345055398728285066772106679499227837708625849863505489445984974265,2026-07-23,True,True,False
0xb40e89677d59665d5188541ad860450a6e2a7cc9,5476898002862066529664736653618388944450829067108370826283588208040849094042,0xccc7b9f7c587e851b1f6b2dbcfd800d1e4e268efd9a972c0a0bed3f2dd12c6bf,51.2048,0.1162,5.9548,9.2168,3.2619,54.7775,51.2048,0.0,54.779,0.18,False,True,Will the highest temperature in Dallas be between 102-103°F on July 23?,highest-temperature-in-dallas-on-july-23-2026-102-103f,https://polymarket-upload.s3.us-east-2.amazonaws.com/highest-temperature-in-dallas-on-december-5-m1XZuVxmKEs_.jpg,731110,highest-temperature-in-dallas-on-july-23-2026,Yes,0,No,75478545954341308943969333359354965183882940164933991320638180168866191873493,2026-07-23,True,True,False
0xb40e89677d59665d5188541ad860450a6e2a7cc9,45602640028419585391118637644587506377073059825913951523871487497098887155427,0x7f71f2a55b5815b442554f38825c625ffab02187391a854d645aa64589713af5,51.0354,0.1482,7.5646,0.0,-7.5646,-99.9989,51.0354,0.0,-100.0,0.0,True,True,Will the highest temperature in Seattle be between 94-95°F on July 21?,highest-temperature-in-seattle-on-july-21-2026-94-95f,https://polymarket-upload.s3.us-east-2.amazonaws.com/highest-temperature-in-seattle-on-december-5-mjogoGN44OY4.jpg,723592,highest-temperature-in-seattle-on-july-21-2026,Yes,0,No,6371157616810701076657037079148227199731729808024588923112000652846152351551,2026-07-21,True,True,True
0xb40e89677d59665d5188541ad860450a6e2a7cc9,97751393501688643251024180854873951278721805185147117388867380295592066153638,0xafe2b0860c5f1faa115660b5f767c49aadab0676d46e079ebce772b0271aafe0,51.0274,0.6105,31.1568,0.0,-31.1568,-99.9997,363.0511,-34.507,-100.0,0.0,True,False,Will the highest temperature in Seattle be between 84-85°F on July 6?,highest-temperature-in-seattle-on-july-6-2026-84-85f,https://polymarket-upload.s3.us-east-2.amazonaws.com/highest-temperature-in-seattle-on-december-5-mjogoGN44OY4.jpg,667963,highest-temperature-in-seattle-on-july-6-2026,No,1,Yes,64937268564571725418120539434354010990478672841445567970360970507986149778932,2026-07-06,True,True,True
0xb40e89677d59665d5188541ad860450a6e2a7cc9,98127966406667983950436147025246809764850257528583762816355256206025169115874,0xd64aa02bb1694d95cbf0ddb7e091537fced024fcafac652357c0ffe9cb6a9936,50.732,0.1659,8.4172,0.0,-8.4172,-99.9993,157.8129,35.774,-100.0,0.0,True,False,Will the highest temperature in Panama City be 34°C on July 6?,highest-temperature-in-panama-city-on-july-6-2026-34c,https://polymarket-upload.s3.us-east-2.amazonaws.com/panama-city-563f6ab7e6.jpg,667975,highest-temperature-in-panama-city-on-july-6-2026,Yes,0,No,97442697152642228239760148751274652288754708372696839650321614531602450646355,2026-07-06,True,True,True
0xb40e89677d59665d5188541ad860450a6e2a7cc9,75304444725040435700708421688810927037556635969260610002084229699181853598310,0x0df74b5fdb8989f0c336cfa7804d381290476b82cc48afcc2f4380e487bc1711,50.2653,0.0636,3.1978,0.0251,-3.1727,-99.2126,50.2653,0.0,-99.2151,0.0005,False,True,Will the highest temperature in Panama City be 31°C on July 22?,highest-temperature-in-panama-city-on-july-22-2026-31c,https://polymarket-upload.s3.us-east-2.amazonaws.com/panama-city-563f6ab7e6.jpg,727285,highest-temperature-in-panama-city-on-july-22-2026,Yes,0,No,18556313455106081302450588831940262165524354894670288897886791852259524798046,2026-07-22,True,True,True
0xb40e89677d59665d5188541ad860450a6e2a7cc9,115627252991955040935778001219369824752628413498299377780211233155724814844336,0xff8d51aa9757e8cfcedc13bb588956dc1926807bde407f1dd9ad3f5ec93d762c,50.0,0.06,3.0,0.025,-2.975,-99.1666,50.0,0.0,-99.1666,0.0005,False,True,Will the highest temperature in Mexico City be 25°C on July 22?,highest-temperature-in-mexico-city-on-july-22-2026-25c,https://polymarket-upload.s3.us-east-2.amazonaws.com/mexico-city-e64e24d13b.jpg,727284,highest-temperature-in-mexico-city-on-july-22-2026,Yes,0,No,36501727420508960126774109195677046189573507391437952267679838334915469066071,2026-07-22,True,True,True
0xb40e89677d59665d5188541ad860450a6e2a7cc9,2794035446778472291098668823939094348775712204180228677620099156106186952928,0x089ced005608c652c2e4501389fd591abdc1f7dcce2b29d9048a7ced03b59852,50.0,0.1347,6.7381,0.75,-5.988,-88.8677,50.0,0.0,-88.8692,0.015,False,True,Will the highest temperature in Houston be between 96-97°F on July 23?,highest-temperature-in-houston-on-july-23-2026-96-97f,https://polymarket-upload.s3.us-east-2.amazonaws.com/houston-ef6084a9ac.jpg,731116,highest-temperature-in-houston-on-july-23-2026,Yes,0,No,49995673709619229469564996950792308484252760173807599317184373381359820343255,2026-07-23,True,True,True
0xb40e89677d59665d5188541ad860450a6e2a7cc9,30978697851635623593799098970826007835053007236954055476404044123877289081300,0x73c11446dd60d87bb96f5adf23c0d26688cddc4d9797957a9766d9569d891cd9,50.0,0.76,38.0,38.5,0.5,1.3157,50.0,0.0,1.3157,0.77,False,True,Will the highest temperature in Jeddah be 38°C on July 23?,highest-temperature-in-jeddah-on-july-23-2026-38c,https://polymarket-upload.s3.us-east-2.amazonaws.com/jeddah-43fa85fbaf.jpg,727821,highest-temperature-in-jeddah-on-july-23-2026,No,1,Yes,17919098355518412311545733971695828376972717248964136261220014639398426068962,2026-07-23,True,True,False
0xb40e89677d59665d5188541ad860450a6e2a7cc9,95573674079908738807645827999377311503627828909065748541856401211986321708008,0x2a5142adf031460e8200e153ee0977e285de10384629af1a49f174da8119cb40,50.0,0.2217,11.088,9.25,-1.838,-16.5764,50.0,0.0,-16.5764,0.185,False,True,Will the highest temperature in Qingdao be 30°C on July 23?,highest-temperature-in-qingdao-on-july-23-2026-30c,https://polymarket-upload.s3.us-east-2.amazonaws.com/qingdao-64680595db.jpg,727823,highest-temperature-in-qingdao-on-july-23-2026,Yes,0,No,107366196544648802952716535340944743662085552370516540125594153785173758224839,2026-07-23,True,True,False
0xb40e89677d59665d5188541ad860450a6e2a7cc9,97961939582783607603115725252098740685738366451399063951871954277059183027490,0xe2d67dd5efa54123bc8c6a5c1a8c79f72de28b08f2eeaf9d8d189d433c3f20a7,50.0,0.55,27.5,27.25,-0.25,-0.909,50.0,0.0,-0.909,0.545,False,True,Will the highest temperature in Chicago be between 78-79°F on July 23?,highest-temperature-in-chicago-on-july-23-2026-78-79f,https://polymarket-upload.s3.us-east-2.amazonaws.com/highest-temperature-in-chicago-on-december-5-IoEGq9msnWg6.jpg,731113,highest-temperature-in-chicago-on-july-23-2026,No,1,Yes,84061167692667706938530455473313292561650671905871553203161256467176400200069,2026-07-23,True,True,False
0xb40e89677d59665d5188541ad860450a6e2a7cc9,25804579459048648086095913174714236132345204633943837333490316696124277677692,0xe79d19017fbdc6139c2c06e05ea8bfd2d8796f7d1341a3ead65f71b8f06c939f,49.9912,0.645,32.2447,31.2445,-1.0002,-3.1019,49.9912,0.0,-3.1019,0.625,False,True,Will the highest temperature in Moscow be 21°C on July 23?,highest-temperature-in-moscow-on-july-23-2026-21c,https://polymarket-upload.s3.us-east-2.amazonaws.com/moscow-4addd6349b.jpg,727815,highest-temperature-in-moscow-on-july-23-2026,No,1,Yes,6751331908849231649212069846421953296451906336566710387861007036215559560250,2026-07-23,True,True,False
0xb40e89677d59665d5188541ad860450a6e2a7cc9,53326112557157456333950235478994626922987628513047604102883044455208987416617,0xee97986551a9d4ad2c6b56cefb4541df9df5fbd755e63ef415a7b8783381b437,49.7524,0.0881,4.3859,0.0,-4.3859,-99.9981,626.416,152.3272,-100.0,0.0,True,False,Will the highest temperature in Shanghai be 36°C on July 7?,highest-temperature-in-shanghai-on-july-7-2026-36c,https://polymarket-upload.s3.us-east-2.amazonaws.com/shanghai-98a00e357b.png,668424,highest-temperature-in-shanghai-on-july-7-2026,Yes,0,No,40611307301447464823915529335846204582856543309487707514605124534338052056736,2026-07-07,True,True,True
0xb40e89677d59665d5188541ad860450a6e2a7cc9,60789457368717481737907949433989323384324108237697017279658471036650294607524,0x77f3db4b6dc47ceb3896063e7afcfb82e26ac0a66a78561ce8f56e81fa67d4bd,49.63,0.1922,9.5407,13.1519,3.6111,37.8491,49.63,0.0,37.8494,0.265,False,True,Will the highest temperature in New York City be between 78-79°F on July 23?,highest-temperature-in-nyc-on-july-23-2026-78-79f,https://polymarket-upload.s3.us-east-2.amazonaws.com/test-nyc-weather-pciture-cgUEW73XBkei.jpg,731109,highest-temperature-in-nyc-on-july-23-2026,Yes,0,No,25620559545222040103010069381486922186929131615596969082382382453777983907136,2026-07-23,True,True,False
0xb40e89677d59665d5188541ad860450a6e2a7cc9,105274530166057270366475339044470884789034883223742640468847333196753504157277,0xf5380fa6bac399c2cd279b100817b0a210d2bd8034609e09860112f1aca31c19,49.55,0.9494,47.045,48.9306,1.8855,4.0078,49.55,0.0,4.0078,0.9875,False,True,Will the highest temperature in New York City be between 86-87°F on July 23?,highest-temperature-in-nyc-on-july-23-2026-86-87f,https://polymarket-upload.s3.us-east-2.amazonaws.com/test-nyc-weather-pciture-cgUEW73XBkei.jpg,731109,highest-temperature-in-nyc-on-july-23-2026,No,1,Yes,22252281100762930703001194601434835609350151895813632395406799186058140498438,2026-07-23,True,True,True
0xb40e89677d59665d5188541ad860450a6e2a7cc9,114473106040890368210403629978084714247002114469029887869028503687351050727364,0x5f220565e86b287206f21509f073185208fee50eda29953a42f33ac315c6cba1,49.55,0.4351,21.5617,22.2975,0.7357,3.412,49.55,0.0,3.4121,0.45,False,False,Will the highest temperature in Karachi be 35°C on July 23?,highest-temperature-in-karachi-on-july-23-2026-35c,https://polymarket-upload.s3.us-east-2.amazonaws.com/karachi-dcb1d7dafc.jpg,727987,highest-temperature-in-karachi-on-july-23-2026,Yes,0,No,4111385198287503470758657603755113513083756595615658328307483407212827228601,2026-07-23,True,True,False
0xb40e89677d59665d5188541ad860450a6e2a7cc9,83438013030466274556656976787063240228218930093627557390065708779765733941621,0x45dbcb71672d06d3926d94025fb33c5c7930622b7beaae35cd5abb120319106b,49.21,0.202,9.943,12.5485,2.6054,26.2031,49.21,0.0,26.2033,0.255,False,True,Will the highest temperature in Toronto be 26°C on July 23?,highest-temperature-in-toronto-on-july-23-2026-26c,https://polymarket-upload.s3.us-east-2.amazonaws.com/highest-temperature-in-toronto-on-december-6-ZHBngGPj9GGd.jpg,731100,highest-temperature-in-toronto-on-july-23-2026,Yes,0,No,112422191069191718843909348605717149814077728172856716534752109439538051401697,2026-07-23,True,True,False
0xb40e89677d59665d5188541ad860450a6e2a7cc9,58840834147674264830654611752411838008808524406750523643988712180405983399524,0x12e973ad4e4b28094e0b181d6b2c26e6196b447ce41f593895c229f9d32fa946,48.34,0.1103,5.3339,3.8672,-1.4667,-27.4972,48.34,0.0,-27.4987,0.08,False,True,Will the highest temperature in Istanbul be 26°C on July 23?,highest-temperature-in-istanbul-on-july-23-2026-26c,https://polymarket-upload.s3.us-east-2.amazonaws.com/istanbul-dc72177e0c.jpg,727816,highest-temperature-in-istanbul-on-july-23-2026,Yes,0,No,8748811260925700502964682922981622813090810028959642078643949101605079235226,2026-07-23,True,True,False
0xb40e89677d59665d5188541ad860450a6e2a7cc9,40326017907229137539462452084947521060877154883396756643149418958245711831460,0x5f5938fd38ae4e62deeee6385469b665249aeeadd31fa18a877d9bbd1a500ed1,48.07,0.0597,2.8726,3.8936,1.0209,35.539,48.07,0.0,35.542,0.081,False,True,Will the highest temperature in Taipei be 33°C on July 23?,highest-temperature-in-taipei-on-july-23-2026-33c,https://polymarket-upload.s3.us-east-2.amazonaws.com/taipei-06ae1cc294.jpg,727809,highest-temperature-in-taipei-on-july-23-2026,Yes,0,No,94603882756096729512119408621471115750145116262440660958431836106358922980060,2026-07-23,True,True,False
0xb40e89677d59665d5188541ad860450a6e2a7cc9,52053257754991181908117284573664813813498886753041370738326763518116881699270,0x334857225f251a8f1f172a881cc90dbad09f9afb61c99a4394340d3a6de8b79d,47.8833,0.8829,42.2783,40.2219,-2.0564,-4.8639,47.8833,0.0,-4.8639,0.84,False,True,Will the highest temperature in Guangzhou be 34°C on July 23?,highest-temperature-in-guangzhou-on-july-23-2026-34c,https://polymarket-upload.s3.us-east-2.amazonaws.com/guangzhou-432bb47dad.jpg,727822,highest-temperature-in-guangzhou-on-july-23-2026,No,1,Yes,80267372991281730036900878722309773427295871426486084653678766482406272698874,2026-07-23,True,True,False
0xb40e89677d59665d5188541ad860450a6e2a7cc9,42418379245076117409098872801996547402667754068146707959806384644359039220759,0x949d39793435322f387c77313360636d15da4d680ddc07c4250d45300bb6228e,47.6499,0.089,4.2421,0.0238,-4.2183,-99.437,47.6499,0.0,-99.4389,0.0005,False,True,Will the highest temperature in Los Angeles be between 82-83°F on July 22?,highest-temperature-in-los-angeles-on-july-22-2026-82-83f,https://polymarket-upload.s3.us-east-2.amazonaws.com/los-angeles-cdae9380c7.jpg,727282,highest-temperature-in-los-angeles-on-july-22-2026,Yes,0,No,52139766415274761504911217601845889297180502380682940729220082909033227913168,2026-07-22,True,True,True
0xb40e89677d59665d5188541ad860450a6e2a7cc9,95834552256857264566363800652370197597249574112570045045995229262758758129097,0xadf8378750b9344d63ee47e7740a1f48727cb285cf7e82c7dfa04d030f3f2ed9,47.1837,0.2424,11.4391,47.1601,35.7209,312.2677,47.1837,0.0,312.2678,0.9995,False,True,Will the highest temperature in Panama City be 30°C on July 22?,highest-temperature-in-panama-city-on-july-22-2026-30c,https://polymarket-upload.s3.us-east-2.amazonaws.com/panama-city-563f6ab7e6.jpg,727285,highest-temperature-in-panama-city-on-july-22-2026,Yes,0,No,8833975220434717532219763052458204805472520202759089624008894886343188422153,2026-07-22,True,True,True
0xb40e89677d59665d5188541ad860450a6e2a7cc9,25620559545222040103010069381486922186929131615596969082382382453777983907136,0x77f3db4b6dc47ceb3896063e7afcfb82e26ac0a66a78561ce8f56e81fa67d4bd,47.074,0.7512,35.364,34.5994,-0.7646,-2.162,47.074,0.0,-2.1621,0.735,False,True,Will the highest temperature in New York City be between 78-79°F on July 23?,highest-temperature-in-nyc-on-july-23-2026-78-79f,https://polymarket-upload.s3.us-east-2.amazonaws.com/test-nyc-weather-pciture-cgUEW73XBkei.jpg,731109,highest-temperature-in-nyc-on-july-23-2026,No,1,Yes,60789457368717481737907949433989323384324108237697017279658471036650294607524,2026-07-23,True,True,False
0xb40e89677d59665d5188541ad860450a6e2a7cc9,35144239610863809850864959091575427542522082673900901020105516060507580259427,0x3589336e312863114277d5b4bf163950cda81fdb2ffcd3cf528e4fec98e083ba,46.8828,0.881,41.305,46.8594,5.5543,13.447,46.8828,0.0,13.4472,0.9995,False,True,Will the highest temperature in New York City be between 82-83°F on July 22?,highest-temperature-in-nyc-on-july-22-2026-82-83f,https://polymarket-upload.s3.us-east-2.amazonaws.com/test-nyc-weather-pciture-cgUEW73XBkei.jpg,727274,highest-temperature-in-nyc-on-july-22-2026,No,1,Yes,64405787977789499712017248996539806521407129732704540771598684062673823826345,2026-07-22,True,True,True
0xb40e89677d59665d5188541ad860450a6e2a7cc9,46190429608193967026979487387785177886923895721792252213979655110281229415219,0x6cac4411b6ee5033d949f92ba6fc108448dd0ac47799615d2be208bdd4ceb859,46.8333,0.7693,36.0333,37.2324,1.199,3.3274,46.8333,0.0,3.3276,0.795,False,True,Will the highest temperature in New York City be between 82-83°F on July 23?,highest-temperature-in-nyc-on-july-23-2026-82-83f,https://polymarket-upload.s3.us-east-2.amazonaws.com/test-nyc-weather-pciture-cgUEW73XBkei.jpg,731109,highest-temperature-in-nyc-on-july-23-2026,No,1,Yes,94691813856317057208622740352171664019190497639277548594436202628704220994825,2026-07-23,True,True,False
0xb40e89677d59665d5188541ad860450a6e2a7cc9,113459845357076604415804764894878308689879525218259702139308575947295811837186,0x7ec5b5a93090adee7466ca490c932db5c2a21ef5a86e249c35706e5519a8ba62,46.82,0.1042,4.8819,2.5751,-2.3068,-47.2514,46.82,0.0,-47.2528,0.055,False,True,Will the highest temperature in Qingdao be 29°C on July 23?,highest-temperature-in-qingdao-on-july-23-2026-29c,https://polymarket-upload.s3.us-east-2.amazonaws.com/qingdao-64680595db.jpg,727823,highest-temperature-in-qingdao-on-july-23-2026,Yes,0,No,11047921991081591668496295145255615420820161367244670194544262319406677496323,2026-07-23,True,True,False
0xb40e89677d59665d5188541ad860450a6e2a7cc9,36705740675949529509315110479775903574931142523383470745155080256672002716865,0x6e9b6173f0dd396c2d076a9f067d3d0c7626b6f2ad3630827a308f879a91ed8d,46.3679,0.6925,32.1116,33.6167,1.505,4.6867,46.3679,0.0,4.6869,0.725,False,True,Will the highest temperature in San Francisco be between 70-71°F on July 23?,highest-temperature-in-san-francisco-on-july-23-2026-70-71f,https://polymarket-upload.s3.us-east-2.amazonaws.com/san-francisco-e705a842df.jpg,731118,highest-temperature-in-san-francisco-on-july-23-2026,No,1,Yes,6512487820445407345710157366994882838114026744839759696803719739528762238963,2026-07-23,True,True,False
0xb40e89677d59665d5188541ad860450a6e2a7cc9,55239385913829833580883449075905909557311872588736784947792146239636853340303,0x3ea591fe83d2c11601211649f89a5a8d44b3b83c79b5d91b1ce2989b004f3590,45.58,0.88,40.1104,44.7823,4.6719,11.6476,45.58,0.0,11.6476,0.9825,False,True,Will the highest temperature in New York City be between 84-85°F on July 23?,highest-temperature-in-nyc-on-july-23-2026-84-85f,https://polymarket-upload.s3.us-east-2.amazonaws.com/test-nyc-weather-pciture-cgUEW73XBkei.jpg,731109,highest-temperature-in-nyc-on-july-23-2026,No,1,Yes,7413638807677789654567012958824723111275337403530754189319384153061128498819,2026-07-23,True,True,True
0xb40e89677d59665d5188541ad860450a6e2a7cc9,76250939482193705192216603183762202807596091350169125288260727768560273254442,0xbe0d2a97447a2daeeb5e3c684685ef96d158710bf01abeab42d7e0887a0fbef2,45.3185,0.8937,40.5019,45.3185,4.8165,11.892,157.9635,-44.3502,-67.8989,1.0,True,False,Will the highest temperature in Singapore be 29°C on June 9?,highest-temperature-in-singapore-on-june-9-2026-29c,https://polymarket-upload.s3.us-east-2.amazonaws.com/singapore-4b057edc68.jpg,568046,highest-temperature-in-singapore-on-june-9-2026,No,1,Yes,77387326157417895936933407465351494635501398372707154904032170006767004268982,2026-06-09,True,True,True
0xb40e89677d59665d5188541ad860450a6e2a7cc9,89342613540191248582667685901533506136600479014947714400226435602053204526808,0x5b0cdafa46db44406d99d28cf22c1f1c908061f536d71fbac4579aa73587d360,45.0,0.4811,21.6499,18.225,-3.4249,-15.8194,45.0,0.0,-15.8198,0.405,False,True,Will the highest temperature in Austin be between 98-99°F on July 23?,highest-temperature-in-austin-on-july-23-2026-98-99f,https://polymarket-upload.s3.us-east-2.amazonaws.com/austin-b18a80e4a0.jpg,731114,highest-temperature-in-austin-on-july-23-2026,Yes,0,No,45131873997857785622845802632449791497369518619484219279673511478041582584937,2026-07-23,True,True,False
0xb40e89677d59665d5188541ad860450a6e2a7cc9,77077618040092147919984915905972820867396086330093805353101495153023685585831,0x58c6370a1527cca8d4332960cecb4b41b4a532f4158f74c1ca3a3480409bf8a5,44.54,0.337,15.0141,44.54,29.5258,196.6529,44.54,0.0,196.6531,1.0,True,True,Will the highest temperature in Jeddah be 44°C or higher on July 21?,highest-temperature-in-jeddah-on-july-21-2026-44corhigher,https://polymarket-upload.s3.us-east-2.amazonaws.com/jeddah-43fa85fbaf.jpg,720252,highest-temperature-in-jeddah-on-july-21-2026,Yes,0,No,48207697572244501460103409822132372729477003719505986750064528212475086579090,2026-07-21,True,True,True
0xb40e89677d59665d5188541ad860450a6e2a7cc9,99301223754022684295495477250429180163567090744449093928488600308625629490304,0x1a8956e9a426f1df4a37197f8df1c0354c84eaf6914a126796f514ffe88507ac,44.4277,0.6,26.66,44.4055,17.7454,66.5618,44.4277,0.0,66.5621,0.9995,False,True,Will the highest temperature in Sao Paulo be 28°C on July 22?,highest-temperature-in-sao-paulo-on-july-22-2026-28c,https://polymarket-upload.s3.us-east-2.amazonaws.com/sao paulo-7deca91e54.jpg,727263,highest-temperature-in-sao-paulo-on-july-22-2026,No,1,Yes,87209544732902862008525459173055139480521541354029170178741746269396430491287,2026-07-22,True,True,True
0xb40e89677d59665d5188541ad860450a6e2a7cc9,93898145939163637275292791981882790365767932708910261684890382419041407379160,0x423ff95430c681058d163dc392bb01ae491ede52805aa7897c3b77c7384fec4b,44.095,0.6687,29.4875,26.2365,-3.251,-11.0249,44.095,0.0,-11.0251,0.595,False,True,Will the highest temperature in Dallas be between 100-101°F on July 23?,highest-temperature-in-dallas-on-july-23-2026-100-101f,https://polymarket-upload.s3.us-east-2.amazonaws.com/highest-temperature-in-dallas-on-december-5-m1XZuVxmKEs_.jpg,731110,highest-temperature-in-dallas-on-july-23-2026,No,1,Yes,112730829257736449256691668325169737219434872641507628171222368740881189196021,2026-07-23,True,True,False
0xb40e89677d59665d5188541ad860450a6e2a7cc9,99587956273577978028545057583166033139768174671226072663433967937238568429269,0xa059f24d9a9db56bf611c999ab739f0f84b90196957c4ec8db4739b5d1cfefd5,44.0,0.3409,14.9999,0.0,-14.9999,-99.9993,44.0,0.0,-100.0,0.0,True,False,Will the highest temperature in Panama City be 31°C on July 11?,highest-temperature-in-panama-city-on-july-11-2026-31c,https://polymarket-upload.s3.us-east-2.amazonaws.com/panama-city-563f6ab7e6.jpg,686148,highest-temperature-in-panama-city-on-july-11-2026,Yes,0,No,99805534987837104212517721734941566097928202231713207407414685516173399786351,2026-07-11,True,True,True
0xb40e89677d59665d5188541ad860450a6e2a7cc9,22252281100762930703001194601434835609350151895813632395406799186058140498438,0xf5380fa6bac399c2cd279b100817b0a210d2bd8034609e09860112f1aca31c19,43.75,0.025,1.0937,0.5468,-0.5469,-50.0022,43.75,0.0,-50.0068,0.0125,False,True,Will the highest temperature in New York City be between 86-87°F on July 23?,highest-temperature-in-nyc-on-july-23-2026-86-87f,https://polymarket-upload.s3.us-east-2.amazonaws.com/test-nyc-weather-pciture-cgUEW73XBkei.jpg,731109,highest-temperature-in-nyc-on-july-23-2026,Yes,0,No,105274530166057270366475339044470884789034883223742640468847333196753504157277,2026-07-23,True,True,True
0xb40e89677d59665d5188541ad860450a6e2a7cc9,70137624592358153535686560283587635875729148255793964330286374874435325142475,0xc2d034f7afa393444688a8a1f4111dce744aad5dfc9fc6971e8af668b65efa83,43.4473,0.17,7.3862,0.0,-7.3862,-99.9992,168.4,41.2337,-100.0,0.0,True,False,Will the highest temperature in Beijing be 31°C on July 7?,highest-temperature-in-beijing-on-july-7-2026-31c,https://polymarket-upload.s3.us-east-2.amazonaws.com/beijing-5f83769b5a.jpg,668431,highest-temperature-in-beijing-on-july-7-2026,Yes,0,No,1519942041115845107256969056737203112854209008832893456224621120572776785844,2026-07-07,True,True,True
0xb40e89677d59665d5188541ad860450a6e2a7cc9,11580156345651368120294950058247423385523788510583230019237223296975681004583,0x120c4bbde90c200af6c61f3bfe8fc4c8b8b006e13937ca841dd12b6c4c82706c,43.3945,0.0915,3.9733,3.4715,-0.5018,-12.629,43.3945,0.0,-12.6311,0.08,False,True,Will the highest temperature in Warsaw be 21°C on July 23?,highest-temperature-in-warsaw-on-july-23-2026-21c,https://polymarket-upload.s3.us-east-2.amazonaws.com/warsaw-7f43eebaf6.jpg,727808,highest-temperature-in-warsaw-on-july-23-2026,Yes,0,No,110869172182416156109069056747340649193930078496999599866265287465436425297469,2026-07-23,True,True,False
0xb40e89677d59665d5188541ad860450a6e2a7cc9,45285306389611676047422785169102135772006890429081839113336539630257414790509,0x96469b01709e7aa5e36c18dd465403d2483d5bedf0358780e9d7105172b764fe,43.25,0.031,1.3407,0.0,-1.3407,-99.9962,43.25,0.0,-100.0,0.0,True,False,Will the highest temperature in London be 26°C on July 15?,highest-temperature-in-london-on-july-15-2026-26c,https://polymarket-upload.s3.us-east-2.amazonaws.com/highest-temperature-in-london-on-jan-22-eouu0bkjph8i.jpg,697501,highest-temperature-in-london-on-july-15-2026,Yes,0,No,106736725757067875077090935098804065351152396757316007610079743256134545444871,2026-07-15,True,True,True
0xb40e89677d59665d5188541ad860450a6e2a7cc9,57998720216226705414717316023717583534684946042842297100431496168621119283455,0x874a3a93dd78e444b18f1ce78bb86623b40af4dbef2789a674c4ce3ddd24322d,42.9199,0.7949,34.1194,35.8381,1.7186,5.037,42.9199,0.0,5.0372,0.835,False,True,Will the highest temperature in Taipei be 36°C on July 23?,highest-temperature-in-taipei-on-july-23-2026-36c,https://polymarket-upload.s3.us-east-2.amazonaws.com/taipei-06ae1cc294.jpg,727809,highest-temperature-in-taipei-on-july-23-2026,No,1,Yes,22259678902644170824842479882858890766594818933190524525042162514784527252055,2026-07-23,True,True,False
0xb40e89677d59665d5188541ad860450a6e2a7cc9,79344451549157478596308994679859929864897892419115522215442168794080714502866,0x26d0adea94340ccf63d5ae1c79269f66d79341fc21e8950597f193c2436af6c5,42.6121,0.0763,3.2553,0.0213,-3.234,-99.3452,42.6121,0.0,-99.3456,0.0005,False,True,Will the highest temperature in Panama City be 29°C on July 22?,highest-temperature-in-panama-city-on-july-22-2026-29c,https://polymarket-upload.s3.us-east-2.amazonaws.com/panama-city-563f6ab7e6.jpg,727285,highest-temperature-in-panama-city-on-july-22-2026,Yes,0,No,94259439177959182803399031707601659685566737889175466339735595507131273714272,2026-07-22,True,True,True
0xb40e89677d59665d5188541ad860450a6e2a7cc9,73572728197103650339458185907168999037693906087401100115923523072662998364737,0xde7bf14abeb32275abe19e0b86d05905c98075fb9cb057fb85720e5db3bccf9c,42.32,0.87,36.8183,36.3952,-0.4231,-1.1491,42.32,0.0,-1.1494,0.86,False,True,Will the highest temperature in Seattle be between 80-81°F on July 23?,highest-temperature-in-seattle-on-july-23-2026-80-81f,https://polymarket-upload.s3.us-east-2.amazonaws.com/highest-temperature-in-seattle-on-december-5-mjogoGN44OY4.jpg,731108,highest-temperature-in-seattle-on-july-23-2026,No,1,Yes,95547443051485418033169888220215447919522503203259462435607653281450673150747,2026-07-23,True,True,False
0xb40e89677d59665d5188541ad860450a6e2a7cc9,37469879496658607922018165407198235314043644655198867205014601362822127375031,0xe101ca02df471603a7428dfb5a896963602b924074b8c26452f84307793b3dfb,41.9938,0.7888,33.1276,30.0255,-3.1021,-9.364,41.9938,0.0,-9.3642,0.715,False,True,Will the highest temperature in Manila be 32°C on July 23?,highest-temperature-in-manila-on-july-23-2026-32c,https://polymarket-upload.s3.us-east-2.amazonaws.com/manila-1586e292d0.jpg,727824,highest-temperature-in-manila-on-july-23-2026,No,1,Yes,59379489228171306097593345009344735976754920090228821331760425248752282738655,2026-07-23,True,True,False
0xb40e89677d59665d5188541ad860450a6e2a7cc9,72280317346669080749848273625078907848328897854319437678108386618081050974479,0x44bb2fa0afb601bd630ca2c69c5e0fb1140b9de22b8f08282f24830ca1509362,41.6295,0.031,1.2905,0.0,-1.2905,-99.9987,41.6295,0.0,-100.0,0.0,True,False,Will the highest temperature in Wellington be 15°C on July 19?,highest-temperature-in-wellington-on-july-19-2026-15c,https://polymarket-upload.s3.us-east-2.amazonaws.com/highest-temperature-in-wellington-on-january-18-9V6hoMZlkY2N.jpg,712458,highest-temperature-in-wellington-on-july-19-2026,Yes,0,No,15618003567015240767698499389756145411814617894679609017667295238560541846966,2026-07-19,True,True,True
0xb40e89677d59665d5188541ad860450a6e2a7cc9,1674329732931055667597776332978887077442027429992691954382852088323736592387,0xeb1f4abd40faa8f684a7c7823017250ff50ef01017d3f20bf5060a304b74652c,41.5765,0.1198,4.9809,0.0,-4.9809,-99.998,262.6399,84.0476,-100.0,0.0,True,False,Will the highest temperature in Shanghai be 37°C on July 7?,highest-temperature-in-shanghai-on-july-7-2026-37c,https://polymarket-upload.s3.us-east-2.amazonaws.com/shanghai-98a00e357b.png,668424,highest-temperature-in-shanghai-on-july-7-2026,Yes,0,No,18971453652718474865222491401896659161139990905716878801762124481965012505189,2026-07-07,True,True,True
0xb40e89677d59665d5188541ad860450a6e2a7cc9,58845329999558517109942755926958104119152144096634168341944255214588389080699,0x384a816d98479a76c6cb74c82c72e99b9964758af02109e2ab092375322b78d6,41.5741,0.4578,19.0353,0.0,-19.0353,-99.9995,228.3841,7.871,-100.0,0.0,True,False,Will the highest temperature in Dallas be between 98-99°F on July 6?,highest-temperature-in-dallas-on-july-6-2026-98-99f,https://polymarket-upload.s3.us-east-2.amazonaws.com/highest-temperature-in-dallas-on-december-5-m1XZuVxmKEs_.jpg,667965,highest-temperature-in-dallas-on-july-6-2026,No,1,Yes,15143619991758179129699334310262001376852243333877273904125261006500495389828,2026-07-06,True,True,True
0xb40e89677d59665d5188541ad860450a6e2a7cc9,106837982564482491986443000892961509373948923271108235547689614155450158549233,0xe04249ec47d41095aa59ef3c7ce6e17d0c874c7933d1be75d99fb8bf3fbc0674,41.25,0.26,10.725,11.7521,1.0271,9.5766,41.25,0.0,9.5766,0.2849,False,True,Will the highest temperature in Milan be 32°C on July 23?,highest-temperature-in-milan-on-july-23-2026-32c,https://polymarket-upload.s3.us-east-2.amazonaws.com/milan-dba8e5d984.jpg,727806,highest-temperature-in-milan-on-july-23-2026,Yes,0,No,33413249226496676136152398272931348866094621952938023990286699242662917400871,2026-07-23,True,True,False
0xb40e89677d59665d5188541ad860450a6e2a7cc9,111326348233171158303901373025181285366499833709996138298425191277912723695616,0x4b4c14ec6b6558d68c33cb4eac636d753d67f23675399516c53faaa3d2aa45b6,41.25,0.342,14.1091,11.3437,-2.7654,-19.6,41.25,0.0,-19.6004,0.275,False,True,Will the highest temperature in Dallas be between 98-99°F on July 23?,highest-temperature-in-dallas-on-july-23-2026-98-99f,https://polymarket-upload.s3.us-east-2.amazonaws.com/highest-temperature-in-dallas-on-december-5-m1XZuVxmKEs_.jpg,731110,highest-temperature-in-dallas-on-july-23-2026,Yes,0,No,38263645387846207916103692155999210837188819662035092882808206897290077207548,2026-07-23,True,True,False
0xb40e89677d59665d5188541ad860450a6e2a7cc9,103430198822698343986614212345900537147252806108606901926551025138362758240601,0xb404dfca5bf61b824b9540553810bbb753b8195cc9baa7e6c16b9794ed73eb1a,41.0,0.556,22.7999,23.985,1.185,5.1973,41.0,0.0,5.1974,0.585,False,True,Will the highest temperature in Denver be between 86-87°F on July 23?,highest-temperature-in-denver-on-july-23-2026-86-87f,https://polymarket-upload.s3.us-east-2.amazonaws.com/denver-c2951e9cad.jpg,731115,highest-temperature-in-denver-on-july-23-2026,No,1,Yes,49064355832646387888719185521185842053727301560599196711185403575667357838734,2026-07-23,True,True,False
0xb40e89677d59665d5188541ad860450a6e2a7cc9,45131873997857785622845802632449791497369518619484219279673511478041582584937,0x5b0cdafa46db44406d99d28cf22c1f1c908061f536d71fbac4579aa73587d360,40.6122,0.5124,20.8122,24.1642,3.3519,16.1054,40.6122,0.0,16.1057,0.595,False,True,Will the highest temperature in Austin be between 98-99°F on July 23?,highest-temperature-in-austin-on-july-23-2026-98-99f,https://polymarket-upload.s3.us-east-2.amazonaws.com/austin-b18a80e4a0.jpg,731114,highest-temperature-in-austin-on-july-23-2026,No,1,Yes,89342613540191248582667685901533506136600479014947714400226435602053204526808,2026-07-23,True,True,False
0xb40e89677d59665d5188541ad860450a6e2a7cc9,44971448127715145374487584544960544509810034399079752949013317837915608824096,0xe259901e8f2d46cb4149dd5d5f0a466ceb97a65274dd0d176c9129b82854fab1,40.54,0.6846,27.7547,23.3104,-4.4443,-16.0127,40.54,0.0,-16.0128,0.575,False,True,Will the highest temperature in Houston be between 90-91°F on July 23?,highest-temperature-in-houston-on-july-23-2026-90-91f,https://polymarket-upload.s3.us-east-2.amazonaws.com/houston-ef6084a9ac.jpg,731116,highest-temperature-in-houston-on-july-23-2026,No,1,Yes,52524679111732634446235230799140009822071087100814678339397269785534427750796,2026-07-23,True,True,False
0xb40e89677d59665d5188541ad860450a6e2a7cc9,56737090007005042963990292134952281478028164747284794362750638408123126859114,0x3f7758598e34c68e02103decf9c61f270ac4c1b101a955df73a4f89055f9fd65,40.4973,0.3654,14.8001,0.1417,-14.6584,-99.0419,40.4973,0.0,-99.0425,0.0035,False,True,Will the highest temperature in Mexico City be 27°C on July 22?,highest-temperature-in-mexico-city-on-july-22-2026-27c,https://polymarket-upload.s3.us-east-2.amazonaws.com/mexico-city-e64e24d13b.jpg,727284,highest-temperature-in-mexico-city-on-july-22-2026,No,1,Yes,39669156035066400281355734114475043932623594019260707795792389930298570695971,2026-07-22,True,True,True
0xb40e89677d59665d5188541ad860450a6e2a7cc9,14143804955580186657349826720513674963731697076745533857178846787593186673133,0x0c8a7962df17202cb081d793ecc19fb04e0c1e3e52448aafcb81bc71859b4177,40.0,0.011,0.4399,0.0,-0.4399,-99.9772,40.0,0.0,-100.0,0.0,True,False,Will the highest temperature in Seoul be 30°C on July 21?,highest-temperature-in-seoul-on-july-21-2026-30c,https://polymarket-upload.s3.us-east-2.amazonaws.com/highest-temperature-in-seoul-on-december-6-WzqtMeHg43n4.jpg,720227,highest-temperature-in-seoul-on-july-21-2026,Yes,0,No,54571771652896384132352484144051611333762551330947996154629841208991050851836,2026-07-21,True,True,True
0xb40e89677d59665d5188541ad860450a6e2a7cc9,27361981927035217536992676705784317145719206339295070431158586097103760394084,0x521062c685cf566154e914264e96071ae9f4e6eb24449d07ca6eb959c6bb02fd,39.9815,0.62,24.7915,25.1883,0.3967,1.6001,39.9815,0.0,1.6003,0.63,False,True,Will the highest temperature in Miami be between 90-91°F on July 23?,highest-temperature-in-miami-on-july-23-2026-90-91f,https://polymarket-upload.s3.us-east-2.amazonaws.com/highest-temperature-in-miami-on-december-5-fjW5d7xet1Aq.jpg,731112,highest-temperature-in-miami-on-july-23-2026,No,1,Yes,66419355667488785857044722673234284819356578508437463254352128905015001030776,2026-07-23,True,True,False
0xb40e89677d59665d5188541ad860450a6e2a7cc9,50272614984083904767824615725629236114640982649886904946050104309988143927972,0x29cbc64301aa17a87751226fb3bf1817c1643fe791791897859fbf7507304d8e,39.6969,0.1697,6.7381,0.0198,-6.7183,-99.7058,39.6969,0.0,-99.7061,0.0005,False,True,Will the highest temperature in London be 23°C on July 22?,highest-temperature-in-london-on-july-22-2026-23c,https://polymarket-upload.s3.us-east-2.amazonaws.com/highest-temperature-in-london-on-jan-22-eouu0bkjph8i.jpg,723997,highest-temperature-in-london-on-july-22-2026,Yes,0,No,106706497379509201406270889067995733533009502745683239375341708287283133634877,2026-07-22,True,True,True
0xb40e89677d59665d5188541ad860450a6e2a7cc9,100083156735333395444551148845428324635310484570500275053474060784001345631810,0x206c637235fb8142c553ac8e9f4653f12cd356799b11d2467b3e737577cabef2,39.2346,0.1285,5.0446,6.0813,1.0366,20.5485,39.2346,0.0,20.5497,0.155,False,True,Will the highest temperature in Panama City be 27°C on July 23?,highest-temperature-in-panama-city-on-july-23-2026-27c,https://polymarket-upload.s3.us-east-2.amazonaws.com/panama-city-563f6ab7e6.jpg,731120,highest-temperature-in-panama-city-on-july-23-2026,Yes,0,No,38929379184730367093799315520977146504189959721262149787955464351400789368575,2026-07-23,True,True,False
0xb40e89677d59665d5188541ad860450a6e2a7cc9,1932837222869987029296423762387663368554810049877266314850280574656203790458,0x98722bfc2c9df08bf7f8cdf9ed04c2d66369a2655adb7c23557e8d2da045b0f0,38.92,0.867,33.7436,31.097,-2.6466,-7.8432,38.92,0.0,-7.8433,0.799,False,False,Will the highest temperature in Guangzhou be 37°C on July 23?,highest-temperature-in-guangzhou-on-july-23-2026-37c,https://polymarket-upload.s3.us-east-2.amazonaws.com/guangzhou-432bb47dad.jpg,727822,highest-temperature-in-guangzhou-on-july-23-2026,No,1,Yes,93541770252557460612966595721211152784985269317757369007397029513308446049087,2026-07-23,True,True,False
0xb40e89677d59665d5188541ad860450a6e2a7cc9,114382144432333145096750392989647445871005888677552838895480781209510394046695,0x5142d3f770b52314fd5505ea3467fbd50e79a4f9b4ff70265b6b96e33748bb5b,38.89,0.8571,33.3341,32.6676,-0.6665,-1.9994,38.89,0.0,-1.9996,0.84,False,True,Will the highest temperature in Amsterdam be 21°C on July 23?,highest-temperature-in-amsterdam-on-july-23-2026-21c,https://polymarket-upload.s3.us-east-2.amazonaws.com/amsterdam-02ab78335a.jpg,727818,highest-temperature-in-amsterdam-on-july-23-2026,No,1,Yes,23250170748795358704589829786573169100788176003641739181809108050655067303145,2026-07-23,True,True,False
0xb40e89677d59665d5188541ad860450a6e2a7cc9,1070394855333624873004062753582328487837924344344608100022243075606188188510,0x6d67bff9ed0e0d509a26333f4a09bf1bec81465e76c53c45418a3685f3d448d1,38.5128,0.2664,10.2632,10.9723,0.709,6.9081,38.5128,0.0,6.9082,0.2849,False,True,Will the highest temperature in Denver be between 88-89°F on July 23?,highest-temperature-in-denver-on-july-23-2026-88-89f,https://polymarket-upload.s3.us-east-2.amazonaws.com/denver-c2951e9cad.jpg,731115,highest-temperature-in-denver-on-july-23-2026,Yes,0,No,51615431741654033304460374814614022950101261305539798546768262136148476098904,2026-07-23,True,True,False
0xb40e89677d59665d5188541ad860450a6e2a7cc9,42112284700042152427980164817528310644965832297314580910958912493603119902973,0x6a0b69118c8341b404406591e69b1bfd97ad0846b0c4217f4da778906443502e,38.3582,0.1651,6.333,0.0,-6.333,-99.9988,241.12,67.9043,-100.0,0.0,True,False,Will the highest temperature in Shenzhen be 30°C on July 7?,highest-temperature-in-shenzhen-on-july-7-2026-30c,https://polymarket-upload.s3.us-east-2.amazonaws.com/shenzhen-cf834873c6.jpg,668434,highest-temperature-in-shenzhen-on-july-7-2026,Yes,0,No,57519407261571750091406568448489332787376846598626060703263230029023864955303,2026-07-07,True,True,True
0xb40e89677d59665d5188541ad860450a6e2a7cc9,50171425805410371171948756485032085270928330599151012106662453197819213304003,0xc13518bd4a11e16ead5e26c9311b162c48ede20a6695257b48f800dd6d4e49f8,37.9247,0.2967,11.2547,11.567,0.3122,2.7739,37.9247,0.0,2.7748,0.305,False,True,Will the highest temperature in Beijing be 30°C on July 23?,highest-temperature-in-beijing-on-july-23-2026-30c,https://polymarket-upload.s3.us-east-2.amazonaws.com/beijing-5f83769b5a.jpg,727811,highest-temperature-in-beijing-on-july-23-2026,Yes,0,No,85707354903122845309847008964420979182936127197042229421909875990371689823123,2026-07-23,True,True,False
0xb40e89677d59665d5188541ad860450a6e2a7cc9,8748811260925700502964682922981622813090810028959642078643949101605079235226,0x12e973ad4e4b28094e0b181d6b2c26e6196b447ce41f593895c229f9d32fa946,37.5,0.8666,32.4999,34.5,2.0,6.1538,37.5,0.0,6.1539,0.92,False,True,Will the highest temperature in Istanbul be 26°C on July 23?,highest-temperature-in-istanbul-on-july-23-2026-26c,https://polymarket-upload.s3.us-east-2.amazonaws.com/istanbul-dc72177e0c.jpg,727816,highest-temperature-in-istanbul-on-july-23-2026,No,1,Yes,58840834147674264830654611752411838008808524406750523643988712180405983399524,2026-07-23,True,True,False
0xb40e89677d59665d5188541ad860450a6e2a7cc9,90194095744241869593500134264147868848996022891411685755357889457878876809613,0x677f91894eb3c9c1bd4ac0ca2fed020d0cd3a15b72e185c45da5a156bfa5fa65,37.4957,0.6027,22.6001,21.1813,-1.4188,-6.2778,37.4957,0.0,-6.2781,0.5649,False,True,Will the highest temperature in Moscow be 22°C on July 23?,highest-temperature-in-moscow-on-july-23-2026-22c,https://polymarket-upload.s3.us-east-2.amazonaws.com/moscow-4addd6349b.jpg,727815,highest-temperature-in-moscow-on-july-23-2026,No,1,Yes,39487339457574160003819652221594010970384309811606492997575963947112911744563,2026-07-23,True,True,False
0xb40e89677d59665d5188541ad860450a6e2a7cc9,101635654079327300461388080264542956526426871299762458212806110934100540668599,0x521a6df9186c0a4aed88a1a37ea089781bed8fda0a1d8ac5ccf3f448c6612ca9,37.43,0.9141,34.2178,37.3738,3.1559,9.2229,37.43,0.0,9.2231,0.9985,False,True,Will the highest temperature in Dallas be between 110-111°F on July 22?,highest-temperature-in-dallas-on-july-22-2026-110-111f,https://polymarket-upload.s3.us-east-2.amazonaws.com/highest-temperature-in-dallas-on-december-5-m1XZuVxmKEs_.jpg,727275,highest-temperature-in-dallas-on-july-22-2026,No,1,Yes,97125087439227766488193951407624050083729597424434473765710858399726553461098,2026-07-22,True,True,True
0xb40e89677d59665d5188541ad860450a6e2a7cc9,56547907244595057610173226906983506373492804297476416239672038728147163458762,0x9ecfe3c43bd3102e391b91a8d24afa770f19ab919673d6a345358d1dad805ee4,37.28,0.91,33.9248,34.1112,0.1863,0.5491,37.28,0.0,0.5494,0.915,False,True,Will the highest temperature in Los Angeles be between 84-85°F on July 23?,highest-temperature-in-los-angeles-on-july-23-2026-84-85f,https://polymarket-upload.s3.us-east-2.amazonaws.com/los-angeles-cdae9380c7.jpg,731117,highest-temperature-in-los-angeles-on-july-23-2026,No,1,Yes,94207390568672117230402120281520640243012767428868417510813662218872972887630,2026-07-23,True,True,False
0xb40e89677d59665d5188541ad860450a6e2a7cc9,82671804487105491497719934789646241755903339505457952843791492577624644134443,0xac51089920fdc2da30cfb1bbbfa65fc84b05889109e38004ae59bea40eb8aeea,37.24,0.9165,34.1307,37.2213,3.0905,9.0548,37.24,0.0,9.0548,0.9995,False,True,Will the highest temperature in Toronto be 19°C on July 22?,highest-temperature-in-toronto-on-july-22-2026-19c,https://polymarket-upload.s3.us-east-2.amazonaws.com/highest-temperature-in-toronto-on-december-6-ZHBngGPj9GGd.jpg,727265,highest-temperature-in-toronto-on-july-22-2026,No,1,Yes,100387458681597741981203287247514923594466885932887674454779607757686474968027,2026-07-22,True,True,True
0xb40e89677d59665d5188541ad860450a6e2a7cc9,75478545954341308943969333359354965183882940164933991320638180168866191873493,0xccc7b9f7c587e851b1f6b2dbcfd800d1e4e268efd9a972c0a0bed3f2dd12c6bf,37.1906,0.8668,32.24,30.4963,-1.7437,-5.4084,37.1906,0.0,-5.4087,0.82,False,True,Will the highest temperature in Dallas be between 102-103°F on July 23?,highest-temperature-in-dallas-on-july-23-2026-102-103f,https://polymarket-upload.s3.us-east-2.amazonaws.com/highest-temperature-in-dallas-on-december-5-m1XZuVxmKEs_.jpg,731110,highest-temperature-in-dallas-on-july-23-2026,No,1,Yes,5476898002862066529664736653618388944450829067108370826283588208040849094042,2026-07-23,True,True,False
0xb40e89677d59665d5188541ad860450a6e2a7cc9,90457618668178295561017308533162252078031979844986541997408049709736686209087,0xfcb2b2a15448682341ec5685813bd31787346c0709045b652f94b8ef41f47f23,36.77,0.9159,33.6783,33.6445,-0.0338,-0.1003,36.77,0.0,-0.1005,0.915,False,True,Will the highest temperature in Beijing be 27°C on July 23?,highest-temperature-in-beijing-on-july-23-2026-27c,https://polymarket-upload.s3.us-east-2.amazonaws.com/beijing-5f83769b5a.jpg,727811,highest-temperature-in-beijing-on-july-23-2026,No,1,Yes,21105701447953732612337735243071113495475383866112297665872627699805582980341,2026-07-23,True,True,False
0xb40e89677d59665d5188541ad860450a6e2a7cc9,72552284262450283122403601371267298920386031013681555039573237990319438277155,0xc10529d2812e23adf5b9b9850fb6755bb7b9abddd59ec3ccc7dab5c914dbc7cc,36.7538,0.0579,2.1297,0.0,-2.1297,-99.9965,36.7538,0.0,-100.0,0.0,True,False,Will the highest temperature in Taipei be 38°C on June 19?,highest-temperature-in-taipei-on-june-19-2026-38c,https://polymarket-upload.s3.us-east-2.amazonaws.com/taipei-06ae1cc294.jpg,603549,highest-temperature-in-taipei-on-june-19-2026,Yes,0,No,55426006073793809693279160472963864793704185090510583950750342416146596594170,2026-06-19,True,True,True
0xb40e89677d59665d5188541ad860450a6e2a7cc9,91370601711775004156631118670078166698000149253045188201416538125437513292577,0xba92e55e7da992d31247ea11002b0a88cfb6215381a47be9dbfcee27c73c6882,36.6065,0.0851,3.1161,2.5624,-0.5537,-17.7685,36.6065,0.0,-17.7709,0.07,False,True,Will the highest temperature in Singapore be 32°C on July 23?,highest-temperature-in-singapore-on-july-23-2026-32c,https://polymarket-upload.s3.us-east-2.amazonaws.com/singapore-4b057edc68.jpg,727805,highest-temperature-in-singapore-on-july-23-2026,Yes,0,No,92324275815401718664199728124042118661989602312778543043040080333481625963419,2026-07-23,True,True,False
0xb40e89677d59665d5188541ad860450a6e2a7cc9,59778436363850758239120923706196998207802436397547762641804915725598964751130,0x8de340f075224a95630b3e33359be81e74959cc7202a0a72f3827a293b8c25f7,36.2863,0.6189,22.4606,23.7675,1.3068,5.8181,36.2863,0.0,5.8183,0.655,False,True,Will the highest temperature in Madrid be 38°C on July 23?,highest-temperature-in-madrid-on-july-23-2026-38c,https://polymarket-upload.s3.us-east-2.amazonaws.com/madrid-84bf84053b.jpg,727807,highest-temperature-in-madrid-on-july-23-2026,Yes,0,No,17719925723687929135842967134210685487660085072798519162363080288186453772486,2026-07-23,True,True,False
0xb40e89677d59665d5188541ad860450a6e2a7cc9,23670623407257963790310512097315989323135153764621188658241188026457230637156,0xe462471c6755deabfac55e728cbb2f5e784dca6f888bf3594555c5bcf62a045e,36.27,0.031,1.1243,0.0,-1.1243,-99.9937,36.27,0.0,-100.0,0.0,True,False,Will the highest temperature in New York City be between 84-85°F on June 30?,highest-temperature-in-nyc-on-june-30-2026-84-85f,https://polymarket-upload.s3.us-east-2.amazonaws.com/test-nyc-weather-pciture-cgUEW73XBkei.jpg,646276,highest-temperature-in-nyc-on-june-30-2026,Yes,0,No,33723707703079086557731823970015458585900653756288308184794580433871470349497,2026-06-30,True,True,True
0xb40e89677d59665d5188541ad860450a6e2a7cc9,38753399629315079986654560375482798964391101398135321810224192800888051625180,0x00eb04cdf47cb9d6d03cd2ef1eacc39bf33151eb05d285a4fa4c68062ee99e25,36.24,0.9437,34.2,36.2218,2.0217,5.9113,36.24,0.0,5.9115,0.9995,False,True,Will the highest temperature in Buenos Aires be 16°C on July 22?,highest-temperature-in-buenos-aires-on-july-22-2026-16c,https://polymarket-upload.s3.us-east-2.amazonaws.com/will-the-highest-temperature-in-buenos-aires-be-32-c-or-higher-on-december-6-etNh-JFGhdrt.jpg,727264,highest-temperature-in-buenos-aires-on-july-22-2026,No,1,Yes,8667068930229834583462069628295560962990388570332150292668630292143422462023,2026-07-22,True,True,True
0xb40e89677d59665d5188541ad860450a6e2a7cc9,45578440884196278633612564141543049535796277173727692488132202610974256803713,0x8eb0a90cb945faef031d941a83c3d981373f580c63bb95fecd7a6aef8f5cd0a8,35.97,0.7852,28.2468,28.2364,-0.0104,-0.0368,35.97,0.0,-0.0371,0.785,False,True,Will the highest temperature in Lucknow be 31°C on July 23?,highest-temperature-in-lucknow-on-july-23-2026-31c,https://polymarket-upload.s3.us-east-2.amazonaws.com/lucknow-0163e1bfc4.jpg,727978,highest-temperature-in-lucknow-on-july-23-2026,No,1,Yes,97770024069736216824599942212688132306974736882245334545944249099620235722738,2026-07-23,True,True,False
0xb40e89677d59665d5188541ad860450a6e2a7cc9,53605812454830618169320617857232331600111976754728926735593959787787454147834,0x3a6d3a53c50b23cf3bdc5e1aaa327593d5c5036f88b498b8082d3cedfed5a3b9,35.8638,0.1958,7.0238,8.9659,1.942,27.6487,35.8638,0.0,27.6498,0.25,False,True,Will the highest temperature in Houston be between 88-89°F on July 23?,highest-temperature-in-houston-on-july-23-2026-88-89f,https://polymarket-upload.s3.us-east-2.amazonaws.com/houston-ef6084a9ac.jpg,731116,highest-temperature-in-houston-on-july-23-2026,Yes,0,No,55490000492976163243016614284447049022003166775216020735132366513899974235093,2026-07-23,True,True,False
0xb40e89677d59665d5188541ad860450a6e2a7cc9,5642971520196961200500359078701883855889724304539249838753016916501594875259,0x955bd578d6d2ea1a012e5d1512f7b842d7c88f2ae7c752ac50b84c660d5b68d9,35.3635,0.1552,5.4885,0.0,-5.4885,-99.9989,242.8434,49.1634,-100.0,0.0,True,False,Will the highest temperature in Tel Aviv be 30°C on July 7?,highest-temperature-in-tel-aviv-on-july-7-2026-30c,https://polymarket-upload.s3.us-east-2.amazonaws.com/tel-aviv-8a93e4dc2b.jpg,668421,highest-temperature-in-tel-aviv-on-july-7-2026,Yes,0,No,104066880401494684112642827586008592710826844719312871495421580632697153360600,2026-07-07,True,True,True
0xb40e89677d59665d5188541ad860450a6e2a7cc9,63787466376586247670903870408108085674066774088595804559687885001384408755505,0x7a3a449b8b7da3c3229dd5fbcfbfebeccf35de1c097b9874e1fc7e2105d2adbb,34.67,0.944,32.7293,34.6526,1.9232,5.876,34.67,0.0,5.8762,0.9995,False,False,Will the highest temperature in Toronto be 24°C on July 22?,highest-temperature-in-toronto-on-july-22-2026-24c,https://polymarket-upload.s3.us-east-2.amazonaws.com/highest-temperature-in-toronto-on-december-6-ZHBngGPj9GGd.jpg,727265,highest-temperature-in-toronto-on-july-22-2026,No,1,Yes,63286616909185035264923909740492832998841085472380057943671779401997768144272,2026-07-22,True,True,True
0xb40e89677d59665d5188541ad860450a6e2a7cc9,32725024742470568127821571629050020658435831376796746294634567049848829929461,0xf3626e342aea1ac6e2c0da26869cfb1b978ba6617cc5755a2161d4e7827ca255,34.6599,0.0985,3.4159,0.0173,-3.3986,-99.492,34.6599,0.0,-99.4935,0.0005,False,True,Will the highest temperature in Denver be between 88-89°F on July 22?,highest-temperature-in-denver-on-july-22-2026-88-89f,https://polymarket-upload.s3.us-east-2.amazonaws.com/denver-c2951e9cad.jpg,727280,highest-temperature-in-denver-on-july-22-2026,Yes,0,No,58689337379856627059546918840446178011649356043938364923504902754082706109181,2026-07-22,True,True,True
0xb40e89677d59665d5188541ad860450a6e2a7cc9,54364548508918523368328273386118251529838025074309771772465457147488646717156,0xde0095dae0824b19edfeb7ddd76a9eb840a2e4c331c9c135bf68cfe7695006f9,34.3592,0.4514,15.5113,19.2412,3.7298,24.0456,34.3592,0.0,24.046,0.56,False,True,Will the highest temperature in Busan be 33°C on July 23?,highest-temperature-in-busan-on-july-23-2026-33c,https://polymarket-upload.s3.us-east-2.amazonaws.com/busan-ac26e40e59.jpg,727817,highest-temperature-in-busan-on-july-23-2026,No,1,Yes,87538628750509407554125411254727647946397320235585593384275578622169192063110,2026-07-23,True,True,False
0xb40e89677d59665d5188541ad860450a6e2a7cc9,25126716694572559985057434304411419529246345130810899849182960630527543649502,0xedf30f8432b1083e3a8c27a9094d1ea6366c23db2b92af318e9c7927cc779b20,34.27,0.034,1.1651,0.0,-1.1651,-99.9931,34.27,0.0,-100.0,0.0,True,False,Will the highest temperature in Miami be between 86-87°F on July 5?,highest-temperature-in-miami-on-july-5-2026-86-87f,https://polymarket-upload.s3.us-east-2.amazonaws.com/highest-temperature-in-miami-on-december-5-fjW5d7xet1Aq.jpg,664386,highest-temperature-in-miami-on-july-5-2026,Yes,0,No,40208003625720774048705992320563266165722408064120289065092852791252502574807,2026-07-05,True,True,True
0xb40e89677d59665d5188541ad860450a6e2a7cc9,90704497602802566138977473691594506520271386712574669910928205401081897322329,0x98a031949dda8dc9e2113ae809931173b7494a96bd15d912e4bec23ed6ccdfcb,33.8596,0.3103,10.5095,14.0517,3.5421,33.7034,33.8596,0.0,33.7035,0.415,False,True,Will the highest temperature in Shanghai be 35°C on July 23?,highest-temperature-in-shanghai-on-july-23-2026-35c,https://polymarket-upload.s3.us-east-2.amazonaws.com/shanghai-98a00e357b.png,727804,highest-temperature-in-shanghai-on-july-23-2026,Yes,0,No,107405362089953489597530492558238555817072217440571986553131730343519476156441,2026-07-23,True,True,False
0xb40e89677d59665d5188541ad860450a6e2a7cc9,11002108372698063917795059839761222394306530294071196153090258154471118840942,0x76622e2632bb7dff6f1a45195c5cca0e70e288a2fe8c1f7a63fdbcd7c1bb7c46,33.7981,0.7856,26.5541,28.0524,1.4982,5.642,33.7981,0.0,5.6422,0.83,False,True,Will the highest temperature in Panama City be 30°C on July 23?,highest-temperature-in-panama-city-on-july-23-2026-30c,https://polymarket-upload.s3.us-east-2.amazonaws.com/panama-city-563f6ab7e6.jpg,731120,highest-temperature-in-panama-city-on-july-23-2026,No,1,Yes,78697135722783105481016238758813831999066008072840908125409923717563126183273,2026-07-23,True,True,False
0xb40e89677d59665d5188541ad860450a6e2a7cc9,114822110095339138293242443187238803702261271465518295678805946899905102102570,0x017a9b2004140059d59cef895ae675508894de5fd9011f5b93c1c9457c3ac25c,33.3752,0.3497,11.6718,11.3475,-0.3243,-2.7784,33.3752,0.0,-2.7786,0.34,False,True,Will the highest temperature in Chongqing be 39°C on July 23?,highest-temperature-in-chongqing-on-july-23-2026-39c,https://polymarket-upload.s3.us-east-2.amazonaws.com/chongqing-9d6184ad07.png,727810,highest-temperature-in-chongqing-on-july-23-2026,Yes,0,No,108493424783440203229029141846986821546681010780202913394109349783337319186295,2026-07-23,True,True,False
0xb40e89677d59665d5188541ad860450a6e2a7cc9,115145642108960184588428676479136311762507355261403854748855574523192298468836,0x871348bfa6a791045a811fb1515730592dff966837a8dc9b88020b8aabf5654b,33.3563,0.4534,15.1251,0.0,-15.1251,-99.9996,170.0828,6.3657,-100.0,0.0,True,False,Will the highest temperature in Seattle be between 82-83°F on July 6?,highest-temperature-in-seattle-on-july-6-2026-82-83f,https://polymarket-upload.s3.us-east-2.amazonaws.com/highest-temperature-in-seattle-on-december-5-mjogoGN44OY4.jpg,667963,highest-temperature-in-seattle-on-july-6-2026,Yes,0,No,61997130688643615174691903749285444307444729866397234840442689029269810005171,2026-07-06,True,True,True
0xb40e89677d59665d5188541ad860450a6e2a7cc9,84061167692667706938530455473313292561650671905871553203161256467176400200069,0xe2d67dd5efa54123bc8c6a5c1a8c79f72de28b08f2eeaf9d8d189d433c3f20a7,33.21,0.44,14.6124,15.1105,0.498,3.408,33.21,0.0,3.4087,0.455,False,True,Will the highest temperature in Chicago be between 78-79°F on July 23?,highest-temperature-in-chicago-on-july-23-2026-78-79f,https://polymarket-upload.s3.us-east-2.amazonaws.com/highest-temperature-in-chicago-on-december-5-IoEGq9msnWg6.jpg,731113,highest-temperature-in-chicago-on-july-23-2026,Yes,0,No,97961939582783607603115725252098740685738366451399063951871954277059183027490,2026-07-23,True,True,False
0xb40e89677d59665d5188541ad860450a6e2a7cc9,16023337986982186453135362152294373096100701797040925765178387564778172871328,0x17f91d72d1d894a23bcbe7164943f1a96ccdf1c4f27da0d654aa452f810cc342,33.19,0.8524,28.2933,26.7179,-1.5754,-5.568,33.19,0.0,-5.5683,0.805,False,True,Will the highest temperature in Chongqing be 41°C on July 23?,highest-temperature-in-chongqing-on-july-23-2026-41c,https://polymarket-upload.s3.us-east-2.amazonaws.com/chongqing-9d6184ad07.png,727810,highest-temperature-in-chongqing-on-july-23-2026,No,1,Yes,113212452892529873375519376646029399909961236436465058611859671054394350181580,2026-07-23,True,True,False
0xb40e89677d59665d5188541ad860450a6e2a7cc9,48414565850836829111688791817685511798280942552502176319828395215318997296080,0xa419914d37c8426c3f4acdc05465caa76795a79110914576339eceeb5ba5d6e3,33.17,0.88,29.1896,25.2921,-3.8975,-13.3523,33.17,0.0,-13.3523,0.7625,False,True,Will the highest temperature in Sao Paulo be 24°C on July 23?,highest-temperature-in-sao-paulo-on-july-23-2026-24c,https://polymarket-upload.s3.us-east-2.amazonaws.com/sao paulo-7deca91e54.jpg,731098,highest-temperature-in-sao-paulo-on-july-23-2026,No,1,Yes,114443454986863051562350997021617133718821872640273680157608257445767758968091,2026-07-23,True,True,False
0xb40e89677d59665d5188541ad860450a6e2a7cc9,111728162803168478832760566902859390770456885441990245191742216449025845633435,0x32691d94ff470c7851e2b553a5b2a6f1f5d7f68228ddd3cfae173fb4f1c3f0f3,32.9468,0.8042,26.4968,32.9468,6.4499,24.3421,32.9468,0.0,24.3424,1.0,True,True,Will the highest temperature in Guangzhou be 32°C on July 22?,highest-temperature-in-guangzhou-on-july-22-2026-32c,https://polymarket-upload.s3.us-east-2.amazonaws.com/guangzhou-432bb47dad.jpg,724053,highest-temperature-in-guangzhou-on-july-22-2026,No,1,Yes,111811091187037813298136310275455621210071789633286452842292715577220499437045,2026-07-22,True,True,True
0xb40e89677d59665d5188541ad860450a6e2a7cc9,40468367749109974394893638003595401321080308168265802675954931857447539917533,0xf0f4b881078fa2276a44bde03348336d7ce943cc3fb8483a28bf4d692c2d6425,32.8092,0.905,29.6942,31.1195,1.4252,4.7995,32.8092,0.0,4.7998,0.9485,False,True,Will the highest temperature in Tel Aviv be 35°C on July 23?,highest-temperature-in-tel-aviv-on-july-23-2026-35c,https://polymarket-upload.s3.us-east-2.amazonaws.com/tel-aviv-8a93e4dc2b.jpg,727801,highest-temperature-in-tel-aviv-on-july-23-2026,No,1,Yes,51316832552731874752632131454406631931953717514069942846039189973309158461859,2026-07-23,True,True,False
0xb40e89677d59665d5188541ad860450a6e2a7cc9,61084137980131708352123589559481201295929730646253584443723381742981108219027,0x5b29c183c764d33497f7ccfb935a9c50daa26c33a3eea716b173a61eef670c3f,32.56,0.1132,3.6881,0.0,-3.6881,-99.9998,53.5,8.0981,-100.0,0.0,True,False,Will the highest temperature in Mexico City be 22°C on July 6?,highest-temperature-in-mexico-city-on-july-6-2026-22c,https://polymarket-upload.s3.us-east-2.amazonaws.com/mexico-city-e64e24d13b.jpg,667974,highest-temperature-in-mexico-city-on-july-6-2026,Yes,0,No,731169950788261421057853205373213660868677678944508513626856569323027828922,2026-07-06,True,True,True
0xb40e89677d59665d5188541ad860450a6e2a7cc9,16972435775547922397846586399780751135462444215620459286512013511464707420354,0x2cf39e143e909f4a2c74b931c6b474afe63b524a1a5f96414371556d08eecbfa,32.4869,0.1161,3.7723,0.0,-3.7723,-99.9996,140.6528,24.0876,-100.0,0.0,True,False,Will the highest temperature in Amsterdam be 22°C on July 7?,highest-temperature-in-amsterdam-on-july-7-2026-22c,https://polymarket-upload.s3.us-east-2.amazonaws.com/amsterdam-02ab78335a.jpg,668438,highest-temperature-in-amsterdam-on-july-7-2026,Yes,0,No,67950435312379799016761829929379429426608370498757782177033922571590913351150,2026-07-07,True,True,True
0xb40e89677d59665d5188541ad860450a6e2a7cc9,30375774120910702592201093151556518074377985159225928064864742814941339450753,0x3cf8864beaa94a596255a1aab87fedb8e4218d85f68cf017f6fda73f2ebe6022,32.2291,0.5277,17.0091,16.9203,-0.0888,-0.522,32.2291,0.0,-0.5222,0.525,False,True,Will the highest temperature in Toronto be 25°C on July 23?,highest-temperature-in-toronto-on-july-23-2026-25c,https://polymarket-upload.s3.us-east-2.amazonaws.com/highest-temperature-in-toronto-on-december-6-ZHBngGPj9GGd.jpg,731100,highest-temperature-in-toronto-on-july-23-2026,No,1,Yes,45560591879770956721565409340127947091868307762815063168717077153352798900128,2026-07-23,True,True,False
0xb40e89677d59665d5188541ad860450a6e2a7cc9,74095979024964355040657332380170068255710415119463266827515425483768808145883,0x373ca53dec044f04d5d018386132e614256fc704cbad6dfa400e2b921c31c1de,32.0,0.2321,7.4299,8.0,0.57,7.6716,32.0,0.0,7.6718,0.25,False,True,Will the highest temperature in Tokyo be 34°C on July 23?,highest-temperature-in-tokyo-on-july-23-2026-34c,https://polymarket-upload.s3.us-east-2.amazonaws.com/tokyo-d6ed4bcfd5.jpg,727802,highest-temperature-in-tokyo-on-july-23-2026,Yes,0,No,105871100442660414961253890570104758263274020111612371659999302847090910820906,2026-07-23,True,True,False
0xb40e89677d59665d5188541ad860450a6e2a7cc9,105767657503291876052366137061362826935701537954126249323501262108087918947726,0xb3615ee762a9a7974902983935026216797c6908678f0ce58c4ca69e2e5dd0b8,31.6207,0.1179,3.7291,0.0,-3.7291,-99.9975,92.8929,23.4099,-100.0,0.0,True,False,Will the highest temperature in Shenzhen be 31°C on July 7?,highest-temperature-in-shenzhen-on-july-7-2026-31c,https://polymarket-upload.s3.us-east-2.amazonaws.com/shenzhen-cf834873c6.jpg,668434,highest-temperature-in-shenzhen-on-july-7-2026,Yes,0,No,51033481862879017255547354561896420252272349046544551601123154488348589230104,2026-07-07,True,True,True
0xb40e89677d59665d5188541ad860450a6e2a7cc9,88777621157288187331462686682483472427937870453476864221968124107116420466173,0x1f447c1807a574d0ebdc55c9606ecf5960e26ce7d1ff5e8d23224b305c458d38,31.598,0.5505,17.396,0.0,-17.396,-99.9996,166.8528,-6.836,-100.0,0.0,True,False,Will the highest temperature in Toronto be 26°C on July 6?,highest-temperature-in-toronto-on-july-6-2026-26c,https://polymarket-upload.s3.us-east-2.amazonaws.com/highest-temperature-in-toronto-on-december-6-ZHBngGPj9GGd.jpg,667962,highest-temperature-in-toronto-on-july-6-2026,No,1,Yes,25629468762436954622489794830690481058464431761697532576946188813966311075790,2026-07-06,True,True,True
0xb40e89677d59665d5188541ad860450a6e2a7cc9,40304020160429257281337766165738733936943902124421353172279283374284357001201,0x4a10d973f98ec87ab8fc7a4512e6bb980d44104112434c837bf680502609cdfd,31.5,0.1103,3.4749,2.5987,-0.8762,-25.2144,31.5,0.0,-25.2169,0.0825,False,True,Will the highest temperature in Beijing be 31°C on July 23?,highest-temperature-in-beijing-on-july-23-2026-31c,https://polymarket-upload.s3.us-east-2.amazonaws.com/beijing-5f83769b5a.jpg,727811,highest-temperature-in-beijing-on-july-23-2026,Yes,0,No,48720823488882553880083106330526456201587034641731705718620847579539788418256,2026-07-23,True,True,False
0xb40e89677d59665d5188541ad860450a6e2a7cc9,110627581635028373733103796174148390011044072533304976149017321670452228491092,0xb74f6bf15cd9dbebc0eb696ea07aa6b8b2ca083f608434a48986bf4edd27851c,31.4,0.9221,28.9561,31.3529,2.3967,8.277,31.4,0.0,8.2773,0.9985,False,True,Will the highest temperature in Austin be between 106-107°F on July 22?,highest-temperature-in-austin-on-july-22-2026-106-107f,https://polymarket-upload.s3.us-east-2.amazonaws.com/austin-b18a80e4a0.jpg,727279,highest-temperature-in-austin-on-july-22-2026,No,1,Yes,60805958010950081325938263936181499257249166882107837538840429877053669840525,2026-07-22,True,True,True
0xb40e89677d59665d5188541ad860450a6e2a7cc9,50602421489509627168519480247086987846519640512126031019568160934334182465177,0x22d6d7407eb5ef7da01613707a225fe2baff135bf51448a4f0bcb30465fc6119,31.3654,0.12,3.7638,0.0,-3.7638,-99.9985,31.3654,0.0,-100.0,0.0,True,False,Will the highest temperature in Paris be 28°C on July 22?,highest-temperature-in-paris-on-july-22-2026-28c,https://polymarket-upload.s3.us-east-2.amazonaws.com/paris-f08f5c4a28.jpg,723998,highest-temperature-in-paris-on-july-22-2026,Yes,0,No,65702730650504481126636803004597457151683148786053368209817600006115514355723,2026-07-22,True,True,True
0xb40e89677d59665d5188541ad860450a6e2a7cc9,107067718580394782879421233908286738990838106201450270107260004876037720046821,0x4de3682a72f94843ad7b05fb24846e6df7c1f633ab733463d5f845765857db82,31.3531,0.1658,5.2011,0.0,-5.2011,-99.9985,352.2233,107.2059,-100.0,0.0,True,False,Will the highest temperature in New York City be between 74-75°F on July 6?,highest-temperature-in-nyc-on-july-6-2026-74-75f,https://polymarket-upload.s3.us-east-2.amazonaws.com/test-nyc-weather-pciture-cgUEW73XBkei.jpg,667964,highest-temperature-in-nyc-on-july-6-2026,Yes,0,No,104899213499463918448289406889218339083156423737782041141901207105739379919530,2026-07-06,True,True,True
0xb40e89677d59665d5188541ad860450a6e2a7cc9,83826406204239770590938150444343023026769269317474114309355162059484674190310,0xbc58f45a1547e588a6641a82ca5bebc9ae1f9a5fa1f7fdefe5cd9fdbbd98ba66,31.28,0.932,29.1531,30.0288,0.8756,3.0034,31.28,0.0,3.0035,0.96,False,True,Will the highest temperature in Mexico City be 30°C on July 23?,highest-temperature-in-mexico-city-on-july-23-2026-30c,https://polymarket-upload.s3.us-east-2.amazonaws.com/mexico-city-e64e24d13b.jpg,731119,highest-temperature-in-mexico-city-on-july-23-2026,No,1,Yes,93583981738620670180491967108300382537931239788947645367505200985151298628271,2026-07-23,True,True,False
0xb40e89677d59665d5188541ad860450a6e2a7cc9,46312241858762736765579204581967575200695509898144215406516059104046840527630,0x1e0296f4b9245c4acf25224228dad233d5329d2be22ba65a0f078e7269ad57b4,31.2658,0.3539,11.0658,6.7221,-4.3437,-39.2533,31.2658,0.0,-39.2534,0.215,False,True,Will the highest temperature in Wuhan be 34°C on July 23?,highest-temperature-in-wuhan-on-july-23-2026-34c,https://polymarket-upload.s3.us-east-2.amazonaws.com/wuhan-c1b302d9f5.jpg,727812,highest-temperature-in-wuhan-on-july-23-2026,Yes,0,No,8004860129272542282397803999096450256671890534257543963692050144452583794556,2026-07-23,True,True,False
0xb40e89677d59665d5188541ad860450a6e2a7cc9,77970979522610196083406166508529517524629661733567028418871157221171440938348,0x260190dbaf15f80e6c8f86d2a7e6c8d1669959416bcc1f867f0b0ea1b4b80075,31.13,0.0433,1.3483,0.0,-1.3483,-99.9951,31.13,0.0,-100.0,0.0,True,False,Will the highest temperature in Taipei be 38°C or higher on July 17?,highest-temperature-in-taipei-on-july-17-2026-38corhigher,https://polymarket-upload.s3.us-east-2.amazonaws.com/taipei-06ae1cc294.jpg,705211,highest-temperature-in-taipei-on-july-17-2026,Yes,0,No,71292233863158084160783227915835145275266480443433458797043835627888134352947,2026-07-17,True,True,True
0xb40e89677d59665d5188541ad860450a6e2a7cc9,107405362089953489597530492558238555817072217440571986553131730343519476156441,0x98a031949dda8dc9e2113ae809931173b7494a96bd15d912e4bec23ed6ccdfcb,31.009,0.6114,18.9593,18.1402,-0.8191,-4.3202,31.009,0.0,-4.3207,0.585,False,True,Will the highest temperature in Shanghai be 35°C on July 23?,highest-temperature-in-shanghai-on-july-23-2026-35c,https://polymarket-upload.s3.us-east-2.amazonaws.com/shanghai-98a00e357b.png,727804,highest-temperature-in-shanghai-on-july-23-2026,No,1,Yes,90704497602802566138977473691594506520271386712574669910928205401081897322329,2026-07-23,True,True,False
0xb40e89677d59665d5188541ad860450a6e2a7cc9,94710814429215941413624355290242169238239329625502746000387469199654984607890,0x07dddc66473ecc1ce3d9ca520c5fcbc49e1bd56c659d0fa079418d4605b35a4d,31.0,0.278,8.6199,8.8318,0.2118,2.457,31.0,0.0,2.4572,0.2849,False,True,Will the highest temperature in Beijing be 29°C on July 23?,highest-temperature-in-beijing-on-july-23-2026-29c,https://polymarket-upload.s3.us-east-2.amazonaws.com/beijing-5f83769b5a.jpg,727811,highest-temperature-in-beijing-on-july-23-2026,Yes,0,No,108995683629451103375005217047531538823955490713215792337577395239595850121718,2026-07-23,True,True,False
0xb40e89677d59665d5188541ad860450a6e2a7cc9,93583981738620670180491967108300382537931239788947645367505200985151298628271,0xbc58f45a1547e588a6641a82ca5bebc9ae1f9a5fa1f7fdefe5cd9fdbbd98ba66,30.9952,0.0538,1.6697,1.2398,-0.4299,-25.7464,30.9952,0.0,-25.7491,0.04,False,True,Will the highest temperature in Mexico City be 30°C on July 23?,highest-temperature-in-mexico-city-on-july-23-2026-30c,https://polymarket-upload.s3.us-east-2.amazonaws.com/mexico-city-e64e24d13b.jpg,731119,highest-temperature-in-mexico-city-on-july-23-2026,Yes,0,No,83826406204239770590938150444343023026769269317474114309355162059484674190310,2026-07-23,True,True,False
0xb40e89677d59665d5188541ad860450a6e2a7cc9,1899114742694345528775294510678715138288096945226412102250117857473176773084,0x20e5685a63e21d6a1237b9ee290b7c40f95d281faedbe8d338f111fd81cb91d7,30.99,0.9,27.891,30.9745,3.0835,11.0555,30.99,0.0,11.0555,0.9995,False,True,Will the highest temperature in Atlanta be between 94-95°F on July 22?,highest-temperature-in-atlanta-on-july-22-2026-94-95f,https://polymarket-upload.s3.us-east-2.amazonaws.com/highest-temperature-in-atlanta-on-december-5--dClj_prA8Ny.jpg,727276,highest-temperature-in-atlanta-on-july-22-2026,No,1,Yes,109311114108480597565681560327641391660787863292988897404477925915558220408274,2026-07-22,True,True,True
0xb40e89677d59665d5188541ad860450a6e2a7cc9,19353691422877097256817336347907327344184065534597878441148902947915512317013,0x11ca857011b4b34322500f1ee9f9c5eb38897ee1effe5fddedbddee041c24758,30.7316,0.1734,5.3317,0.0,-5.3317,-99.9999,30.7316,0.0,-100.0,0.0,True,False,Will the highest temperature in Taipei be 33°C on June 29?,highest-temperature-in-taipei-on-june-29-2026-33c,https://polymarket-upload.s3.us-east-2.amazonaws.com/taipei-06ae1cc294.jpg,639551,highest-temperature-in-taipei-on-june-29-2026,Yes,0,No,105024985628264628762483677855034860800872999589258265050713444078798002678552,2026-06-29,True,True,True
0xb40e89677d59665d5188541ad860450a6e2a7cc9,77496798070112791993611066027131764284175631993598536261615625713341525429645,0x06e87e0bdd5995633d37ab410b044de6af365e2bac642e0f6605858caee394d0,30.66,0.0599,1.8376,0.0,-1.8376,-99.9979,117.03,38.0083,-100.0,0.0,True,False,Will the highest temperature in Lucknow be 31°C on July 7?,highest-temperature-in-lucknow-on-july-7-2026-31c,https://polymarket-upload.s3.us-east-2.amazonaws.com/lucknow-0163e1bfc4.jpg,668590,highest-temperature-in-lucknow-on-july-7-2026,Yes,0,No,47558137969630672049462153368467360890527901405384686014590875150554443603041,2026-07-07,True,True,True
0xb40e89677d59665d5188541ad860450a6e2a7cc9,59744694217998044339358603720315052537748971037738720856753093550303449821969,0x441755a0b4fc6feaadd7168b03e50373f702a2846c2e5dd2e18347efd23f045f,30.63,0.8,24.504,24.6571,0.153,0.6243,30.63,0.0,0.6247,0.805,False,True,Will the highest temperature in Madrid be 39°C on July 23?,highest-temperature-in-madrid-on-july-23-2026-39c,https://polymarket-upload.s3.us-east-2.amazonaws.com/madrid-84bf84053b.jpg,727807,highest-temperature-in-madrid-on-july-23-2026,No,1,Yes,84563263484655600116168488662580948276369392157832258449527138710452442924857,2026-07-23,True,True,False
0xb40e89677d59665d5188541ad860450a6e2a7cc9,30256464282972685195183777519431957819325354261982034126128002216160299235054,0xf4206d1efc7d84b0870aef8a83cd9028eab43380b7bacc1d353d5353a378c6a8,30.3584,0.0618,1.879,2.7322,0.8531,45.3994,30.3584,0.0,45.3997,0.09,False,True,Will the highest temperature in Austin be between 96-97°F on July 23?,highest-temperature-in-austin-on-july-23-2026-96-97f,https://polymarket-upload.s3.us-east-2.amazonaws.com/austin-b18a80e4a0.jpg,731114,highest-temperature-in-austin-on-july-23-2026,Yes,0,No,97954226760513477675151124334452119848565517081332705694690859297332215727126,2026-07-23,True,True,False
0xb40e89677d59665d5188541ad860450a6e2a7cc9,16244545732956904581231824355695073714733614748196373912982112559478560530235,0x03db13dd908e27d499aadfde798cf82e808e3c6f13c6e3086f5d5d45cf545ebb,30.0,0.479,14.3712,0.0,-14.3712,-99.9995,30.0,0.0,-100.0,0.0,True,False,Will the highest temperature in Panama City be 33°C on July 14?,highest-temperature-in-panama-city-on-july-14-2026-33c,https://polymarket-upload.s3.us-east-2.amazonaws.com/panama-city-563f6ab7e6.jpg,697085,highest-temperature-in-panama-city-on-july-14-2026,No,1,Yes,46729327589677516825962264762056052717572859971218534744653100692483396742684,2026-07-14,True,True,True
0xb40e89677d59665d5188541ad860450a6e2a7cc9,55818520131596367856057758441192400905171896568211411877065379827532927962598,0x5df2dfb267a2170093423a7bd1007e6dffca011639f5a16f1bf49bab49a9db49,30.0,0.77,23.1,25.0499,1.9498,8.4406,30.0,0.0,8.4411,0.835,False,True,Will the highest temperature in Denver be between 84-85°F on July 23?,highest-temperature-in-denver-on-july-23-2026-84-85f,https://polymarket-upload.s3.us-east-2.amazonaws.com/denver-c2951e9cad.jpg,731115,highest-temperature-in-denver-on-july-23-2026,No,1,Yes,69475956240043881316444107161080362687988030531453042477230101075431677004922,2026-07-23,True,True,False
0xb40e89677d59665d5188541ad860450a6e2a7cc9,69520837231591011701135974270071966369503489929125842924906594933776113162467,0xea0a6ed504bc664d3e933e5637b465090f2d73fc13a1897f5637e4c58f0df725,30.0,0.9418,28.2549,29.955,1.7,6.0166,30.0,0.0,6.0166,0.9985,False,True,Will the highest temperature in Mexico City be 29°C on July 22?,highest-temperature-in-mexico-city-on-july-22-2026-29c,https://polymarket-upload.s3.us-east-2.amazonaws.com/mexico-city-e64e24d13b.jpg,727284,highest-temperature-in-mexico-city-on-july-22-2026,No,1,Yes,28426816642659968875663370337342351512179491614842389800036843287840886982166,2026-07-22,True,True,True
0xb40e89677d59665d5188541ad860450a6e2a7cc9,98186079332219151565178065312130588076525838447205563967334333655524809303793,0xf89d10f17314a5aef121dd1a59933b84f291b004efc42b247726f71dd5f05e24,29.83,0.5188,15.4772,18.6437,3.1664,20.4583,29.83,0.0,20.4583,0.625,False,True,Will the highest temperature in Shenzhen be 33°C on July 23?,highest-temperature-in-shenzhen-on-july-23-2026-33c,https://polymarket-upload.s3.us-east-2.amazonaws.com/shenzhen-cf834873c6.jpg,727814,highest-temperature-in-shenzhen-on-july-23-2026,No,1,Yes,1968716518186658834724347274194988531985304529854820020396087849448597087233,2026-07-23,True,True,False
0xb40e89677d59665d5188541ad860450a6e2a7cc9,58689337379856627059546918840446178011649356043938364923504902754082706109181,0xf3626e342aea1ac6e2c0da26869cfb1b978ba6617cc5755a2161d4e7827ca255,29.2,0.9212,26.9008,29.1854,2.2845,8.4923,29.2,0.0,8.4925,0.9995,False,True,Will the highest temperature in Denver be between 88-89°F on July 22?,highest-temperature-in-denver-on-july-22-2026-88-89f,https://polymarket-upload.s3.us-east-2.amazonaws.com/denver-c2951e9cad.jpg,727280,highest-temperature-in-denver-on-july-22-2026,No,1,Yes,32725024742470568127821571629050020658435831376796746294634567049848829929461,2026-07-22,True,True,True
0xb40e89677d59665d5188541ad860450a6e2a7cc9,66395807912223515055492589793912405149375468458000502841220895743022719632834,0x246304b086f218e9dd1b4044ff2c4dbd7a27d647bd6f3aaec5bc026b41be5bd4,29.01,0.0826,2.397,0.0,-2.397,-99.997,122.3344,38.9508,-100.0,0.0,True,False,Will the highest temperature in Atlanta be between 92-93°F on July 6?,highest-temperature-in-atlanta-on-july-6-2026-92-93f,https://polymarket-upload.s3.us-east-2.amazonaws.com/highest-temperature-in-atlanta-on-december-5--dClj_prA8Ny.jpg,667966,highest-temperature-in-atlanta-on-july-6-2026,Yes,0,No,64364761905480151083960401337250950490670046663788822483014453461229993594571,2026-07-06,True,True,True
0xb40e89677d59665d5188541ad860450a6e2a7cc9,43273136276123380732554616799045303026472450950317815466058283976435342339860,0xb78169f1c068cd53db43e33139b47cc2fb98615bb8583e27bc696d1945ea5671,28.9972,0.0459,1.3333,0.0,-1.3333,-99.9938,99.9972,32.2352,-100.0,0.0,True,False,Will the highest temperature in Seoul be 25°C on July 7?,highest-temperature-in-seoul-on-july-7-2026-25c,https://polymarket-upload.s3.us-east-2.amazonaws.com/highest-temperature-in-seoul-on-december-6-WzqtMeHg43n4.jpg,668417,highest-temperature-in-seoul-on-july-7-2026,Yes,0,No,94177159399597973719098630170167523988731191352118967780024569829534971612456,2026-07-07,True,True,True
0xb40e89677d59665d5188541ad860450a6e2a7cc9,25437652024235978421771544655394837756268604643718561808950228615194994341962,0x416ad8b98bdac5370c09767b1c35628536db22d34de15fecb0676a5e61e47dd6,28.8593,0.1215,3.5075,0.0,-3.5075,-99.9998,28.8593,0.0,-100.0,0.0,True,False,Will the highest temperature in Buenos Aires be 15°C on July 11?,highest-temperature-in-buenos-aires-on-july-11-2026-15c,https://polymarket-upload.s3.us-east-2.amazonaws.com/will-the-highest-temperature-in-buenos-aires-be-32-c-or-higher-on-december-6-etNh-JFGhdrt.jpg,686126,highest-temperature-in-buenos-aires-on-july-11-2026,Yes,0,No,32794042283766679524710949758745745773026604258712646797596409724189123789531,2026-07-11,True,True,True
0xb40e89677d59665d5188541ad860450a6e2a7cc9,39391515360999005001937349835822421931215344552009378472120033714437627405361,0x3bf9db0343e9da39556fb272f03a7a2c88accc9500be7bc1cfd47c7e089eeeea,28.5937,0.6322,18.0788,0.0,-18.0788,-99.9998,28.5937,0.0,-100.0,0.0,True,False,Will the highest temperature in Karachi be 34°C on July 17?,highest-temperature-in-karachi-on-july-17-2026-34c,https://polymarket-upload.s3.us-east-2.amazonaws.com/karachi-dcb1d7dafc.jpg,705369,highest-temperature-in-karachi-on-july-17-2026,No,1,Yes,114283989366194388021170948880672403542401755304149381407462812680113056263199,2026-07-17,True,True,True
0xb40e89677d59665d5188541ad860450a6e2a7cc9,45726132205095392315811913792065622932488444364868157656696645350075281196124,0x32e5a44a03b833da27be9f2c85862281208fc50c34120b3a0b4c8c3dafc8ebbc,28.28,0.349,9.8707,9.4738,-0.3969,-4.0209,28.28,0.0,-4.0219,0.335,False,True,Will the highest temperature in Panama City be 29°C on July 23?,highest-temperature-in-panama-city-on-july-23-2026-29c,https://polymarket-upload.s3.us-east-2.amazonaws.com/panama-city-563f6ab7e6.jpg,731120,highest-temperature-in-panama-city-on-july-23-2026,Yes,0,No,21066111152907873658268964537325945232686052940520773967232547289315252496051,2026-07-23,True,True,False
0xb40e89677d59665d5188541ad860450a6e2a7cc9,2606972238274348720442834573592745623599774794537543722306769389287416349,0x888a0605dd2af8ad8d7c81b1f957927429abec8aa06bcfb6cb9f051b632ddf7b,28.1156,0.9562,26.8848,27.3706,0.4857,1.8065,28.1156,0.0,1.8069,0.9735,False,False,Will the highest temperature in Shenzhen be 36°C or higher on July 23?,highest-temperature-in-shenzhen-on-july-23-2026-36corhigher,https://polymarket-upload.s3.us-east-2.amazonaws.com/shenzhen-cf834873c6.jpg,727814,highest-temperature-in-shenzhen-on-july-23-2026,No,1,Yes,14369518183155511102670344044904414527014913734103325954398948658463350721513,2026-07-23,True,True,False
0xb40e89677d59665d5188541ad860450a6e2a7cc9,13788004551469884850925517913349118873755477201190804953394754239822176741309,0x2394b0b5221c5422b99de051909c913d54b201cf085292065f179b1e99bc0dd0,28.075,0.6,16.845,16.5642,-0.2807,-1.6663,28.075,0.0,-1.6669,0.59,False,True,Will the highest temperature in Chengdu be 39°C on July 23?,highest-temperature-in-chengdu-on-july-23-2026-39c,https://polymarket-upload.s3.us-east-2.amazonaws.com/chengdu-eab4d03cdb.jpg,727813,highest-temperature-in-chengdu-on-july-23-2026,No,1,Yes,43413579251304470250300280196511452589313462114863463424576497451607422195515,2026-07-23,True,True,False
0xb40e89677d59665d5188541ad860450a6e2a7cc9,51605064340206889600203067784088496392024752210626540241208696378144545058130,0x78857cb9e9f6ebf756e8183cbce5d0cfeb71e49e85b993a5d18b4e9f7a9448d8,28.0,0.1192,3.3399,0.0,-3.3399,-99.9976,28.0,0.0,-100.0,0.0,True,False,Will the highest temperature in Shenzhen be 32°C on July 17?,highest-temperature-in-shenzhen-on-july-17-2026-32c,https://polymarket-upload.s3.us-east-2.amazonaws.com/shenzhen-cf834873c6.jpg,705216,highest-temperature-in-shenzhen-on-july-17-2026,Yes,0,No,89219091368639024329295977360583462390985197041889456136436004264588538937074,2026-07-17,True,True,True
0xb40e89677d59665d5188541ad860450a6e2a7cc9,54254251288266240497088780890092390820075481477772032839110423430985737987020,0xe0b68dec7e2bb348a7670228e98bc3a57f0f2d226d9b2f53d619109cae59d8a9,28.0,0.9,25.2,19.4572,-5.7427,-22.7884,28.0,0.0,-22.7888,0.6949,False,True,Will the highest temperature in Wuhan be 32°C on July 23?,highest-temperature-in-wuhan-on-july-23-2026-32c,https://polymarket-upload.s3.us-east-2.amazonaws.com/wuhan-c1b302d9f5.jpg,727812,highest-temperature-in-wuhan-on-july-23-2026,No,1,Yes,106364403424192241579374726917981811799993058754558656889021672888251332039861,2026-07-23,True,True,False
0xb40e89677d59665d5188541ad860450a6e2a7cc9,18974553125810812233982668625042131410563976035987809967490620543046867652976,0x3c3cf4dfc2f918ff8e30ed9831bdd38a26c421f132c5b3e9cb5b76744a36f81d,27.8393,0.676,18.822,0.0,-18.822,-99.9999,74.0282,-8.1335,-100.0,0.0,True,False,Will the highest temperature in Panama City be 33°C on July 6?,highest-temperature-in-panama-city-on-july-6-2026-33c,https://polymarket-upload.s3.us-east-2.amazonaws.com/panama-city-563f6ab7e6.jpg,667975,highest-temperature-in-panama-city-on-july-6-2026,No,1,Yes,17338110002317481710561339050548360833997767103777658806287297304060971343826,2026-07-06,True,True,True
0xb40e89677d59665d5188541ad860450a6e2a7cc9,94259439177959182803399031707601659685566737889175466339735595507131273714272,0x26d0adea94340ccf63d5ae1c79269f66d79341fc21e8950597f193c2436af6c5,27.76,0.83,23.0408,27.7461,4.7052,20.4211,27.76,0.0,20.4215,0.9995,False,True,Will the highest temperature in Panama City be 29°C on July 22?,highest-temperature-in-panama-city-on-july-22-2026-29c,https://polymarket-upload.s3.us-east-2.amazonaws.com/panama-city-563f6ab7e6.jpg,727285,highest-temperature-in-panama-city-on-july-22-2026,No,1,Yes,79344451549157478596308994679859929864897892419115522215442168794080714502866,2026-07-22,True,True,True
0xb40e89677d59665d5188541ad860450a6e2a7cc9,12944996204811437756748314368248163737160510711863711670299982633846082717070,0x7d90e5bbd279db655cc112ad2a01dab16c5ee602ea172fa42e693bbbcb0a47af,27.6,0.05,1.38,0.0,-1.38,-99.9999,27.6,0.0,-100.0,0.0,True,False,Will the highest temperature in Manila be 29°C on July 10?,highest-temperature-in-manila-on-july-10-2026-29c,https://polymarket-upload.s3.us-east-2.amazonaws.com/manila-1586e292d0.jpg,679211,highest-temperature-in-manila-on-july-10-2026,Yes,0,No,106324893227417734793273820477272473770497355422851784375477553398148280970270,2026-07-10,True,True,True
0xb40e89677d59665d5188541ad860450a6e2a7cc9,52404960712787610313251943277283765183059472520600637577550659174840027967266,0x90947f2765da69c9207076872b1e5d10336c45ddf7da7d4cf896dea88b304ab2,27.4446,0.4426,12.149,0.0,-12.149,-99.9996,562.1015,30.6492,-100.0,0.0,True,False,Will the highest temperature in New York City be between 70-71°F on July 6?,highest-temperature-in-nyc-on-july-6-2026-70-71f,https://polymarket-upload.s3.us-east-2.amazonaws.com/test-nyc-weather-pciture-cgUEW73XBkei.jpg,667964,highest-temperature-in-nyc-on-july-6-2026,No,1,Yes,113233533677252761315727587493000071680814357695190757818006286484627677155657,2026-07-06,True,True,True
0xb40e89677d59665d5188541ad860450a6e2a7cc9,28426816642659968875663370337342351512179491614842389800036843287840886982166,0xea0a6ed504bc664d3e933e5637b465090f2d73fc13a1897f5637e4c58f0df725,27.2222,0.0724,1.9721,0.0408,-1.9313,-97.9264,27.2222,0.0,-97.9312,0.0015,False,True,Will the highest temperature in Mexico City be 29°C on July 22?,highest-temperature-in-mexico-city-on-july-22-2026-29c,https://polymarket-upload.s3.us-east-2.amazonaws.com/mexico-city-e64e24d13b.jpg,727284,highest-temperature-in-mexico-city-on-july-22-2026,Yes,0,No,69520837231591011701135974270071966369503489929125842924906594933776113162467,2026-07-22,True,True,True
0xb40e89677d59665d5188541ad860450a6e2a7cc9,78577237132844395278965760822440024914655478091790571924606726431777453274658,0x26f9f7fa683800a1d3bdb858aee6297d4628eadc5b75fb096bb592f30f2c2712,27.0327,0.1112,3.0084,2.2977,-0.7107,-23.6232,27.0327,0.0,-23.6258,0.085,False,True,Will the highest temperature in Chicago be between 80-81°F on July 23?,highest-temperature-in-chicago-on-july-23-2026-80-81f,https://polymarket-upload.s3.us-east-2.amazonaws.com/highest-temperature-in-chicago-on-december-5-IoEGq9msnWg6.jpg,731113,highest-temperature-in-chicago-on-july-23-2026,Yes,0,No,44061024867382182871742937309370230493876278919345509858482326221145979972104,2026-07-23,True,True,False
0xb40e89677d59665d5188541ad860450a6e2a7cc9,95547443051485418033169888220215447919522503203259462435607653281450673150747,0xde7bf14abeb32275abe19e0b86d05905c98075fb9cb057fb85720e5db3bccf9c,26.7188,0.1188,3.1744,3.7406,0.5661,17.833,26.7188,0.0,17.8348,0.14,False,True,Will the highest temperature in Seattle be between 80-81°F on July 23?,highest-temperature-in-seattle-on-july-23-2026-80-81f,https://polymarket-upload.s3.us-east-2.amazonaws.com/highest-temperature-in-seattle-on-december-5-mjogoGN44OY4.jpg,731108,highest-temperature-in-seattle-on-july-23-2026,Yes,0,No,73572728197103650339458185907168999037693906087401100115923523072662998364737,2026-07-23,True,True,False
0xb40e89677d59665d5188541ad860450a6e2a7cc9,108427407545545282546790029036700733997552379546933651088387481644290085760557,0x757036e5b6e8b760a5199d3859949ea8bf7ad152942c05834360ffedd0cea53b,26.6279,0.6544,17.4278,15.9767,-1.4511,-8.3263,26.6279,0.0,-8.3267,0.6,False,True,Will the highest temperature in Tokyo be 35°C on July 23?,highest-temperature-in-tokyo-on-july-23-2026-35c,https://polymarket-upload.s3.us-east-2.amazonaws.com/tokyo-d6ed4bcfd5.jpg,727802,highest-temperature-in-tokyo-on-july-23-2026,No,1,Yes,62525027256651515895588001202395213763922224789156242797594632851980474945111,2026-07-23,True,True,False
0xb40e89677d59665d5188541ad860450a6e2a7cc9,589120123238191524963799176285612853616905302549426206377063648996229780411,0x8703ff81b9423f5995307dcf060b88d1c8a7747e1403150d54e196943c5d2d57,26.5914,0.3611,9.6045,0.0,-9.6045,-99.9994,26.5914,0.0,-100.0,0.0,True,False,Will the highest temperature in Kuala Lumpur be 32°C on July 8?,highest-temperature-in-kuala-lumpur-on-july-8-2026-32c,https://polymarket-upload.s3.us-east-2.amazonaws.com/kuala-2535fee773.jpg,671861,highest-temperature-in-kuala-lumpur-on-july-8-2026,Yes,0,No,95330778756134490035255483834132582362644851721393587994404494251746943779044,2026-07-08,True,True,True
0xb40e89677d59665d5188541ad860450a6e2a7cc9,7760502311349372372528533623185955156840770106677261317168665954576394691273,0x77115d410123a7490873120931bab20f801981dd9342e9beaeb054f9011e4cfb,26.53,0.0509,1.353,0.0,-1.353,-99.9977,26.53,0.0,-100.0,0.0,True,False,Will the highest temperature in Panama City be 30°C on July 9?,highest-temperature-in-panama-city-on-july-9-2026-30c,https://polymarket-upload.s3.us-east-2.amazonaws.com/panama-city-563f6ab7e6.jpg,678817,highest-temperature-in-panama-city-on-july-9-2026,Yes,0,No,53585241205166141835601272319200665025600405175123401492268873001675310941071,2026-07-09,True,True,True
0xb40e89677d59665d5188541ad860450a6e2a7cc9,43956216655103121439370987338142378121728616022720423789400866484721212470554,0xe57c0ad323d9970703283cbbdda9737426aad526b2610e859f58180a4fd0363a,26.5071,0.0895,2.3728,0.0,-2.3728,-99.9981,26.5071,0.0,-100.0,0.0,True,False,Will the highest temperature in Karachi be 35°C on July 10?,highest-temperature-in-karachi-on-july-10-2026-35c,https://polymarket-upload.s3.us-east-2.amazonaws.com/karachi-dcb1d7dafc.jpg,679365,highest-temperature-in-karachi-on-july-10-2026,Yes,0,No,67334626735763273832473707629809978879681925080023232834563771437440261968532,2026-07-10,True,True,True
0xb40e89677d59665d5188541ad860450a6e2a7cc9,6751331908849231649212069846421953296451906336566710387861007036215559560250,0xe79d19017fbdc6139c2c06e05ea8bfd2d8796f7d1341a3ead65f71b8f06c939f,26.4644,0.4238,11.2179,9.9241,-1.2938,-11.5333,26.4644,0.0,-11.5336,0.375,False,True,Will the highest temperature in Moscow be 21°C on July 23?,highest-temperature-in-moscow-on-july-23-2026-21c,https://polymarket-upload.s3.us-east-2.amazonaws.com/moscow-4addd6349b.jpg,727815,highest-temperature-in-moscow-on-july-23-2026,Yes,0,No,25804579459048648086095913174714236132345204633943837333490316696124277677692,2026-07-23,True,True,False
0xb40e89677d59665d5188541ad860450a6e2a7cc9,8113682453243425693532908096272387061526162858249478007476641313837084003256,0x5f41be01169c0bc5e4d07d95e8426c8630349b4ef32c12b2dde208142fd5f5d1,26.35,0.06,1.581,0.0,-1.581,-100.0,26.35,0.0,-100.0,0.0,True,False,Will the highest temperature in Madrid be 41°C on July 8?,highest-temperature-in-madrid-on-july-8-2026-41c,https://polymarket-upload.s3.us-east-2.amazonaws.com/madrid-84bf84053b.jpg,671848,highest-temperature-in-madrid-on-july-8-2026,Yes,0,No,61121112266752122845780168832454846490076676866702530555146839371086290837141,2026-07-08,True,True,True
0xb40e89677d59665d5188541ad860450a6e2a7cc9,56057338661940232688307699443862932544551616735540101883882042018518984343577,0xd81b744195c393d205c1d1479f0ff04c498200225d3aef475a36c5d80c62fa3e,26.2456,0.5358,14.064,13.7789,-0.2851,-2.0271,26.2456,0.0,-2.0273,0.525,False,True,Will the highest temperature in New York City be between 80-81°F on July 23?,highest-temperature-in-nyc-on-july-23-2026-80-81f,https://polymarket-upload.s3.us-east-2.amazonaws.com/test-nyc-weather-pciture-cgUEW73XBkei.jpg,731109,highest-temperature-in-nyc-on-july-23-2026,No,1,Yes,27495671098349607748632948677584576031742513291457217876356741850165095675769,2026-07-23,True,True,False
0xb40e89677d59665d5188541ad860450a6e2a7cc9,21066111152907873658268964537325945232686052940520773967232547289315252496051,0x32e5a44a03b833da27be9f2c85862281208fc50c34120b3a0b4c8c3dafc8ebbc,26.2285,0.65,17.0485,17.4419,0.3933,2.3069,26.2285,0.0,2.3071,0.665,False,True,Will the highest temperature in Panama City be 29°C on July 23?,highest-temperature-in-panama-city-on-july-23-2026-29c,https://polymarket-upload.s3.us-east-2.amazonaws.com/panama-city-563f6ab7e6.jpg,731120,highest-temperature-in-panama-city-on-july-23-2026,No,1,Yes,45726132205095392315811913792065622932488444364868157656696645350075281196124,2026-07-23,True,True,False
0xb40e89677d59665d5188541ad860450a6e2a7cc9,113183217643859861248459416894354932814853165317862611480885145244883541229481,0x7a27e680aa87e540a37d60a4a7d9c85e3ceff1e79068adfae25257cce46e6763,25.66,0.06,1.5395,0.0,-1.5395,-99.9935,25.66,0.0,-100.0,0.0,True,False,Will the highest temperature in Taipei be 34°C on July 5?,highest-temperature-in-taipei-on-july-5-2026-34c,https://polymarket-upload.s3.us-east-2.amazonaws.com/taipei-06ae1cc294.jpg,661257,highest-temperature-in-taipei-on-july-5-2026,Yes,0,No,7701415804726272440565158305097380575920045121798593865601187536302811280151,2026-07-05,True,True,True
0xb40e89677d59665d5188541ad860450a6e2a7cc9,75683439890690322480671104294868841968825749571479087407062449518765453088010,0x6925f90f1aee4f7be652a4d506ade0e4a344afb22c9a22edf3a9c41b4f63ac25,25.6422,0.3605,9.2465,0.0,-9.2465,-99.9992,62.6822,5.1634,-100.0,0.0,True,False,Will the highest temperature in Dallas be between 96-97°F on July 6?,highest-temperature-in-dallas-on-july-6-2026-96-97f,https://polymarket-upload.s3.us-east-2.amazonaws.com/highest-temperature-in-dallas-on-december-5-m1XZuVxmKEs_.jpg,667965,highest-temperature-in-dallas-on-july-6-2026,Yes,0,No,41559888604778008594744033656479044684125950265859855314867284113520497675073,2026-07-06,True,True,True
0xb40e89677d59665d5188541ad860450a6e2a7cc9,32284178738579663894437626258993706432175883045516815764012315739186938482053,0xf6ec19c842ea8c91ad91e71eb118088059c2bd0ffd8c79398314a1ae94eed008,25.5828,0.8503,21.7531,21.6302,-0.1229,-0.5649,25.5828,0.0,-0.5649,0.8455,False,False,Will the highest temperature in Sao Paulo be 25°C on July 23?,highest-temperature-in-sao-paulo-on-july-23-2026-25c,https://polymarket-upload.s3.us-east-2.amazonaws.com/sao paulo-7deca91e54.jpg,731098,highest-temperature-in-sao-paulo-on-july-23-2026,No,1,Yes,86714498291979412129195465810550027834394573004178637590607853241331047312591,2026-07-23,True,True,False
0xb40e89677d59665d5188541ad860450a6e2a7cc9,65293833795649384764225013277747279224159142408926623756070281000345859661433,0x6ed530792eac8db9c378f05500e4e768a7c1f0d57f0158ec975e28e77ac6c988,25.5419,0.1645,4.2038,0.0,-4.2038,-99.9981,25.5419,0.0,-100.0,0.0,True,False,Will the highest temperature in Houston be between 84-85°F on July 11?,highest-temperature-in-houston-on-july-11-2026-84-85f,https://polymarket-upload.s3.us-east-2.amazonaws.com/houston-ef6084a9ac.jpg,686143,highest-temperature-in-houston-on-july-11-2026,Yes,0,No,14307699699126810573495928633350947279547333966038428349231017956288050076846,2026-07-11,True,True,True
0xb40e89677d59665d5188541ad860450a6e2a7cc9,82495157809433699482700662621669014734574963797175349143786421611850674096906,0xcd9b816dd57fef1756851bb3cc0b029fa5ba1667d643d135fedc9a69f10b79d7,25.5,0.06,1.53,0.0,-1.53,-100.0,25.5,0.0,-100.0,0.0,True,False,Will the highest temperature in San Francisco be between 60-61°F on July 8?,highest-temperature-in-san-francisco-on-july-8-2026-60-61f,https://polymarket-upload.s3.us-east-2.amazonaws.com/san-francisco-e705a842df.jpg,675131,highest-temperature-in-san-francisco-on-july-8-2026,Yes,0,No,48640985339317813718539039241045304915366481606445070183284488812324640224219,2026-07-08,True,True,True
0xb40e89677d59665d5188541ad860450a6e2a7cc9,96677563291458070071270176745233649091085027003945324201693695656927637367757,0x0f01ca221a639a44f7eb2bb7dbe83022d16a263f49e169b510a9fae25f301a74,25.44,0.041,1.043,0.0,-1.043,-99.9961,25.44,0.0,-100.0,0.0,True,False,Will the highest temperature in Singapore be 35°C or higher on July 5?,highest-temperature-in-singapore-on-july-5-2026-35corhigher,https://polymarket-upload.s3.us-east-2.amazonaws.com/singapore-4b057edc68.jpg,661253,highest-temperature-in-singapore-on-july-5-2026,Yes,0,No,40170115583349419979327783632780378025548232842625298541484181123657352544642,2026-07-05,True,True,True
0xb40e89677d59665d5188541ad860450a6e2a7cc9,2706145772065856914608211093353811065984777608916034221391225723936788299126,0x55e4ca5d99ce9940d2401502e7d0f03e81557f94912733938edc4cc45b405f71,25.418,0.7418,18.8552,18.428,-0.4272,-2.2656,25.418,0.0,-2.266,0.725,False,False,Will the highest temperature in Buenos Aires be 15°C on July 23?,highest-temperature-in-buenos-aires-on-july-23-2026-15c,https://polymarket-upload.s3.us-east-2.amazonaws.com/will-the-highest-temperature-in-buenos-aires-be-32-c-or-higher-on-december-6-etNh-JFGhdrt.jpg,731099,highest-temperature-in-buenos-aires-on-july-23-2026,No,1,Yes,98106175025354631193271372376697925059984224483749510297121524932146266892965,2026-07-23,True,True,False
0xb40e89677d59665d5188541ad860450a6e2a7cc9,36391372228387047473352185338839229605926137405058156875049382779142976146344,0x4c5fcca2effeafd1d0265dd40998f49fa2017d7ef077ec1b1871c7a052b04f8c,25.37,0.36,9.1332,10.5285,1.3952,15.2761,25.37,0.0,15.2772,0.415,False,True,Will the highest temperature in Ankara be 29°C on July 23?,highest-temperature-in-ankara-on-july-23-2026-29c,https://polymarket-upload.s3.us-east-2.amazonaws.com/highest-temperature-in-ankara-on-january-18-nMXCZiNB0tXP.jpg,727798,highest-temperature-in-ankara-on-july-23-2026,Yes,0,No,79291895658974858382182797571115721983177037426292911142085294266875227252908,2026-07-23,True,True,False
0xb40e89677d59665d5188541ad860450a6e2a7cc9,100308570811059654877913798630212939755984424193215305812488708132810289679687,0x9ced493fb0d57a5a8ecd7f5b7a0c62c7396cbed8e84ee3796727aab6ac6520a4,25.0,0.04,1.0,0.0,-1.0,-100.0,25.0,0.0,-100.0,0.0,True,False,Will the highest temperature in Atlanta be between 94-95°F on July 21?,highest-temperature-in-atlanta-on-july-21-2026-94-95f,https://polymarket-upload.s3.us-east-2.amazonaws.com/highest-temperature-in-atlanta-on-december-5--dClj_prA8Ny.jpg,723595,highest-temperature-in-atlanta-on-july-21-2026,Yes,0,No,36778700516261955873087891260039860197047284893756196841389260630014220260868,2026-07-21,True,True,True
0xb40e89677d59665d5188541ad860450a6e2a7cc9,100387458681597741981203287247514923594466885932887674454779607757686474968027,0xac51089920fdc2da30cfb1bbbfa65fc84b05889109e38004ae59bea40eb8aeea,25.0,0.06,1.5,0.0125,-1.4875,-99.1666,25.0,0.0,-99.1666,0.0005,False,True,Will the highest temperature in Toronto be 19°C on July 22?,highest-temperature-in-toronto-on-july-22-2026-19c,https://polymarket-upload.s3.us-east-2.amazonaws.com/highest-temperature-in-toronto-on-december-6-ZHBngGPj9GGd.jpg,727265,highest-temperature-in-toronto-on-july-22-2026,Yes,0,No,82671804487105491497719934789646241755903339505457952843791492577624644134443,2026-07-22,True,True,True
0xb40e89677d59665d5188541ad860450a6e2a7cc9,10384545379329713933858952249934416035194605614667822088047775708242412056125,0x9a4fdd1a0c7d82ea4aa8d2425f73745c5852ab7ebeb22b0dd33927755cab9e54,25.0,0.04,1.0,0.0,-1.0,-100.0,25.0,0.0,-100.0,0.0,True,False,Will the highest temperature in London be 30°C on July 8?,highest-temperature-in-london-on-july-8-2026-30c,https://polymarket-upload.s3.us-east-2.amazonaws.com/highest-temperature-in-london-on-jan-22-eouu0bkjph8i.jpg,671835,highest-temperature-in-london-on-july-8-2026,Yes,0,No,73458204352171559157005828003725862450428116331443949793281817573887844395594,2026-07-08,True,True,True
0xb40e89677d59665d5188541ad860450a6e2a7cc9,105000913418196204185802642491224121063968401816867708936811908808531202776542,0xa853e9873b8a8441c45d0be189fd80482b9cd8a0c4a01fb1a153745fa3df7ad2,25.0,0.41,10.25,11.875,1.625,15.8536,25.0,0.0,15.8536,0.475,False,False,Will the highest temperature in Tel Aviv be 34°C on July 23?,highest-temperature-in-tel-aviv-on-july-23-2026-34c,https://polymarket-upload.s3.us-east-2.amazonaws.com/tel-aviv-8a93e4dc2b.jpg,727801,highest-temperature-in-tel-aviv-on-july-23-2026,No,1,Yes,24316484910075372103882878407076629412466059348878547520636662259891583994431,2026-07-23,True,True,False
0xb40e89677d59665d5188541ad860450a6e2a7cc9,107366196544648802952716535340944743662085552370516540125594153785173758224839,0x2a5142adf031460e8200e153ee0977e285de10384629af1a49f174da8119cb40,25.0,0.75,18.75,20.3725,1.6224,8.6528,25.0,0.0,8.6533,0.8149,False,True,Will the highest temperature in Qingdao be 30°C on July 23?,highest-temperature-in-qingdao-on-july-23-2026-30c,https://polymarket-upload.s3.us-east-2.amazonaws.com/qingdao-64680595db.jpg,727823,highest-temperature-in-qingdao-on-july-23-2026,No,1,Yes,95573674079908738807645827999377311503627828909065748541856401211986321708008,2026-07-23,True,True,False
0xb40e89677d59665d5188541ad860450a6e2a7cc9,108493424783440203229029141846986821546681010780202913394109349783337319186295,0x017a9b2004140059d59cef895ae675508894de5fd9011f5b93c1c9457c3ac25c,25.0,0.64,16.0,16.5,0.5,3.125,25.0,0.0,3.125,0.66,False,True,Will the highest temperature in Chongqing be 39°C on July 23?,highest-temperature-in-chongqing-on-july-23-2026-39c,https://polymarket-upload.s3.us-east-2.amazonaws.com/chongqing-9d6184ad07.png,727810,highest-temperature-in-chongqing-on-july-23-2026,No,1,Yes,114822110095339138293242443187238803702261271465518295678805946899905102102570,2026-07-23,True,True,False
0xb40e89677d59665d5188541ad860450a6e2a7cc9,109942492965780159978601659891562965052433337882288077881371237887386747203911,0x0c985ee134f946757a4c8a3e24745b98ba3a4bf841e4bbd4142e63dc88305c27,25.0,0.04,1.0,0.0,-1.0,-100.0,25.0,0.0,-100.0,0.0,True,False,Will the highest temperature in Chicago be between 90-91°F on July 20?,highest-temperature-in-chicago-on-july-20-2026-90-91f,https://polymarket-upload.s3.us-east-2.amazonaws.com/highest-temperature-in-chicago-on-december-5-IoEGq9msnWg6.jpg,719615,highest-temperature-in-chicago-on-july-20-2026,Yes,0,No,50057830338156063766973931570668539717096220421407453731035350048218669530201,2026-07-20,True,True,True
0xb40e89677d59665d5188541ad860450a6e2a7cc9,114279958287891510257179997817932443353191717762867929265027691067426055217709,0x660acc6a6cccd5ec1d4872a2a810146f8927f6dd6ea89ac7747aa542ea121d5b,25.0,0.93,23.25,23.8625,0.6125,2.6344,25.0,0.0,2.6344,0.9545,False,True,Will the highest temperature in Toronto be 23°C on July 23?,highest-temperature-in-toronto-on-july-23-2026-23c,https://polymarket-upload.s3.us-east-2.amazonaws.com/highest-temperature-in-toronto-on-december-6-ZHBngGPj9GGd.jpg,731100,highest-temperature-in-toronto-on-july-23-2026,No,1,Yes,25829885046475559168348685567366960357411688906777819371737811851922161471070,2026-07-23,True,True,False
0xb40e89677d59665d5188541ad860450a6e2a7cc9,11706755545297347925166441210706301337416937984582658161334253804690553055789,0x96b39a86d6dde588f85ecc9d066560858ce7b3eb428676ae0f58e100d98e35a3,25.0,0.53,13.25,11.125,-2.125,-16.0377,25.0,0.0,-16.0377,0.445,False,False,Will the highest temperature in Manila be 33°C on July 23?,highest-temperature-in-manila-on-july-23-2026-33c,https://polymarket-upload.s3.us-east-2.amazonaws.com/manila-1586e292d0.jpg,727824,highest-temperature-in-manila-on-july-23-2026,No,1,Yes,55304364006066634704462780586622092741835289727326508130271949363910793611766,2026-07-23,True,True,False
0xb40e89677d59665d5188541ad860450a6e2a7cc9,11712665623677804996462357919718823836604375406525253944556691646723836190965,0x5ac5809783c4926a34ee1e852e7c540a1b25434e326291429328f60d3dfb0856,25.0,0.23,5.75,5.125,-0.625,-10.8695,25.0,0.0,-10.8695,0.205,False,False,Will the highest temperature in Seattle be between 74-75°F on July 23?,highest-temperature-in-seattle-on-july-23-2026-74-75f,https://polymarket-upload.s3.us-east-2.amazonaws.com/highest-temperature-in-seattle-on-december-5-mjogoGN44OY4.jpg,731108,highest-temperature-in-seattle-on-july-23-2026,Yes,0,No,104100018797171149720826631650119937397715195497395530590906462409063181962050,2026-07-23,True,True,False
0xb40e89677d59665d5188541ad860450a6e2a7cc9,11839276414697735515471505826104827151957106927454709126806525764693382826854,0x5ba609c67d40cd68cc6716c8a6e4dd184e983edb505d48c9e7a1159059f1f797,25.0,0.06,1.5,0.0,-1.5,-100.0,25.0,0.0,-100.0,0.0,True,False,Will the highest temperature in Guangzhou be 35°C on July 13?,highest-temperature-in-guangzhou-on-july-13-2026-35c,https://polymarket-upload.s3.us-east-2.amazonaws.com/guangzhou-432bb47dad.jpg,690262,highest-temperature-in-guangzhou-on-july-13-2026,Yes,0,No,34352118667946588879769281485827429311746182412547827921477685410518308175415,2026-07-13,True,True,True
0xb40e89677d59665d5188541ad860450a6e2a7cc9,16332171938189610477125432074461139158509447917205150330635478853609194848860,0xce16446f44ce6d66fe60e203347b6a5b247b85e86d16643c93d2ce7f3e338360,25.0,0.16,4.0,0.4,-3.6,-90.0,25.0,0.0,-90.0,0.016,False,False,Will the highest temperature in Sao Paulo be 20°C on July 23?,highest-temperature-in-sao-paulo-on-july-23-2026-20c,https://polymarket-upload.s3.us-east-2.amazonaws.com/sao paulo-7deca91e54.jpg,731098,highest-temperature-in-sao-paulo-on-july-23-2026,Yes,0,No,13945883907661660794509957289364302542925018793824281122034663523000214464463,2026-07-23,True,True,True
0xb40e89677d59665d5188541ad860450a6e2a7cc9,17719925723687929135842967134210685487660085072798519162363080288186453772486,0x8de340f075224a95630b3e33359be81e74959cc7202a0a72f3827a293b8c25f7,25.0,0.44,11.0,8.6224,-2.3775,-21.6136,25.0,0.0,-21.6145,0.3449,False,True,Will the highest temperature in Madrid be 38°C on July 23?,highest-temperature-in-madrid-on-july-23-2026-38c,https://polymarket-upload.s3.us-east-2.amazonaws.com/madrid-84bf84053b.jpg,727807,highest-temperature-in-madrid-on-july-23-2026,No,1,Yes,59778436363850758239120923706196998207802436397547762641804915725598964751130,2026-07-23,True,True,False
0xb40e89677d59665d5188541ad860450a6e2a7cc9,17759214151857799533523119315737014784758719262735758405799094104198613813804,0x30b7e6d6a6c13d5e2a30f53b20c2ab297423ef0595b3e0a770a25c55b833cd96,25.0,0.04,1.0,0.9875,-0.0124,-1.24,25.0,0.0,-1.2499,0.0395,False,False,Will the highest temperature in Karachi be 33°C on July 23?,highest-temperature-in-karachi-on-july-23-2026-33c,https://polymarket-upload.s3.us-east-2.amazonaws.com/karachi-dcb1d7dafc.jpg,727987,highest-temperature-in-karachi-on-july-23-2026,Yes,0,No,93383902402758921887594500834913305801571108602574805642720346591269775078719,2026-07-23,True,True,False
0xb40e89677d59665d5188541ad860450a6e2a7cc9,17919098355518412311545733971695828376972717248964136261220014639398426068962,0x73c11446dd60d87bb96f5adf23c0d26688cddc4d9797957a9766d9569d891cd9,25.0,0.3,7.5,5.75,-1.75,-23.3333,25.0,0.0,-23.3333,0.23,False,True,Will the highest temperature in Jeddah be 38°C on July 23?,highest-temperature-in-jeddah-on-july-23-2026-38c,https://polymarket-upload.s3.us-east-2.amazonaws.com/jeddah-43fa85fbaf.jpg,727821,highest-temperature-in-jeddah-on-july-23-2026,Yes,0,No,30978697851635623593799098970826007835053007236954055476404044123877289081300,2026-07-23,True,True,False
0xb40e89677d59665d5188541ad860450a6e2a7cc9,2576821751275623272272197113109179694229095772410254437971580075422967464173,0x8446ce02dc2934f21dc5b3b796ecc98d6a78c5b3e05b0788b93919a87bbcfbc0,25.0,0.05,1.25,0.0,-1.25,-100.0,25.0,0.0,-100.0,0.0,True,False,Will the highest temperature in Shanghai be 31°C on July 13?,highest-temperature-in-shanghai-on-july-13-2026-31c,https://polymarket-upload.s3.us-east-2.amazonaws.com/shanghai-98a00e357b.png,690244,highest-temperature-in-shanghai-on-july-13-2026,Yes,0,No,6510296823225884231876768797841156603071749628054095022926776220354912190677,2026-07-13,True,True,True
0xb40e89677d59665d5188541ad860450a6e2a7cc9,26205140695546224513287531575691654328877894249882449742918260221785675211990,0xb529f70bd4b48303d66114f66d657296e509a2a2ff95cf8118aa464672d0032b,25.0,0.0429,1.075,0.0,-1.075,-100.0,25.0,0.0,-100.0,0.0,True,False,Will the highest temperature in Panama City be 36°C on July 8?,highest-temperature-in-panama-city-on-july-8-2026-36c,https://polymarket-upload.s3.us-east-2.amazonaws.com/panama-city-563f6ab7e6.jpg,675133,highest-temperature-in-panama-city-on-july-8-2026,Yes,0,No,49119411645791442773244589303277543622600897873627053308446832770509873071483,2026-07-08,True,True,True
0xb40e89677d59665d5188541ad860450a6e2a7cc9,26259334096610544635203612424993219546096283382878524925509517537534107777906,0xd77379dffaf076ebc5e88733083cdbf32a3356c1bb4dbff320d87d166d86b47a,25.0,0.041,1.025,0.0,-1.025,-99.9999,25.0,0.0,-100.0,0.0,True,False,Will the highest temperature in Hong Kong be 31°C on July 12?,highest-temperature-in-hong-kong-on-july-12-2026-31c,https://polymarket-upload.s3.us-east-2.amazonaws.com/hongkong-ae9cc75f37.jpg,686638,highest-temperature-in-hong-kong-on-july-12-2026,Yes,0,No,26929262091867840306302830304918373023349388560397166109400773553439481300345,2026-07-12,True,True,True
0xb40e89677d59665d5188541ad860450a6e2a7cc9,26594297078101954651691204299381322896124960271139691913932027307434711750474,0xecd269d47bfc45a01079db6f49242c1a6003af85ffba0df249e3361d70fe7774,25.0,0.04,1.0,0.0,-1.0,-100.0,25.0,0.0,-100.0,0.0,True,False,Will the highest temperature in San Francisco be 67°F or below on July 15?,highest-temperature-in-san-francisco-on-july-15-2026-67forbelow,https://polymarket-upload.s3.us-east-2.amazonaws.com/san-francisco-e705a842df.jpg,701172,highest-temperature-in-san-francisco-on-july-15-2026,Yes,0,No,10815280457629329701337061639729118598057890332856516468824278930951788628919,2026-07-15,True,True,True
0xb40e89677d59665d5188541ad860450a6e2a7cc9,29149004623071651545790759789981157466593041546849906462694967272517271493680,0xc52bb21501b9bdd4f6a245a6925db90b29b8e17ab987b76963400f156d2177a8,25.0,0.05,1.25,0.0,-1.25,-100.0,25.0,0.0,-100.0,0.0,True,False,Will the highest temperature in Beijing be 27°C on July 20?,highest-temperature-in-beijing-on-july-20-2026-27c,https://polymarket-upload.s3.us-east-2.amazonaws.com/beijing-5f83769b5a.jpg,716237,highest-temperature-in-beijing-on-july-20-2026,Yes,0,No,103356464964955624199859776189538540303053527459609576368326160408821611197342,2026-07-20,True,True,True
0xb40e89677d59665d5188541ad860450a6e2a7cc9,292100265866345681373982102990653782549537105573101504428712407992036499574,0x772e9a40f3c1c44ee918d62c4ab0586f9c87b9216742f150a1b60e7e7792dcc3,25.0,0.06,1.5,0.45,-1.05,-70.0,25.0,0.0,-70.0,0.018,False,False,Will the highest temperature in Munich be 21°C on July 23?,highest-temperature-in-munich-on-july-23-2026-21c,https://polymarket-upload.s3.us-east-2.amazonaws.com/munich-f68b5f780d.jpg,727800,highest-temperature-in-munich-on-july-23-2026,Yes,0,No,65247656690665877802535842818147438775538809437355699741111779041388925258489,2026-07-23,True,True,True
0xb40e89677d59665d5188541ad860450a6e2a7cc9,30375788677243646403052817483011167760215218790847227012277067521572631273659,0xc4c534adbef3f93f6a12ddc19833c8f0ec32c4e0f09d957fd08734a4c153d754,25.0,0.94,23.5,24.625,1.125,4.7872,25.0,0.0,4.7872,0.985,False,False,Will the highest temperature in Denver be between 82-83°F on July 23?,highest-temperature-in-denver-on-july-23-2026-82-83f,https://polymarket-upload.s3.us-east-2.amazonaws.com/denver-c2951e9cad.jpg,731115,highest-temperature-in-denver-on-july-23-2026,No,1,Yes,98102801591673634297236892115144239266025894605156576011102596338924985793866,2026-07-23,True,True,True
0xb40e89677d59665d5188541ad860450a6e2a7cc9,3438595587212792926985214710006878573618946910235471710099087704363715913224,0x249d26e7971c6b48cdb333f9ba8cd41959fa423613951a5ef854b4299f5ec0d1,25.0,0.16,4.0,0.0,-4.0,-100.0,25.0,0.0,-100.0,0.0,True,False,Will the highest temperature in Moscow be 23°C on July 11?,highest-temperature-in-moscow-on-july-11-2026-23c,https://polymarket-upload.s3.us-east-2.amazonaws.com/moscow-4addd6349b.jpg,682956,highest-temperature-in-moscow-on-july-11-2026,Yes,0,No,33834390812274785031035075652902408996239676367120219216180739651750046448936,2026-07-11,True,True,True
0xb40e89677d59665d5188541ad860450a6e2a7cc9,36432048922256614712197738738389246602516538957254604558028291334380346123395,0xda28abd51d87fd40c04dfcb46c290de4c9a1321828ebd6974c81c20092959720,25.0,0.04,1.0,0.0,-1.0,-100.0,25.0,0.0,-100.0,0.0,True,False,Will the highest temperature in Qingdao be 32°C on July 19?,highest-temperature-in-qingdao-on-july-19-2026-32c,https://polymarket-upload.s3.us-east-2.amazonaws.com/qingdao-64680595db.jpg,712472,highest-temperature-in-qingdao-on-july-19-2026,Yes,0,No,62067531772557680857475403408693933816012515809532134021362628927795842626223,2026-07-19,True,True,True
0xb40e89677d59665d5188541ad860450a6e2a7cc9,36481643439901215138889730784703618308800526088427841432966750959903094361413,0xdecd2f00c7ef6b21860024ade1f216ba49b74fd1e4c4d5908c9162cc65b751c6,25.0,0.951,23.775,24.375,0.6,2.5236,25.0,0.0,2.5236,0.975,False,False,Will the highest temperature in Jeddah be 35°C on July 23?,highest-temperature-in-jeddah-on-july-23-2026-35c,https://polymarket-upload.s3.us-east-2.amazonaws.com/jeddah-43fa85fbaf.jpg,727821,highest-temperature-in-jeddah-on-july-23-2026,No,1,Yes,19706200733178533532743294770380715360523965908130747192367560891459665987444,2026-07-23,True,True,False
0xb40e89677d59665d5188541ad860450a6e2a7cc9,36501727420508960126774109195677046189573507391437952267679838334915469066071,0xff8d51aa9757e8cfcedc13bb588956dc1926807bde407f1dd9ad3f5ec93d762c,25.0,0.92,23.0,24.9875,1.9875,8.6413,25.0,0.0,8.6413,0.9995,False,True,Will the highest temperature in Mexico City be 25°C on July 22?,highest-temperature-in-mexico-city-on-july-22-2026-25c,https://polymarket-upload.s3.us-east-2.amazonaws.com/mexico-city-e64e24d13b.jpg,727284,highest-temperature-in-mexico-city-on-july-22-2026,No,1,Yes,115627252991955040935778001219369824752628413498299377780211233155724814844336,2026-07-22,True,True,True
0xb40e89677d59665d5188541ad860450a6e2a7cc9,40125052908916493524607193602103802464038491762484772632411543233568897188274,0x3b25fabb2cab4cd946fbece2d2fcf6a2184feda2431b5db9dc5d8cd395139954,25.0,0.05,1.25,0.0,-1.25,-100.0,25.0,0.0,-100.0,0.0,True,False,Will the highest temperature in Wuhan be 34°C on July 13?,highest-temperature-in-wuhan-on-july-13-2026-34c,https://polymarket-upload.s3.us-east-2.amazonaws.com/wuhan-c1b302d9f5.jpg,690252,highest-temperature-in-wuhan-on-july-13-2026,Yes,0,No,72100469558231468351421574211356270792426683561181491382649524913411229654579,2026-07-13,True,True,True
0xb40e89677d59665d5188541ad860450a6e2a7cc9,41206453716482213893620339856658535295942761324000912437847396045712297083984,0xf0e010f8739e55f9c595ca865581bfb9e571da9588948531e91bb155f3f18a14,25.0,0.6,15.0,13.75,-1.25,-8.3333,25.0,0.0,-8.3333,0.55,False,False,Will the highest temperature in Helsinki be 19°C on July 23?,highest-temperature-in-helsinki-on-july-23-2026-19c,https://polymarket-upload.s3.us-east-2.amazonaws.com/hel-537d0cb3c2.jpg,727819,highest-temperature-in-helsinki-on-july-23-2026,No,1,Yes,47589463414266923825394664264732518532756256702825451426943485062225123459124,2026-07-23,True,True,False
0xb40e89677d59665d5188541ad860450a6e2a7cc9,41673709839985886211494012771244822208575595568358205410222280146046429008501,0x426e3c0296830f9f58e3b044a94b65e80786e72e5f3efe861cc0490d7ac8d78f,25.0,0.06,1.5,0.0,-1.5,-100.0,25.0,0.0,-100.0,0.0,True,False,Will the highest temperature in Mexico City be 23°C on July 15?,highest-temperature-in-mexico-city-on-july-15-2026-23c,https://polymarket-upload.s3.us-east-2.amazonaws.com/mexico-city-e64e24d13b.jpg,701173,highest-temperature-in-mexico-city-on-july-15-2026,Yes,0,No,36352145148871409958353258275808089387150056311214872043064218720969782215311,2026-07-15,True,True,True
0xb40e89677d59665d5188541ad860450a6e2a7cc9,44441343777614072333527569030772326245549433178062719431957670681759134402053,0x2f7c2885e10a6d56d73570fa71cf4584d81df28932156b206d5e7fb5696e27f4,25.0,0.05,1.25,0.0,-1.25,-100.0,25.0,0.0,-100.0,0.0,True,False,Will the highest temperature in Taipei be 34°C on July 19?,highest-temperature-in-taipei-on-july-19-2026-34c,https://polymarket-upload.s3.us-east-2.amazonaws.com/taipei-06ae1cc294.jpg,712463,highest-temperature-in-taipei-on-july-19-2026,Yes,0,No,45382843351124678762405948639847059953704137478481467232412911076373400986280,2026-07-19,True,True,True
0xb40e89677d59665d5188541ad860450a6e2a7cc9,45560591879770956721565409340127947091868307762815063168717077153352798900128,0x3cf8864beaa94a596255a1aab87fedb8e4218d85f68cf017f6fda73f2ebe6022,25.0,0.42,10.5,11.875,1.375,13.0952,25.0,0.0,13.0952,0.475,False,True,Will the highest temperature in Toronto be 25°C on July 23?,highest-temperature-in-toronto-on-july-23-2026-25c,https://polymarket-upload.s3.us-east-2.amazonaws.com/highest-temperature-in-toronto-on-december-6-ZHBngGPj9GGd.jpg,731100,highest-temperature-in-toronto-on-july-23-2026,Yes,0,No,30375774120910702592201093151556518074377985159225928064864742814941339450753,2026-07-23,True,True,False
0xb40e89677d59665d5188541ad860450a6e2a7cc9,47832423202636195186397421880091006504892082590709111135880366528941149383613,0x463c35ab289ff0a23302d24881585ea5b0f934a351d07adfb1f9bae4cbd8393a,25.0,0.04,1.0,0.0,-1.0,-100.0,25.0,0.0,-100.0,0.0,True,False,Will the highest temperature in Denver be between 88-89°F on July 15?,highest-temperature-in-denver-on-july-15-2026-88-89f,https://polymarket-upload.s3.us-east-2.amazonaws.com/denver-c2951e9cad.jpg,701169,highest-temperature-in-denver-on-july-15-2026,Yes,0,No,107719418829976829290615758979727223527610597633071306772524964393372010647859,2026-07-15,True,True,True
0xb40e89677d59665d5188541ad860450a6e2a7cc9,49882749254882259439029057831407893573447469998498314700075176491982134142154,0xe1ab733ebff9c81dddec8ada64e9e2c5a270f302669822a430fa5604b3f116b1,25.0,0.07,1.75,0.0,-1.75,-99.9999,25.0,0.0,-100.0,0.0,True,False,Will the highest temperature in Buenos Aires be 18°C on July 14?,highest-temperature-in-buenos-aires-on-july-14-2026-18c,https://polymarket-upload.s3.us-east-2.amazonaws.com/will-the-highest-temperature-in-buenos-aires-be-32-c-or-higher-on-december-6-etNh-JFGhdrt.jpg,697071,highest-temperature-in-buenos-aires-on-july-14-2026,Yes,0,No,46490924811938216021048510952320656202828718208433225122886087928512133205875,2026-07-14,True,True,True
0xb40e89677d59665d5188541ad860450a6e2a7cc9,49995673709619229469564996950792308484252760173807599317184373381359820343255,0x089ced005608c652c2e4501389fd591abdc1f7dcce2b29d9048a7ced03b59852,25.0,0.84,21.0,24.625,3.625,17.2619,25.0,0.0,17.2619,0.985,False,True,Will the highest temperature in Houston be between 96-97°F on July 23?,highest-temperature-in-houston-on-july-23-2026-96-97f,https://polymarket-upload.s3.us-east-2.amazonaws.com/houston-ef6084a9ac.jpg,731116,highest-temperature-in-houston-on-july-23-2026,No,1,Yes,2794035446778472291098668823939094348775712204180228677620099156106186952928,2026-07-23,True,True,True
0xb40e89677d59665d5188541ad860450a6e2a7cc9,51316832552731874752632131454406631931953717514069942846039189973309158461859,0xf0f4b881078fa2276a44bde03348336d7ce943cc3fb8483a28bf4d692c2d6425,25.0,0.061,1.525,1.2874,-0.2375,-15.5737,25.0,0.0,-15.5803,0.0515,False,True,Will the highest temperature in Tel Aviv be 35°C on July 23?,highest-temperature-in-tel-aviv-on-july-23-2026-35c,https://polymarket-upload.s3.us-east-2.amazonaws.com/tel-aviv-8a93e4dc2b.jpg,727801,highest-temperature-in-tel-aviv-on-july-23-2026,Yes,0,No,40468367749109974394893638003595401321080308168265802675954931857447539917533,2026-07-23,True,True,False
0xb40e89677d59665d5188541ad860450a6e2a7cc9,52436403749568175614089672657264194295867790021451872269132473756880531087155,0xfc25862f41776007ba67f8ff7ccb0652ddb6f687a263233f16c6e164b5111bf4,25.0,0.62,15.5,14.1225,-1.3774,-8.8864,25.0,0.0,-8.887,0.5649,False,False,Will the highest temperature in Cape Town be 15°C on July 23?,highest-temperature-in-cape-town-on-july-23-2026-15c,https://polymarket-upload.s3.us-east-2.amazonaws.com/cape-town-6b1f408cef.jpg,727986,highest-temperature-in-cape-town-on-july-23-2026,No,1,Yes,20595578910237291405727824600860769447618093968759605423834700848712169937217,2026-07-23,True,True,False
0xb40e89677d59665d5188541ad860450a6e2a7cc9,53864680597652209864352528090921963623586628349974618073544676955903722737157,0x054a54b947b6214c548a9dbb14e62660b26268fa69d420eeb9ec7b1f25aa1703,25.0,0.9,22.5,21.75,-0.75,-3.3333,25.0,0.0,-3.3333,0.87,False,False,Will the highest temperature in Jeddah be 37°C on July 23?,highest-temperature-in-jeddah-on-july-23-2026-37c,https://polymarket-upload.s3.us-east-2.amazonaws.com/jeddah-43fa85fbaf.jpg,727821,highest-temperature-in-jeddah-on-july-23-2026,No,1,Yes,6426954891904461729887051372818594244438431612968310244129941274766324705960,2026-07-23,True,True,False
0xb40e89677d59665d5188541ad860450a6e2a7cc9,55387620943905772743614780936154047372210975449557563406906560745108771862243,0x2acf77f5738207d0ebf7510af2ab8a11a7289544df27cbbee8220ea87d5590b7,25.0,0.0656,1.64,0.0,-1.64,-99.9999,46.11,8.444,-100.0,0.0,True,False,Will the highest temperature in Cape Town be 23°C on June 20?,highest-temperature-in-cape-town-on-june-20-2026-23c,https://polymarket-upload.s3.us-east-2.amazonaws.com/cape-town-6b1f408cef.jpg,607301,highest-temperature-in-cape-town-on-june-20-2026,Yes,0,No,82990153112117870216832726094448574636564285335138354949285394079778079843266,2026-06-20,True,True,True
0xb40e89677d59665d5188541ad860450a6e2a7cc9,60161712173039297246803968843954481584756262230100829782392518661181126945112,0x0a8cd451c850cba79b7e3ef7008ee12fafd7a9d7c1a580d9f12410c1120b7f02,25.0,0.16,4.0,0.0,-4.0,-100.0,25.0,0.0,-100.0,0.0,True,False,Will the highest temperature in Lucknow be 30°C on July 9?,highest-temperature-in-lucknow-on-july-9-2026-30c,https://polymarket-upload.s3.us-east-2.amazonaws.com/lucknow-0163e1bfc4.jpg,675652,highest-temperature-in-lucknow-on-july-9-2026,Yes,0,No,95566731536534061941833833325155155083506876325211540186030515935166191863356,2026-07-09,True,True,True
0xb40e89677d59665d5188541ad860450a6e2a7cc9,61342591056799603131504455063341643168273537724899220459702647929488950095573,0x356dcc399041657adc7426378371ff04558204aa7c286343f4aaeb6b11443992,25.0,0.07,1.75,0.0,-1.75,-99.9999,25.0,0.0,-100.0,0.0,True,False,Will the highest temperature in Wuhan be 28°C on July 22?,highest-temperature-in-wuhan-on-july-22-2026-28c,https://polymarket-upload.s3.us-east-2.amazonaws.com/wuhan-c1b302d9f5.jpg,724043,highest-temperature-in-wuhan-on-july-22-2026,Yes,0,No,9132035372600847239224831689543809253716615406356642911471214098823606794804,2026-07-22,True,True,True
0xb40e89677d59665d5188541ad860450a6e2a7cc9,6301184071461703959820673685555287399330111805425679315618984157927523019623,0x5ec380510c08eaf38302daec9b377fa4f2c96c25de022f592eb20809306a4d97,25.0,0.06,1.5,0.3625,-1.1375,-75.8333,25.0,0.0,-75.8333,0.0145,False,False,Will the highest temperature in Madrid be 40°C on July 23?,highest-temperature-in-madrid-on-july-23-2026-40c,https://polymarket-upload.s3.us-east-2.amazonaws.com/madrid-84bf84053b.jpg,727807,highest-temperature-in-madrid-on-july-23-2026,Yes,0,No,88737620760193002566598546866104821070772800367498242173292572212434481179501,2026-07-23,True,True,True
0xb40e89677d59665d5188541ad860450a6e2a7cc9,63707756083171927934681957185720945562613591448181972642924771974311667261933,0x1858c829d0bb82bd6db0df82ef0bc072692f591af60de398ee6dced22be64ce2,25.0,0.22,5.5,8.125,2.625,47.7272,25.0,0.0,47.7272,0.325,False,False,Will the highest temperature in Panama City be 28°C on July 23?,highest-temperature-in-panama-city-on-july-23-2026-28c,https://polymarket-upload.s3.us-east-2.amazonaws.com/panama-city-563f6ab7e6.jpg,731120,highest-temperature-in-panama-city-on-july-23-2026,Yes,0,No,40365196917171382260927797357845544010724947340562709789134678238379466969904,2026-07-23,True,True,False
0xb40e89677d59665d5188541ad860450a6e2a7cc9,64921648869162738600903230644065132840485059160910045070687584433546215272171,0x9d95d3c8afde1b9e38690c991459df3ebcf101dcfa4341ebff6c1782ac72bf7c,25.0,0.875,21.875,21.3,-0.5749,-2.6281,25.0,0.0,-2.6285,0.852,False,True,Will the highest temperature in Madrid be 37°C on July 23?,highest-temperature-in-madrid-on-july-23-2026-37c,https://polymarket-upload.s3.us-east-2.amazonaws.com/madrid-84bf84053b.jpg,727807,highest-temperature-in-madrid-on-july-23-2026,No,1,Yes,50473558998200977784129415811034035092343288812565698326563864654657228560291,2026-07-23,True,True,False
0xb40e89677d59665d5188541ad860450a6e2a7cc9,67061799724724649913808324687416296644107948997335314261656727518792081803869,0x8735c898c426b25a05608542e4b88f38e05033f36eb578d48636e347d73b0f80,25.0,0.04,1.0,0.0,-1.0,-100.0,25.0,0.0,-100.0,0.0,True,False,Will the highest temperature in Beijing be 33°C on July 22?,highest-temperature-in-beijing-on-july-22-2026-33c,https://polymarket-upload.s3.us-east-2.amazonaws.com/beijing-5f83769b5a.jpg,724035,highest-temperature-in-beijing-on-july-22-2026,Yes,0,No,95664336677372691229268701286730890941277786134060685233240124469897660794111,2026-07-22,True,True,True
0xb40e89677d59665d5188541ad860450a6e2a7cc9,68958894817101690034521048505773364339278326027941876468454549682097011918481,0x9364d9b4872c5284ce7a619964d5ea829719a03938caf2557a00af0a9458e55f,25.0,0.87,21.75,23.75,2.0,9.1954,25.0,0.0,9.1954,0.95,False,False,Will the highest temperature in Paris be 27°C on July 23?,highest-temperature-in-paris-on-july-23-2026-27c,https://polymarket-upload.s3.us-east-2.amazonaws.com/paris-f08f5c4a28.jpg,727796,highest-temperature-in-paris-on-july-23-2026,No,1,Yes,17323014358180520640543216615423781652137221892581820318125161387060911243797,2026-07-23,True,True,False
0xb40e89677d59665d5188541ad860450a6e2a7cc9,692132122981848081866638106261202829306917510356760499912875974974741318019,0x39e5ca978b554784d698bca20fef367eec3a151084e550547a62a78452cedd2a,25.0,0.04,1.0,0.0,-1.0,-100.0,25.0,0.0,-100.0,0.0,True,False,Will the highest temperature in Toronto be 33°C on July 16?,highest-temperature-in-toronto-on-july-16-2026-33c,https://polymarket-upload.s3.us-east-2.amazonaws.com/highest-temperature-in-toronto-on-december-6-ZHBngGPj9GGd.jpg,704725,highest-temperature-in-toronto-on-july-16-2026,Yes,0,No,12707940342640206779542227030298411925761327941275026973626929065230141875565,2026-07-16,True,True,True
0xb40e89677d59665d5188541ad860450a6e2a7cc9,69475956240043881316444107161080362687988030531453042477230101075431677004922,0x5df2dfb267a2170093423a7bd1007e6dffca011639f5a16f1bf49bab49a9db49,25.0,0.22,5.5,4.125,-1.375,-25.0,25.0,0.0,-25.0,0.165,False,True,Will the highest temperature in Denver be between 84-85°F on July 23?,highest-temperature-in-denver-on-july-23-2026-84-85f,https://polymarket-upload.s3.us-east-2.amazonaws.com/denver-c2951e9cad.jpg,731115,highest-temperature-in-denver-on-july-23-2026,Yes,0,No,55818520131596367856057758441192400905171896568211411877065379827532927962598,2026-07-23,True,True,False
0xb40e89677d59665d5188541ad860450a6e2a7cc9,74797273333935247417329019615800325027953913551147371595702403412438601771753,0x0df1081589248055586f24f5651d29dd51dad3fa98641ae95fe1c6cf19a1f52b,25.0,0.0776,1.94,0.0,-1.94,-100.0,25.0,0.0,-100.0,0.0,True,False,Will the highest temperature in San Francisco be 71°F or below on July 14?,highest-temperature-in-san-francisco-on-july-14-2026-71forbelow,https://polymarket-upload.s3.us-east-2.amazonaws.com/san-francisco-e705a842df.jpg,697083,highest-temperature-in-san-francisco-on-july-14-2026,Yes,0,No,20004356243660754296522295817383934544414357707286843307506389304461848972926,2026-07-14,True,True,True
0xb40e89677d59665d5188541ad860450a6e2a7cc9,77393367101272815599437237235360580820643000860052456094016371024231068734246,0x73e585436044f2c676a5af44d5dd0739b105eeefe02363b8a374f4df8b84f71b,25.0,0.05,1.25,0.0,-1.25,-100.0,25.0,0.0,-100.0,0.0,True,False,Will the highest temperature in Tel Aviv be 33°C on July 13?,highest-temperature-in-tel-aviv-on-july-13-2026-33c,https://polymarket-upload.s3.us-east-2.amazonaws.com/tel-aviv-8a93e4dc2b.jpg,690241,highest-temperature-in-tel-aviv-on-july-13-2026,Yes,0,No,82662252916614032318735770320155006666317965484551318470665576317463692693957,2026-07-13,True,True,True
0xb40e89677d59665d5188541ad860450a6e2a7cc9,78472108488386404616993766983527059047677938895686901416374453748990084750054,0x6390a6eba23b58c1295bdedbbc970f4052a13424eb162f80297420e2ab5a9ae3,25.0,0.66,16.5,15.125,-1.375,-8.3333,25.0,0.0,-8.3333,0.605,False,False,Will the highest temperature in Austin be between 100-101°F on July 23?,highest-temperature-in-austin-on-july-23-2026-100-101f,https://polymarket-upload.s3.us-east-2.amazonaws.com/austin-b18a80e4a0.jpg,731114,highest-temperature-in-austin-on-july-23-2026,No,1,Yes,20246937733035823945814856112782924411108354893180331019612472407206646904567,2026-07-23,True,True,False
0xb40e89677d59665d5188541ad860450a6e2a7cc9,79291895658974858382182797571115721983177037426292911142085294266875227252908,0x4c5fcca2effeafd1d0265dd40998f49fa2017d7ef077ec1b1871c7a052b04f8c,25.0,0.84,21.0,14.625,-6.375,-30.3571,25.0,0.0,-30.3571,0.585,False,True,Will the highest temperature in Ankara be 29°C on July 23?,highest-temperature-in-ankara-on-july-23-2026-29c,https://polymarket-upload.s3.us-east-2.amazonaws.com/highest-temperature-in-ankara-on-january-18-nMXCZiNB0tXP.jpg,727798,highest-temperature-in-ankara-on-july-23-2026,No,1,Yes,36391372228387047473352185338839229605926137405058156875049382779142976146344,2026-07-23,True,True,False
0xb40e89677d59665d5188541ad860450a6e2a7cc9,79893477845368433446282053935198657450497859787052016970889807305572534138796,0xbbb36e54ef60bbbd7098547f8019a5363ee1602ccb936a88c0f2352e48053741,25.0,0.778,19.45,18.625,-0.8249,-4.2411,25.0,0.0,-4.2416,0.745,False,False,Will the highest temperature in Qingdao be 32°C on July 23?,highest-temperature-in-qingdao-on-july-23-2026-32c,https://polymarket-upload.s3.us-east-2.amazonaws.com/qingdao-64680595db.jpg,727823,highest-temperature-in-qingdao-on-july-23-2026,No,1,Yes,27280573271046437865762709095448568892567314816743611837649069672387161970477,2026-07-23,True,True,False
0xb40e89677d59665d5188541ad860450a6e2a7cc9,83993926961457756519027318487971119345309610762903826171693869824609849144873,0x430dbb508995461d08834e098a7d9ad659d8d89c4526b32fd5b9af1e06b2051c,25.0,0.1,2.5,0.0,-2.5,-100.0,25.0,0.0,-100.0,0.0,True,False,Will the highest temperature in Guangzhou be 33°C on July 15?,highest-temperature-in-guangzhou-on-july-15-2026-33c,https://polymarket-upload.s3.us-east-2.amazonaws.com/guangzhou-432bb47dad.jpg,697528,highest-temperature-in-guangzhou-on-july-15-2026,Yes,0,No,84439051946143904927005723298846329220976475888041995800010332545338025407906,2026-07-15,True,True,True
0xb40e89677d59665d5188541ad860450a6e2a7cc9,87044532523898778415563717434086945447953639518054920892441972463118446394969,0x54f8c06cb5a7a68ef65029b104c5f47e3779c47c66c6d9da6a5b172250c66625,25.0,0.63,15.75,14.625,-1.125,-7.1428,25.0,0.0,-7.1428,0.585,False,True,Will the highest temperature in Ankara be 30°C on July 23?,highest-temperature-in-ankara-on-july-23-2026-30c,https://polymarket-upload.s3.us-east-2.amazonaws.com/highest-temperature-in-ankara-on-january-18-nMXCZiNB0tXP.jpg,727798,highest-temperature-in-ankara-on-july-23-2026,No,1,Yes,100277578199052292080574594299653762346465172237027281406552848380742025880579,2026-07-23,True,True,False
0xb40e89677d59665d5188541ad860450a6e2a7cc9,87781970410045225970062116819478394741439174335785044794688919459093546923721,0x946bdddd67f1e4f0c02e1103686b99a6f52da13167c67051b8f0008dde7da9df,25.0,0.06,1.5,0.0,-1.5,-100.0,25.0,0.0,-100.0,0.0,True,False,Will the highest temperature in Guangzhou be 36°C on July 12?,highest-temperature-in-guangzhou-on-july-12-2026-36c,https://polymarket-upload.s3.us-east-2.amazonaws.com/guangzhou-432bb47dad.jpg,686657,highest-temperature-in-guangzhou-on-july-12-2026,Yes,0,No,1589478525789364422793058380761253500929463609953226382802996117639291104807,2026-07-12,True,True,True
0xb40e89677d59665d5188541ad860450a6e2a7cc9,93406810710667211778492752479312641058217483365262457578660439905077681138350,0x48c61f97a993875540a399f08ec2d38ba8cce6947d577a0f65748a1ca1e2809f,25.0,0.04,1.0,0.0,-1.0,-100.0,25.0,0.0,-100.0,0.0,True,False,Will the highest temperature in Chengdu be 35°C on July 8?,highest-temperature-in-chengdu-on-july-8-2026-35c,https://polymarket-upload.s3.us-east-2.amazonaws.com/chengdu-eab4d03cdb.jpg,671854,highest-temperature-in-chengdu-on-july-8-2026,Yes,0,No,106284896980380707819235953459130172157036322516174465741401809495656003399188,2026-07-08,True,True,True
0xb40e89677d59665d5188541ad860450a6e2a7cc9,94691813856317057208622740352171664019190497639277548594436202628704220994825,0x6cac4411b6ee5033d949f92ba6fc108448dd0ac47799615d2be208bdd4ceb859,25.0,0.19,4.75,5.125,0.375,7.8947,25.0,0.0,7.8947,0.205,False,True,Will the highest temperature in New York City be between 82-83°F on July 23?,highest-temperature-in-nyc-on-july-23-2026-82-83f,https://polymarket-upload.s3.us-east-2.amazonaws.com/test-nyc-weather-pciture-cgUEW73XBkei.jpg,731109,highest-temperature-in-nyc-on-july-23-2026,Yes,0,No,46190429608193967026979487387785177886923895721792252213979655110281229415219,2026-07-23,True,True,False
0xb40e89677d59665d5188541ad860450a6e2a7cc9,65115106138765304440983238832974464475751172262747030556122204095655008042459,0x35c7ea432bb5ed043d18c65bb8d69ac4eeecd315f7ec80274b6c7893b8140d39,24.9965,0.53,13.2481,12.1233,-1.1248,-8.4902,24.9965,0.0,-8.4909,0.485,False,True,Will the highest temperature in Munich be 23°C on July 23?,highest-temperature-in-munich-on-july-23-2026-23c,https://polymarket-upload.s3.us-east-2.amazonaws.com/munich-f68b5f780d.jpg,727800,highest-temperature-in-munich-on-july-23-2026,No,1,Yes,99510688161386034385090781877351631820146691473333631400374482072065150006799,2026-07-23,True,True,False
0xb40e89677d59665d5188541ad860450a6e2a7cc9,60805958010950081325938263936181499257249166882107837538840429877053669840525,0xb74f6bf15cd9dbebc0eb696ea07aa6b8b2ca083f608434a48986bf4edd27851c,24.9955,0.1,2.4995,0.0374,-2.4621,-98.5015,24.9955,0.0,-98.5037,0.0015,False,True,Will the highest temperature in Austin be between 106-107°F on July 22?,highest-temperature-in-austin-on-july-22-2026-106-107f,https://polymarket-upload.s3.us-east-2.amazonaws.com/austin-b18a80e4a0.jpg,727279,highest-temperature-in-austin-on-july-22-2026,Yes,0,No,110627581635028373733103796174148390011044072533304976149017321670452228491092,2026-07-22,True,True,True
0xb40e89677d59665d5188541ad860450a6e2a7cc9,51726561719855861969759348968669283077850545639704328935305663145948143675288,0x5c3da704e2ea5cf12a4f36c4e8beca02ca5c42eef7bd1fd6bc8a0ed57fdf0445,24.9953,0.042,1.0498,0.0,-1.0498,-99.9995,24.9953,0.0,-100.0,0.0,True,False,Will the highest temperature in Taipei be 32°C on July 7?,highest-temperature-in-taipei-on-july-7-2026-32c,https://polymarket-upload.s3.us-east-2.amazonaws.com/taipei-06ae1cc294.jpg,668429,highest-temperature-in-taipei-on-july-7-2026,Yes,0,No,36408867138117007712068546255089566113719866613546408544628436880777337004912,2026-07-07,True,True,True
0xb40e89677d59665d5188541ad860450a6e2a7cc9,112136075413289783455415372571281630823262557769879068858676115602532828494819,0xd3c29a913409f54b4fd9c6f4c37cf3578a72c588c12a378bab22361a163956d7,24.9952,0.08,1.9996,0.0,-1.9996,-99.9991,24.9952,0.0,-100.0,0.0,True,False,Will the highest temperature in Busan be 29°C on July 17?,highest-temperature-in-busan-on-july-17-2026-29c,https://polymarket-upload.s3.us-east-2.amazonaws.com/busan-ac26e40e59.jpg,705219,highest-temperature-in-busan-on-july-17-2026,Yes,0,No,62872944382845042887094565022603230310532944180339297187856338040640745797128,2026-07-17,True,True,True
0xb40e89677d59665d5188541ad860450a6e2a7cc9,64507107711750290600544502363313695566259583443151366884025998452305980796822,0x6eee89559c6ec18399f9f5b945b55ae5ae2e4429736f95b2a919a73d52d76ddc,24.9948,0.0509,1.2747,0.3124,-0.9623,-75.4902,24.9948,0.0,-75.4929,0.0125,False,False,Will the highest temperature in Milan be 33°C on July 23?,highest-temperature-in-milan-on-july-23-2026-33c,https://polymarket-upload.s3.us-east-2.amazonaws.com/milan-dba8e5d984.jpg,727806,highest-temperature-in-milan-on-july-23-2026,Yes,0,No,64366590333551112750577633161344718316872025171933185548736691808178799080269,2026-07-23,True,True,True
0xb40e89677d59665d5188541ad860450a6e2a7cc9,105062490088201736125009460161595153746063196721158509990556820065592352758947,0x2094babd38d96e3ac0c7b5346c27dbab0a8c7cf8e631cb3225a6793b182ab966,24.9945,0.1084,2.7105,0.0,-2.7105,-99.9997,24.9945,0.0,-100.0,0.0,True,False,Will the highest temperature in Shenzhen be 30°C on July 5?,highest-temperature-in-shenzhen-on-july-5-2026-30c,https://polymarket-upload.s3.us-east-2.amazonaws.com/shenzhen-cf834873c6.jpg,661262,highest-temperature-in-shenzhen-on-july-5-2026,Yes,0,No,104210681785874896731384477376795065153135231094356338855638629559339501131264,2026-07-05,True,True,True
0xb40e89677d59665d5188541ad860450a6e2a7cc9,75483932892835829350074642952137110290795873626713696319185290148180866284954,0x2ba552af264567e4b891b6ff7bfe3425b8f4915ad4232e745d4b16ff7c8f1274,24.9934,0.07,1.7495,0.0124,-1.7371,-99.2889,24.9934,0.0,-99.2912,0.0005,False,False,Will the highest temperature in Miami be between 94-95°F on July 22?,highest-temperature-in-miami-on-july-22-2026-94-95f,https://polymarket-upload.s3.us-east-2.amazonaws.com/highest-temperature-in-miami-on-december-5-fjW5d7xet1Aq.jpg,727277,highest-temperature-in-miami-on-july-22-2026,Yes,0,No,100116723551149646311141128897278961457016752847111772694694641176371668575581,2026-07-22,True,True,True
0xb40e89677d59665d5188541ad860450a6e2a7cc9,61896979747246155975942398519413485186516233187368401206957908944757581981696,0x315f9214ae2b7f950b051b372abd89b174e86e53f1e64f3b3cfd52686694e056,24.9926,0.05,1.2496,0.0,-1.2496,-99.9975,24.9926,0.0,-100.0,0.0,True,False,Will the highest temperature in Lucknow be 32°C on July 20?,highest-temperature-in-lucknow-on-july-20-2026-32c,https://polymarket-upload.s3.us-east-2.amazonaws.com/lucknow-0163e1bfc4.jpg,716393,highest-temperature-in-lucknow-on-july-20-2026,Yes,0,No,99342320698791145927402616692673543580486724879077352426355258628028583453107,2026-07-20,True,True,True
0xb40e89677d59665d5188541ad860450a6e2a7cc9,114732337209199621270714091418375888773990582643166456018476201569189200658356,0x4fb0652e05979d467709caabfd1378443de771a71d786b96bf9b3174f4dd8d1f,24.9917,0.11,2.749,2.6241,-0.1249,-4.5433,24.9917,0.0,-4.5468,0.105,False,False,Will the highest temperature in Moscow be 23°C on July 23?,highest-temperature-in-moscow-on-july-23-2026-23c,https://polymarket-upload.s3.us-east-2.amazonaws.com/moscow-4addd6349b.jpg,727815,highest-temperature-in-moscow-on-july-23-2026,Yes,0,No,25542004450006197728084307468452476103266840335098663234946623219503985378547,2026-07-23,True,True,False
0xb40e89677d59665d5188541ad860450a6e2a7cc9,38749532240533362622555874576435309651009314767248139198129024039991662131954,0x3befcf7ffda0c3c86fb65c87d4f3fe126379cd3e29c584e60012916cc072df2e,24.9904,0.09,2.2491,0.0,-2.2491,-99.9982,24.9904,0.0,-100.0,0.0,True,False,Will the highest temperature in Dallas be between 94-95°F on July 7?,highest-temperature-in-dallas-on-july-7-2026-94-95f,https://polymarket-upload.s3.us-east-2.amazonaws.com/highest-temperature-in-dallas-on-december-5-m1XZuVxmKEs_.jpg,671361,highest-temperature-in-dallas-on-july-7-2026,Yes,0,No,22447361444519220093245720231746481705599276610242972878706495619957357280238,2026-07-07,True,True,True
0xb40e89677d59665d5188541ad860450a6e2a7cc9,47685421622518446738312724253710919745401426908736942625809685579788658079372,0xd3c305275f07da439782b75c3a058a3909dade8d30f1b6d4f736153f0a487488,24.9883,0.04,0.9995,0.0,-0.9995,-99.9967,24.9883,0.0,-100.0,0.0,True,False,Will the highest temperature in Wuhan be 32°C on July 9?,highest-temperature-in-wuhan-on-july-9-2026-32c,https://polymarket-upload.s3.us-east-2.amazonaws.com/wuhan-c1b302d9f5.jpg,675500,highest-temperature-in-wuhan-on-july-9-2026,Yes,0,No,22190212750608266875197897096037076116067727352182612557512848753766032205874,2026-07-09,True,True,True
0xb40e89677d59665d5188541ad860450a6e2a7cc9,12077107964048001474072483951130693105372800176687365425738950169783662666409,0x29765cdddb2dd18be6008a0b6791ba1685d52ba9aa455d1748f596168b240515,24.8909,0.07,1.7423,3.2358,1.4934,85.7111,24.8909,0.0,85.7132,0.13,False,True,Will the highest temperature in Karachi be 36°C on July 23?,highest-temperature-in-karachi-on-july-23-2026-36c,https://polymarket-upload.s3.us-east-2.amazonaws.com/karachi-dcb1d7dafc.jpg,727987,highest-temperature-in-karachi-on-july-23-2026,Yes,0,No,101806446093805772712692689972999581501126150622930716648712512485680945667623,2026-07-23,True,True,False
0xb40e89677d59665d5188541ad860450a6e2a7cc9,103871332760271344782401731105682228032712561011992071481419796555010852517464,0xab6f23d0b13ebefd34bf5f72aaa001806fd1944a7956ea1f4a2d1f4ad9264f94,24.7841,0.1353,3.3548,0.0,-3.3548,-99.9999,60.8941,13.1671,-100.0,0.0,True,False,Will the highest temperature in Manila be 32°C on July 7?,highest-temperature-in-manila-on-july-7-2026-32c,https://polymarket-upload.s3.us-east-2.amazonaws.com/manila-1586e292d0.jpg,668444,highest-temperature-in-manila-on-july-7-2026,Yes,0,No,81891529956736298348579701477535413725870884347641076280681350641736341237900,2026-07-07,True,True,True
0xb40e89677d59665d5188541ad860450a6e2a7cc9,87196809824280303230678721400470870006683085230437713854212588058739959637661,0xca553bfc14a2d1295e72fac62ff58ccb00e68a1ab9a3f3c424e3e00656b1cfd9,24.5,0.041,1.0045,0.0,-1.0045,-100.0,24.5,0.0,-100.0,0.0,True,False,Will the highest temperature in Panama City be 28°C on July 10?,highest-temperature-in-panama-city-on-july-10-2026-28c,https://polymarket-upload.s3.us-east-2.amazonaws.com/panama-city-563f6ab7e6.jpg,682467,highest-temperature-in-panama-city-on-july-10-2026,Yes,0,No,37433726371521019223979155457359691436755840369882032532364392118770702156949,2026-07-10,True,True,True
0xb40e89677d59665d5188541ad860450a6e2a7cc9,101253579512609694885569519689186394302474547506425961161137220419790633268684,0x78900da12e5c773f058f8d61dbc2f12da2bb55c34f0870e59f6c12f8737d63ed,23.9579,0.04,0.9583,0.9583,0.0,0.0,23.9579,0.0,-0.0018,0.04,False,False,Will the highest temperature in Panama City be 31°C on July 23?,highest-temperature-in-panama-city-on-july-23-2026-31c,https://polymarket-upload.s3.us-east-2.amazonaws.com/panama-city-563f6ab7e6.jpg,731120,highest-temperature-in-panama-city-on-july-23-2026,Yes,0,No,16304325839747332316178987048431761385031653334164486736360591594505654016925,2026-07-23,True,True,False
0xb40e89677d59665d5188541ad860450a6e2a7cc9,104407956297483422630414371989120952266458088481882235811420395616829301941612,0x7271d816ff3c26dd89b3c6c06843c1714f72df7eaff4ae60eab06e1649894965,23.86,0.8958,21.3739,22.0705,0.6965,3.2586,23.86,0.0,3.2587,0.925,False,True,Will the highest temperature in Lucknow be 34°C on July 23?,highest-temperature-in-lucknow-on-july-23-2026-34c,https://polymarket-upload.s3.us-east-2.amazonaws.com/lucknow-0163e1bfc4.jpg,727978,highest-temperature-in-lucknow-on-july-23-2026,No,1,Yes,24482060797202539440132789655217680044530080062699499484077929724516428788462,2026-07-23,True,True,False
0xb40e89677d59665d5188541ad860450a6e2a7cc9,76742265841734473479844026741283393612970977251364871302267122198417178187615,0xb102c7a7131b02c8cb7cedc16db22411ead0571aa9e3b1eab1a310d840bb5da9,23.86,0.18,4.2947,4.414,0.1192,2.7754,23.86,0.0,2.7754,0.185,False,True,Will the highest temperature in Munich be 24°C on July 23?,highest-temperature-in-munich-on-july-23-2026-24c,https://polymarket-upload.s3.us-east-2.amazonaws.com/munich-f68b5f780d.jpg,727800,highest-temperature-in-munich-on-july-23-2026,Yes,0,No,10847071703683056716555799611593644293892506048190476401832970725561800218592,2026-07-23,True,True,False
0xb40e89677d59665d5188541ad860450a6e2a7cc9,21783694783671242028645231914309099933074740194694654076429190885478207786165,0x871cdda79c6b9585876a5eeb192cb770af4d99ab3498c844e9eee41937d15229,23.55,0.5911,13.9209,14.2477,0.3267,2.3468,23.55,0.0,2.3468,0.605,False,False,Will the highest temperature in Wuhan be 33°C on July 23?,highest-temperature-in-wuhan-on-july-23-2026-33c,https://polymarket-upload.s3.us-east-2.amazonaws.com/wuhan-c1b302d9f5.jpg,727812,highest-temperature-in-wuhan-on-july-23-2026,No,1,Yes,32966945781223984106532060728821348627113676063380709627997590250917428573662,2026-07-23,True,True,False
0xb40e89677d59665d5188541ad860450a6e2a7cc9,51615431741654033304460374814614022950101261305539798546768262136148476098904,0x6d67bff9ed0e0d509a26333f4a09bf1bec81465e76c53c45418a3685f3d448d1,23.3333,0.7514,17.5333,16.6833,-0.85,-4.8479,23.3333,0.0,-4.848,0.715,False,True,Will the highest temperature in Denver be between 88-89°F on July 23?,highest-temperature-in-denver-on-july-23-2026-88-89f,https://polymarket-upload.s3.us-east-2.amazonaws.com/denver-c2951e9cad.jpg,731115,highest-temperature-in-denver-on-july-23-2026,No,1,Yes,1070394855333624873004062753582328487837924344344608100022243075606188188510,2026-07-23,True,True,False
0xb40e89677d59665d5188541ad860450a6e2a7cc9,11047921991081591668496295145255615420820161367244670194544262319406677496323,0x7ec5b5a93090adee7466ca490c932db5c2a21ef5a86e249c35706e5519a8ba62,23.19,0.87,20.1753,21.9145,1.7392,8.6204,23.19,0.0,8.6204,0.945,False,True,Will the highest temperature in Qingdao be 29°C on July 23?,highest-temperature-in-qingdao-on-july-23-2026-29c,https://polymarket-upload.s3.us-east-2.amazonaws.com/qingdao-64680595db.jpg,727823,highest-temperature-in-qingdao-on-july-23-2026,No,1,Yes,113459845357076604415804764894878308689879525218259702139308575947295811837186,2026-07-23,True,True,False
0xb40e89677d59665d5188541ad860450a6e2a7cc9,65002613206517374828946320228661144997297410244539941472865436966667304524201,0xda55360289564c5a3caeefabd4675aba9254a2271ded1491054af431c6e21ad1,23.14,0.9128,21.1222,21.9598,0.8375,3.965,23.14,0.0,3.9651,0.949,False,False,Will the highest temperature in Taipei be 37°C on July 23?,highest-temperature-in-taipei-on-july-23-2026-37c,https://polymarket-upload.s3.us-east-2.amazonaws.com/taipei-06ae1cc294.jpg,727809,highest-temperature-in-taipei-on-july-23-2026,No,1,Yes,28109877160746871925588072441125507982222853333719440537651163122848625349771,2026-07-23,True,True,False
0xb40e89677d59665d5188541ad860450a6e2a7cc9,33413249226496676136152398272931348866094621952938023990286699242662917400871,0xe04249ec47d41095aa59ef3c7ce6e17d0c874c7933d1be75d99fb8bf3fbc0674,23.1,0.6899,15.939,16.5165,0.5775,3.6231,23.1,0.0,3.6231,0.715,False,True,Will the highest temperature in Milan be 32°C on July 23?,highest-temperature-in-milan-on-july-23-2026-32c,https://polymarket-upload.s3.us-east-2.amazonaws.com/milan-dba8e5d984.jpg,727806,highest-temperature-in-milan-on-july-23-2026,No,1,Yes,106837982564482491986443000892961509373948923271108235547689614155450158549233,2026-07-23,True,True,False
0xb40e89677d59665d5188541ad860450a6e2a7cc9,7629415846207808291652130702184249004624966215489879529222774116961854750944,0x727314a3b7d6cf4055f9f87060d829ab71d1c88f78c2a4428eb5e776443b1913,23.0,0.1066,2.4529,0.0,-2.4529,-99.996,23.0,0.0,-100.0,0.0,True,False,Will the highest temperature in Sao Paulo be 23°C on July 15?,highest-temperature-in-sao-paulo-on-july-15-2026-23c,https://polymarket-upload.s3.us-east-2.amazonaws.com/sao paulo-7deca91e54.jpg,701159,highest-temperature-in-sao-paulo-on-july-15-2026,Yes,0,No,47596573064332151100488311250163938379082247993783456178952814010611192342756,2026-07-15,True,True,True
0xb40e89677d59665d5188541ad860450a6e2a7cc9,16349350455686274072372439625949093916060698472957096096069511610030114252996,0x0bd64a898436ec53f5b513ea99fcc5383fe3ba912e84f5959f020913476317d9,22.9792,0.3208,7.3731,0.0,-7.3731,-99.9995,157.7283,8.226,-100.0,0.0,True,False,Will the highest temperature in Taipei be 35°C on July 7?,highest-temperature-in-taipei-on-july-7-2026-35c,https://polymarket-upload.s3.us-east-2.amazonaws.com/taipei-06ae1cc294.jpg,668429,highest-temperature-in-taipei-on-july-7-2026,No,1,Yes,87366164003849812399760046582193695803496964161460893340231352441110186359457,2026-07-07,True,True,True
0xb40e89677d59665d5188541ad860450a6e2a7cc9,65496770232424170165631025042113759911848642641403745008398774168704830009068,0x38d26d644161f63875034ef0ea5ad1db39191d69ac7694ba8f824e1b7323f47e,22.9507,0.4991,11.4557,12.5081,1.0523,9.1857,22.9507,0.0,9.1864,0.545,False,False,Will the highest temperature in Guangzhou be 36°C on July 23?,highest-temperature-in-guangzhou-on-july-23-2026-36c,https://polymarket-upload.s3.us-east-2.amazonaws.com/guangzhou-432bb47dad.jpg,727822,highest-temperature-in-guangzhou-on-july-23-2026,No,1,Yes,103306612158373722708224081415907042650326740303551858254725047938855563912103,2026-07-23,True,True,False
0xb40e89677d59665d5188541ad860450a6e2a7cc9,71524716359128235618985550811779275639325638592001001387865153634326142020743,0xae72b677b5061c3a9c729af10de956aa22f5d3292e5d56324c1df7105b1a21e4,22.9195,0.2041,4.6794,2.4065,-2.2729,-48.5716,22.9195,0.0,-48.5733,0.105,False,True,Will the highest temperature in Manila be 34°C on July 23?,highest-temperature-in-manila-on-july-23-2026-34c,https://polymarket-upload.s3.us-east-2.amazonaws.com/manila-1586e292d0.jpg,727824,highest-temperature-in-manila-on-july-23-2026,Yes,0,No,25613628950442186148667292393907462392653483174319652838565149782365589359801,2026-07-23,True,True,False
0xb40e89677d59665d5188541ad860450a6e2a7cc9,53241379817385775513412229078706907067566509900184296316839984331430536042029,0x062c33e30820f06371922b15c0f86de9cf8301605b61cc02a248de9641d514ec,22.8889,0.1134,2.5971,0.0,-2.5971,-99.9977,64.75,16.1806,-100.0,0.0,True,False,Will the highest temperature in Qingdao be 26°C on July 7?,highest-temperature-in-qingdao-on-july-7-2026-26c,https://polymarket-upload.s3.us-east-2.amazonaws.com/qingdao-64680595db.jpg,668443,highest-temperature-in-qingdao-on-july-7-2026,Yes,0,No,60837425603125439780694395676947192643218056895491762371411441442758840903428,2026-07-07,True,True,True
0xb40e89677d59665d5188541ad860450a6e2a7cc9,59423338787686268179468663129321072641748690899709972038028831107135853127960,0xb4270a73de0728dd339681594b68d800f297a4f240b925bb1e8c058ba8f06f19,22.82,0.06,1.3692,0.0,-1.3692,-100.0,22.82,0.0,-100.0,0.0,True,False,Will the highest temperature in Miami be between 88-89°F on July 10?,highest-temperature-in-miami-on-july-10-2026-88-89f,https://polymarket-upload.s3.us-east-2.amazonaws.com/highest-temperature-in-miami-on-december-5-fjW5d7xet1Aq.jpg,682459,highest-temperature-in-miami-on-july-10-2026,Yes,0,No,82207077360186685417887261692556239896606391362901222145618834478247328272904,2026-07-10,True,True,True
0xb40e89677d59665d5188541ad860450a6e2a7cc9,99974354102266491063734989457852725704871623705597277400991008597553101811658,0xe23a36ac297b0042b3e94b2c2dac271083ee3fd2e38d45b92fc1ab7a9fd4e42e,22.8003,0.018,0.4104,0.0,-0.4104,-99.9982,22.8003,0.0,-100.0,0.0,True,False,Will the highest temperature in New York City be between 90-91°F on July 9?,highest-temperature-in-nyc-on-july-9-2026-90-91f,https://polymarket-upload.s3.us-east-2.amazonaws.com/test-nyc-weather-pciture-cgUEW73XBkei.jpg,678806,highest-temperature-in-nyc-on-july-9-2026,Yes,0,No,73240205990670786628070163246646905549448604554090283084124668377815262476688,2026-07-09,True,True,True
0xb40e89677d59665d5188541ad860450a6e2a7cc9,55213654842829572915158140208073574778629581319441437691138361185851198915939,0x017f88f5f28f4fccb4e66b70f061d1f0f39f3f0e69cd83f7fcda6b41e504dfed,22.783,0.1947,4.4369,0.0,-4.4369,-99.9993,42.143,5.9096,-100.0,0.0,True,False,Will the highest temperature in Chicago be between 76-77°F on July 6?,highest-temperature-in-chicago-on-july-6-2026-76-77f,https://polymarket-upload.s3.us-east-2.amazonaws.com/highest-temperature-in-chicago-on-december-5-IoEGq9msnWg6.jpg,667968,highest-temperature-in-chicago-on-july-6-2026,Yes,0,No,8398358899996546797565573076978874009252254873930136381474731429575554804079,2026-07-06,True,True,True
0xb40e89677d59665d5188541ad860450a6e2a7cc9,22446469752475559937864920641855791142838763877279073450805113790076865025894,0xbbf979cd4570252c0721d6a12b552763a7c217368b51004f78de97613a9e5506,22.6932,0.0903,2.0494,0.0,-2.0494,-99.9963,75.1662,21.4975,-100.0,0.0,True,False,Will the highest temperature in Houston be between 92-93°F on July 6?,highest-temperature-in-houston-on-july-6-2026-92-93f,https://polymarket-upload.s3.us-east-2.amazonaws.com/houston-ef6084a9ac.jpg,667971,highest-temperature-in-houston-on-july-6-2026,Yes,0,No,21005413416450262570268315414583390777389216902039234637495102011709631444036,2026-07-06,True,True,True
0xb40e89677d59665d5188541ad860450a6e2a7cc9,69207865758808866304962265150357719361683487375850494206874853897307460705486,0x74aec06f85ad66ee8b7e93d0cb59433faa1d95672731360c0ff199624d68d8f7,22.12,0.74,16.3688,16.1476,-0.2211,-1.3507,22.12,0.0,-1.3513,0.73,False,False,Will the highest temperature in Mexico City be 27°C on July 23?,highest-temperature-in-mexico-city-on-july-23-2026-27c,https://polymarket-upload.s3.us-east-2.amazonaws.com/mexico-city-e64e24d13b.jpg,731119,highest-temperature-in-mexico-city-on-july-23-2026,No,1,Yes,49792495012171980289509800811379865171095243072494494594454988906247583057246,2026-07-23,True,True,False
0xb40e89677d59665d5188541ad860450a6e2a7cc9,12387607911555700594356808045908414641901839276708398128863319362554371693040,0xbc17a397f8ccf558a291e1f78410329caa97f647498280307146cacde8d5f94a,22.1152,0.0851,1.8837,0.0,-1.8837,-99.9958,89.6266,28.005,-100.0,0.0,True,False,Will the highest temperature in Busan be 32°C on July 7?,highest-temperature-in-busan-on-july-7-2026-32c,https://polymarket-upload.s3.us-east-2.amazonaws.com/busan-ac26e40e59.jpg,668437,highest-temperature-in-busan-on-july-7-2026,Yes,0,No,102401670900165791815326023351624543514962780985412997921704579593896455583691,2026-07-07,True,True,True
0xb40e89677d59665d5188541ad860450a6e2a7cc9,18556313455106081302450588831940262165524354894670288897886791852259524798046,0x0df74b5fdb8989f0c336cfa7804d381290476b82cc48afcc2f4380e487bc1711,22.0222,0.6229,13.7191,22.0112,8.292,60.4412,22.0222,0.0,60.4418,0.9995,False,True,Will the highest temperature in Panama City be 31°C on July 22?,highest-temperature-in-panama-city-on-july-22-2026-31c,https://polymarket-upload.s3.us-east-2.amazonaws.com/panama-city-563f6ab7e6.jpg,727285,highest-temperature-in-panama-city-on-july-22-2026,No,1,Yes,75304444725040435700708421688810927037556635969260610002084229699181853598310,2026-07-22,True,True,True
0xb40e89677d59665d5188541ad860450a6e2a7cc9,59679143108642252516966926435301761725479115011472615915013870549224418216324,0x668ccccfae5cd5f274a363223481c73ac9a8cd0f41ab1e9a40a7ed35c19a94ca,22.0,0.05,1.1,0.0,-1.1,-100.0,22.0,0.0,-100.0,0.0,True,False,Will the highest temperature in Panama City be 31°C on July 15?,highest-temperature-in-panama-city-on-july-15-2026-31c,https://polymarket-upload.s3.us-east-2.amazonaws.com/panama-city-563f6ab7e6.jpg,701174,highest-temperature-in-panama-city-on-july-15-2026,Yes,0,No,72236458325615670383619040686699849479459369989435319927533520371213941470907,2026-07-15,True,True,True
0xb40e89677d59665d5188541ad860450a6e2a7cc9,97125087439227766488193951407624050083729597424434473765710858399726553461098,0x521a6df9186c0a4aed88a1a37ea089781bed8fda0a1d8ac5ccf3f448c6612ca9,22.0,0.0509,1.1219,0.033,-1.089,-97.0588,22.0,0.0,-97.0588,0.0015,False,True,Will the highest temperature in Dallas be between 110-111°F on July 22?,highest-temperature-in-dallas-on-july-22-2026-110-111f,https://polymarket-upload.s3.us-east-2.amazonaws.com/highest-temperature-in-dallas-on-december-5-m1XZuVxmKEs_.jpg,727275,highest-temperature-in-dallas-on-july-22-2026,Yes,0,No,101635654079327300461388080264542956526426871299762458212806110934100540668599,2026-07-22,True,True,True
0xb40e89677d59665d5188541ad860450a6e2a7cc9,113369752276280006338630121437577362386123951440343128375585903320331400054234,0xfa57de75999a9ba0cd765fa1d7d22a54d7a186b31bd2d69176209e8b7c26ae8a,21.9923,0.139,3.0573,0.0,-3.0573,-99.9973,21.9923,0.0,-100.0,0.0,True,False,Will the highest temperature in Panama City be 29°C on July 12?,highest-temperature-in-panama-city-on-july-12-2026-29c,https://polymarket-upload.s3.us-east-2.amazonaws.com/panama-city-563f6ab7e6.jpg,689812,highest-temperature-in-panama-city-on-july-12-2026,Yes,0,No,99258004388582275393540550055107281816461611210180906710243886510639274177862,2026-07-12,True,True,True
0xb40e89677d59665d5188541ad860450a6e2a7cc9,83704056896319048928151321048439950614934581490020334964728353860131575638639,0xf47febc83098e262dfd879b17492e09e716d5549e47a7f9727021c90f9612229,21.7752,0.0269,0.5862,0.0,-0.5862,-99.9943,21.7752,0.0,-100.0,0.0,True,False,Will the highest temperature in London be 25°C on July 4?,highest-temperature-in-london-on-july-4-2026-25c,https://polymarket-upload.s3.us-east-2.amazonaws.com/highest-temperature-in-london-on-jan-22-eouu0bkjph8i.jpg,657620,highest-temperature-in-london-on-july-4-2026,Yes,0,No,69010442763124349125346214685906474230651909941706956011031172789432308571664,2026-07-04,True,True,True
0xb40e89677d59665d5188541ad860450a6e2a7cc9,68712185792175078988278064358186252022743584222545329319657271408164871099047,0x5474c4b730fc41760a2f8f5ec27beb8b4876e8168d1dfbb7a4bd6ee6459d7ab6,21.6872,0.6384,13.8453,13.5545,-0.2908,-2.1003,21.6872,0.0,-2.101,0.625,False,True,Will the highest temperature in Kuala Lumpur be 32°C on July 23?,highest-temperature-in-kuala-lumpur-on-july-23-2026-32c,https://polymarket-upload.s3.us-east-2.amazonaws.com/kuala-2535fee773.jpg,727820,highest-temperature-in-kuala-lumpur-on-july-23-2026,No,1,Yes,40557820665498036796870682142192453396726674164788439467854225795296090439226,2026-07-23,True,True,False
0xb40e89677d59665d5188541ad860450a6e2a7cc9,65834492385750174849732446922757175389355767687594356842803641649443306999965,0x39b2b10a7f818ffeda45b2378e2c892a63862688eea39e5c9e88d0e3c0a77809,21.57,0.149,3.2154,0.8628,-2.3526,-73.1647,21.57,0.0,-73.1673,0.04,False,True,Will the highest temperature in Chengdu be 41°C on July 23?,highest-temperature-in-chengdu-on-july-23-2026-41c,https://polymarket-upload.s3.us-east-2.amazonaws.com/chengdu-eab4d03cdb.jpg,727813,highest-temperature-in-chengdu-on-july-23-2026,Yes,0,No,60262206084130959485255485116973080583420512200937115621645824393181939056462,2026-07-23,True,True,False
0xb40e89677d59665d5188541ad860450a6e2a7cc9,81621331101915344379374767310101295309734339039340404177083527099777065479954,0x5544d9267afa1bf26bb055fd6e1a7d83fd88c56d034b89a236ec315e0fededec,21.52,0.33,7.1016,7.2092,0.1075,1.5137,21.52,0.0,1.5151,0.335,False,True,Will the highest temperature in Seoul be 28°C on July 23?,highest-temperature-in-seoul-on-july-23-2026-28c,https://polymarket-upload.s3.us-east-2.amazonaws.com/highest-temperature-in-seoul-on-december-6-WzqtMeHg43n4.jpg,727797,highest-temperature-in-seoul-on-july-23-2026,Yes,0,No,45286926717014733291840682913839051072556904047836140841017865184508670074625,2026-07-23,True,True,False
0xb40e89677d59665d5188541ad860450a6e2a7cc9,38751242089818560006389142692793254168196434995322961727662296658047793884962,0x159ccc44a38b254a22856a6da7a02c8ea2e35d6ff33feb62229da8bb013ac9ed,21.4476,0.8125,17.4265,19.1956,1.769,10.1512,21.4476,0.0,10.1517,0.895,False,True,Will the highest temperature in Shenzhen be 32°C on July 23?,highest-temperature-in-shenzhen-on-july-23-2026-32c,https://polymarket-upload.s3.us-east-2.amazonaws.com/shenzhen-cf834873c6.jpg,727814,highest-temperature-in-shenzhen-on-july-23-2026,No,1,Yes,114472408031522252200050456416469233562107520085369693608428611344325210312936,2026-07-23,True,True,False
0xb40e89677d59665d5188541ad860450a6e2a7cc9,44990915823697969034945766515466757153851157164483913482325152913128620877130,0x027f05f52cb0d8d037ae07f95a64d816cfe7e2b0f402e06cb5a7a08536fbb14d,21.3607,0.0927,1.9817,0.0,-1.9817,-99.9986,108.792,35.6042,-100.0,0.0,True,False,Will the highest temperature in Taipei be 33°C on July 7?,highest-temperature-in-taipei-on-july-7-2026-33c,https://polymarket-upload.s3.us-east-2.amazonaws.com/taipei-06ae1cc294.jpg,668429,highest-temperature-in-taipei-on-july-7-2026,Yes,0,No,41019335481714752679729644401730079352828149621094795379923462873928422287262,2026-07-07,True,True,True
0xb40e89677d59665d5188541ad860450a6e2a7cc9,54080439489550732261991010396475934189426234804779010167863797060354336369376,0x545012f105e9a02b6e81a163c931cd7fbdd95c5d042f4b0ccc387fc65047fe36,21.1421,0.1654,3.4984,0.0,-3.4984,-99.9982,106.7221,28.6288,-100.0,0.0,True,False,Will the highest temperature in Taipei be 36°C on July 7?,highest-temperature-in-taipei-on-july-7-2026-36c,https://polymarket-upload.s3.us-east-2.amazonaws.com/taipei-06ae1cc294.jpg,668429,highest-temperature-in-taipei-on-july-7-2026,Yes,0,No,54309441978702512151548865165546021561558810078698810551083056658548654310573,2026-07-07,True,True,True
0xb40e89677d59665d5188541ad860450a6e2a7cc9,85754359327383376154405958714414321000438505922516990204113412446144554691076,0x3599b9b99bd9815c1658e43fe4cff8a5005fefc405582bf2fd4ec2deeb2f55e6,21.1016,0.9414,19.8666,21.0911,1.2244,6.163,21.1016,0.0,6.1632,0.9995,False,False,Will the highest temperature in Buenos Aires be 11°C on July 22?,highest-temperature-in-buenos-aires-on-july-22-2026-11c,https://polymarket-upload.s3.us-east-2.amazonaws.com/will-the-highest-temperature-in-buenos-aires-be-32-c-or-higher-on-december-6-etNh-JFGhdrt.jpg,727264,highest-temperature-in-buenos-aires-on-july-22-2026,No,1,Yes,58857180713794793668466082060669608337113049913244840481599705564782805694545,2026-07-22,True,True,True
0xb40e89677d59665d5188541ad860450a6e2a7cc9,31126236872072165539839634632015141837314337238467119296609669994961299230622,0xea8259de0cabf8e477cd1d13e79c571297382f3843da16a11809db3045b20f74,21.04,0.1227,2.5829,0.0,-2.5829,-99.9962,21.04,0.0,-100.0,0.0,True,False,Will the highest temperature in Milan be 28°C on July 22?,highest-temperature-in-milan-on-july-22-2026-28c,https://polymarket-upload.s3.us-east-2.amazonaws.com/milan-dba8e5d984.jpg,724030,highest-temperature-in-milan-on-july-22-2026,Yes,0,No,46175865884097074038832583151594421575804475849819133891686381707059440373085,2026-07-22,True,True,True
0xb40e89677d59665d5188541ad860450a6e2a7cc9,48535851630947245955419502129473289800879260683237094602545235833807638534046,0xe33b35f15e0a4c8f94e530c5d31d78fa0b7adbaa69b4a7e5ed9a974cffe14d78,21.04,0.05,1.052,0.0,-1.052,-100.0,21.04,0.0,-100.0,0.0,True,False,Will the highest temperature in San Francisco be between 76-77°F on July 20?,highest-temperature-in-san-francisco-on-july-20-2026-76-77f,https://polymarket-upload.s3.us-east-2.amazonaws.com/san-francisco-e705a842df.jpg,719620,highest-temperature-in-san-francisco-on-july-20-2026,Yes,0,No,91194470252185010419969191837895473338504277399152090294841640302948252793713,2026-07-20,True,True,True
0xb40e89677d59665d5188541ad860450a6e2a7cc9,62165105376404570562422979137992450216712464385602461345063836699064546431356,0x06b1b0178410a3ff72192d13fa9ea3b9107c47463c8fd397f27d2fce6270debb,20.91,0.17,3.5547,3.4501,-0.1046,-2.9425,20.91,0.0,-2.9425,0.165,False,False,Will the highest temperature in Cape Town be 16°C on July 23?,highest-temperature-in-cape-town-on-july-23-2026-16c,https://polymarket-upload.s3.us-east-2.amazonaws.com/cape-town-6b1f408cef.jpg,727986,highest-temperature-in-cape-town-on-july-23-2026,Yes,0,No,23623405309637921851144343993754021374144850204079295840256088795284399519394,2026-07-23,True,True,False
0xb40e89677d59665d5188541ad860450a6e2a7cc9,49799110239894543984120202342978616268392617632837944635834544104611865028116,0x591c02a398623528e3510aa7d93e146fe9d54eb3faa1eb81d9a3c09411793517,20.6115,0.5659,11.6653,0.0,-11.6653,-99.9998,925.0051,-58.3943,-100.0,0.0,True,False,Will the highest temperature in Guangzhou be 30°C on July 7?,highest-temperature-in-guangzhou-on-july-7-2026-30c,https://polymarket-upload.s3.us-east-2.amazonaws.com/guangzhou-432bb47dad.jpg,668442,highest-temperature-in-guangzhou-on-july-7-2026,Yes,0,No,108978836049312602857756687990149427806653607535729103563770992784535150404433,2026-07-07,True,True,True
0xb40e89677d59665d5188541ad860450a6e2a7cc9,38506540742687944554515443351646264814410157228881183665769463571377126950908,0x2b49ba097fff028a695ff64b530a987c4cb9fb22e5412757e85546eae903f91e,20.6074,0.0599,1.2359,0.0,-1.2359,-99.9939,20.6074,0.0,-100.0,0.0,True,False,Will the highest temperature in Sao Paulo be 24°C on July 19?,highest-temperature-in-sao-paulo-on-july-19-2026-24c,https://polymarket-upload.s3.us-east-2.amazonaws.com/sao paulo-7deca91e54.jpg,715755,highest-temperature-in-sao-paulo-on-july-19-2026,Yes,0,No,38386701578366118281269047599065134155594290962871922351834736700349002316642,2026-07-19,True,True,True
0xb40e89677d59665d5188541ad860450a6e2a7cc9,112921518813850849693381281178672516160969273788131043804997038948071627837991,0xb1890ed020771d41a10eb1c4fb695edf6f69daf1c466c33659f041de61e7df2e,20.5714,0.9513,19.5714,20.5714,0.9999,5.1089,20.5714,0.0,5.1094,1.0,True,False,Will the highest temperature in Toronto be 23°C or below on July 21?,highest-temperature-in-toronto-on-july-21-2026-23corbelow,https://polymarket-upload.s3.us-east-2.amazonaws.com/highest-temperature-in-toronto-on-december-6-ZHBngGPj9GGd.jpg,723591,highest-temperature-in-toronto-on-july-21-2026,No,1,Yes,35937932282105085132388110101660168539496466079462245595377556544202848529085,2026-07-21,True,True,True
0xb40e89677d59665d5188541ad860450a6e2a7cc9,102650450621824808133930643667805608017320197148977199733206642348443323450092,0xd0fe600424590b5bf43c33c2ce330ed89803ebe4b66b429e932e2040860d11fe,20.4914,0.5095,10.4418,0.0,-10.4418,-99.9994,133.2027,-1.0787,-100.0,0.0,True,False,Will the highest temperature in Atlanta be between 88-89°F on July 6?,highest-temperature-in-atlanta-on-july-6-2026-88-89f,https://polymarket-upload.s3.us-east-2.amazonaws.com/highest-temperature-in-atlanta-on-december-5--dClj_prA8Ny.jpg,667966,highest-temperature-in-atlanta-on-july-6-2026,Yes,0,No,11465764263367254796082157431295417620114599554428236252030188300125441475766,2026-07-06,True,True,True
0xb40e89677d59665d5188541ad860450a6e2a7cc9,38416611818593414068616470595628505901651028967878068522998175351066950919889,0x874fea68a38650837211d1ef2997247aa03a0ff4232b02cfdbe9970738a56a68,20.4105,0.0513,1.0473,0.0,-1.0473,-99.9993,50.5671,13.5309,-100.0,0.0,True,False,Will the highest temperature in Wuhan be 29°C on July 7?,highest-temperature-in-wuhan-on-july-7-2026-29c,https://polymarket-upload.s3.us-east-2.amazonaws.com/wuhan-c1b302d9f5.jpg,668432,highest-temperature-in-wuhan-on-july-7-2026,Yes,0,No,14811085491207956804520300625173869057731902850984466935110580990995358507937,2026-07-07,True,True,True
0xb40e89677d59665d5188541ad860450a6e2a7cc9,18521658628129444060728965927548105184424847801678560491802645497156018861315,0xa6aab75378938893b35c1cf3e0ca9a29bd34a532ec3dd6dbbe4de656de6dfdf3,20.3299,0.17,3.4561,3.4561,0.0,0.0,20.3299,0.0,0.0,0.17,False,False,Will the highest temperature in Warsaw be 18°C on July 23?,highest-temperature-in-warsaw-on-july-23-2026-18c,https://polymarket-upload.s3.us-east-2.amazonaws.com/warsaw-7f43eebaf6.jpg,727808,highest-temperature-in-warsaw-on-july-23-2026,Yes,0,No,47193660256026240681575871285309763179690614371073778512738018803826151481253,2026-07-23,True,True,False
0xb40e89677d59665d5188541ad860450a6e2a7cc9,114451070170181671366350749159115847479909603423899311986927043022160300255684,0x607dab0b7ee148dbb9bb2865842fc937cf3b710b102b8ce9fb2c2d13a3c58141,20.19,0.2,4.038,0.0,-4.038,-100.0,20.19,0.0,-100.0,0.0,True,False,Will the highest temperature in Seattle be between 68-69°F on July 10?,highest-temperature-in-seattle-on-july-10-2026-68-69f,https://polymarket-upload.s3.us-east-2.amazonaws.com/highest-temperature-in-seattle-on-december-5-mjogoGN44OY4.jpg,682455,highest-temperature-in-seattle-on-july-10-2026,Yes,0,No,79747444424968338138619484005284047481283557410672773793655175749750514962608,2026-07-10,True,True,True
0xb40e89677d59665d5188541ad860450a6e2a7cc9,8643011412356862173327823608430280599261327492222794461966291229607877372270,0x6e784fbcc135552bc6a629a1efced069e4d01c637d4cc9a928154d564b9bcbbc,20.0703,0.1104,2.2167,0.0,-2.2167,-99.9966,20.0703,0.0,-100.0,0.0,True,False,Will the highest temperature in Busan be 29°C on July 9?,highest-temperature-in-busan-on-july-9-2026-29c,https://polymarket-upload.s3.us-east-2.amazonaws.com/busan-ac26e40e59.jpg,675505,highest-temperature-in-busan-on-july-9-2026,Yes,0,No,85909397359748768423302366777251666398468394446394814595634466611912913140088,2026-07-09,True,True,True
0xb40e89677d59665d5188541ad860450a6e2a7cc9,3048538954047777560814177006851622737106943484870566610954852425953343061874,0x185daa94a8b8b0c14ecc9d822c567851a4071d5a22de091dc000568ed625a9b2,20.0,0.04,0.8,0.36,-0.44,-54.9999,20.0,0.0,-55.0,0.018,False,False,Will the highest temperature in Chengdu be 42°C on July 23?,highest-temperature-in-chengdu-on-july-23-2026-42c,https://polymarket-upload.s3.us-east-2.amazonaws.com/chengdu-eab4d03cdb.jpg,727813,highest-temperature-in-chengdu-on-july-23-2026,Yes,0,No,92674694418150039936544570021682623193608025511386534277475077291285581736117,2026-07-23,True,True,True
0xb40e89677d59665d5188541ad860450a6e2a7cc9,51608391695783322514314452689482150254028391598783082018577320175717784037494,0x63cd0010949ba446c5fc069096be113a65b7b9022625142ea2441b97ffb6478c,20.0,0.066,1.32,0.0,-1.32,-100.0,20.0,0.0,-100.0,0.0,True,False,Will the highest temperature in Denver be between 96-97°F on July 17?,highest-temperature-in-denver-on-july-17-2026-96-97f,https://polymarket-upload.s3.us-east-2.amazonaws.com/denver-c2951e9cad.jpg,708376,highest-temperature-in-denver-on-july-17-2026,Yes,0,No,59338609626367900120924641547484977193786947544917676020875573510123116232230,2026-07-17,True,True,True
0xb40e89677d59665d5188541ad860450a6e2a7cc9,53310797882842404453036544936032548711439085350062606065816963107685422174504,0x7fb5f2c2e550fc9abc035ea97b8b58b183219c0fed24df7bb0e2af0eca2c1d68,20.0,0.54,10.8,11.1,0.2999,2.7768,20.0,0.0,2.7777,0.555,False,True,Will the highest temperature in Amsterdam be 20°C on July 23?,highest-temperature-in-amsterdam-on-july-23-2026-20c,https://polymarket-upload.s3.us-east-2.amazonaws.com/amsterdam-02ab78335a.jpg,727818,highest-temperature-in-amsterdam-on-july-23-2026,No,1,Yes,7189824174930337797138001169069334164437632830258259710541534605088632122189,2026-07-23,True,True,False
0xb40e89677d59665d5188541ad860450a6e2a7cc9,92324275815401718664199728124042118661989602312778543043040080333481625963419,0xba92e55e7da992d31247ea11002b0a88cfb6215381a47be9dbfcee27c73c6882,20.0,0.9,18.0,18.6,0.6,3.3333,20.0,0.0,3.3333,0.93,False,True,Will the highest temperature in Singapore be 32°C on July 23?,highest-temperature-in-singapore-on-july-23-2026-32c,https://polymarket-upload.s3.us-east-2.amazonaws.com/singapore-4b057edc68.jpg,727805,highest-temperature-in-singapore-on-july-23-2026,No,1,Yes,91370601711775004156631118670078166698000149253045188201416538125437513292577,2026-07-23,True,True,False
0xb40e89677d59665d5188541ad860450a6e2a7cc9,36954122544624990310998717962383012346070003049587488924684404145789211218387,0x1b4e7a2a4bfeeffd98b1d8d439aafec0480a73cce27ba1244309764f934d2068,19.9496,0.1924,3.8395,0.0,-3.8395,-99.9992,87.4351,20.7544,-100.0,0.0,True,False,Will the highest temperature in Denver be between 94-95°F on July 6?,highest-temperature-in-denver-on-july-6-2026-94-95f,https://polymarket-upload.s3.us-east-2.amazonaws.com/denver-c2951e9cad.jpg,667970,highest-temperature-in-denver-on-july-6-2026,Yes,0,No,19709578884964362121426756962902396234442696815941806752249373721554110325471,2026-07-06,True,True,True
0xb40e89677d59665d5188541ad860450a6e2a7cc9,8004860129272542282397803999096450256671890534257543963692050144452583794556,0x1e0296f4b9245c4acf25224228dad233d5329d2be22ba65a0f078e7269ad57b4,19.8823,0.7022,13.9623,15.6076,1.6452,11.7831,19.8823,0.0,11.7835,0.785,False,True,Will the highest temperature in Wuhan be 34°C on July 23?,highest-temperature-in-wuhan-on-july-23-2026-34c,https://polymarket-upload.s3.us-east-2.amazonaws.com/wuhan-c1b302d9f5.jpg,727812,highest-temperature-in-wuhan-on-july-23-2026,No,1,Yes,46312241858762736765579204581967575200695509898144215406516059104046840527630,2026-07-23,True,True,False
0xb40e89677d59665d5188541ad860450a6e2a7cc9,63218429103856081435957208490581316736179038456304979637090604574974090592552,0x2feb4b62fbd9c07c8373206e66513b591a959c4c16fd842b5be8767a2472fdf6,19.84,0.951,18.8678,19.84,0.9721,5.1521,19.84,0.0,5.1524,1.0,True,False,Will the highest temperature in Kuala Lumpur be 28°C on July 22?,highest-temperature-in-kuala-lumpur-on-july-22-2026-28c,https://polymarket-upload.s3.us-east-2.amazonaws.com/kuala-2535fee773.jpg,724050,highest-temperature-in-kuala-lumpur-on-july-22-2026,No,1,Yes,72362731718597335405684484946714762832068921817355787289339364486911537584954,2026-07-22,True,True,True
0xb40e89677d59665d5188541ad860450a6e2a7cc9,31552159738938239595099345714980879519476554331423900564639085423969077064192,0x4b77c3ff1b3aa5b97fa6b8e96b89a2713f9c7a7cf480fc20d5221d64b76a9577,19.66,0.9184,18.0561,19.66,1.6038,8.8822,19.66,0.0,8.8826,1.0,True,True,Will the highest temperature in Warsaw be 24°C on July 22?,highest-temperature-in-warsaw-on-july-22-2026-24c,https://polymarket-upload.s3.us-east-2.amazonaws.com/warsaw-7f43eebaf6.jpg,724032,highest-temperature-in-warsaw-on-july-22-2026,No,1,Yes,57033814981485984449572269170469718255265087286686110645520890462615653325868,2026-07-22,True,True,True
0xb40e89677d59665d5188541ad860450a6e2a7cc9,60415604772868244406688254370271673125839295568976338680843395657604990643020,0xd0371efc111d1010e91d673aba11cc817ee4a673f8b8c75d3a9d25cae77a6f23,19.5909,0.2011,3.9402,0.0,-3.9402,-99.9977,101.1745,24.383,-100.0,0.0,True,False,Will the highest temperature in Dallas be between 100-101°F on July 6?,highest-temperature-in-dallas-on-july-6-2026-100-101f,https://polymarket-upload.s3.us-east-2.amazonaws.com/highest-temperature-in-dallas-on-december-5-m1XZuVxmKEs_.jpg,667965,highest-temperature-in-dallas-on-july-6-2026,Yes,0,No,99034831296423459149457909037480185811512504535057660044372135356153454635865,2026-07-06,True,True,True
0xb40e89677d59665d5188541ad860450a6e2a7cc9,8763744758645816573989304313904122563532343996886745232443005736191084766922,0xa4a7b79f4cfe601ffceb0a6795da7c52f886af9954eebd6224b19aeef7a983d3,19.5,0.052,1.014,0.0,-1.014,-100.0,29.5,4.48,-100.0,0.0,True,False,Will the highest temperature in Atlanta be between 96-97°F on July 7?,highest-temperature-in-atlanta-on-july-7-2026-96-97f,https://polymarket-upload.s3.us-east-2.amazonaws.com/highest-temperature-in-atlanta-on-december-5--dClj_prA8Ny.jpg,671362,highest-temperature-in-atlanta-on-july-7-2026,Yes,0,No,48763946229934439704646796051278606453113301891280552845293898002464964768767,2026-07-07,True,True,True
0xb40e89677d59665d5188541ad860450a6e2a7cc9,20648239382993077235306592649742243307012314498549265708005408873838915386081,0x51c15b6aa0ad352c8232d4b94a4c535b4a28c044c2142fa84e664c1c904b3692,19.0494,0.0871,1.6603,0.0,-1.6603,-99.9978,105.66,35.7563,-100.0,0.0,True,False,Will the highest temperature in Chengdu be 34°C on July 7?,highest-temperature-in-chengdu-on-july-7-2026-34c,https://polymarket-upload.s3.us-east-2.amazonaws.com/chengdu-eab4d03cdb.jpg,668433,highest-temperature-in-chengdu-on-july-7-2026,Yes,0,No,58867628312481431853833072343436104014819174292343548479134830831238890452229,2026-07-07,True,True,True
0xb40e89677d59665d5188541ad860450a6e2a7cc9,62525027256651515895588001202395213763922224789156242797594632851980474945111,0x757036e5b6e8b760a5199d3859949ea8bf7ad152942c05834360ffedd0cea53b,19.0,0.42,7.98,7.6,-0.3799,-4.7606,19.0,0.0,-4.7619,0.4,False,True,Will the highest temperature in Tokyo be 35°C on July 23?,highest-temperature-in-tokyo-on-july-23-2026-35c,https://polymarket-upload.s3.us-east-2.amazonaws.com/tokyo-d6ed4bcfd5.jpg,727802,highest-temperature-in-tokyo-on-july-23-2026,Yes,0,No,108427407545545282546790029036700733997552379546933651088387481644290085760557,2026-07-23,True,True,False
0xb40e89677d59665d5188541ad860450a6e2a7cc9,78697135722783105481016238758813831999066008072840908125409923717563126183273,0x76622e2632bb7dff6f1a45195c5cca0e70e288a2fe8c1f7a63fdbcd7c1bb7c46,18.86,0.1862,3.5123,3.2062,-0.3061,-8.7149,18.86,0.0,-8.7169,0.17,False,True,Will the highest temperature in Panama City be 30°C on July 23?,highest-temperature-in-panama-city-on-july-23-2026-30c,https://polymarket-upload.s3.us-east-2.amazonaws.com/panama-city-563f6ab7e6.jpg,731120,highest-temperature-in-panama-city-on-july-23-2026,Yes,0,No,11002108372698063917795059839761222394306530294071196153090258154471118840942,2026-07-23,True,True,False
0xb40e89677d59665d5188541ad860450a6e2a7cc9,115394141949446500910518573530905405834992484033365346636229736029567365818729,0xe27df5b8dd60d320b91d524672cfaa0330414a99dfcc7c998e8f19a6f6bb0d10,18.3278,0.112,2.0533,2.5658,0.5124,24.9538,18.3278,0.0,24.9542,0.14,False,True,Will the highest temperature in Seattle be between 72-73°F on July 23?,highest-temperature-in-seattle-on-july-23-2026-72-73f,https://polymarket-upload.s3.us-east-2.amazonaws.com/highest-temperature-in-seattle-on-december-5-mjogoGN44OY4.jpg,731108,highest-temperature-in-seattle-on-july-23-2026,Yes,0,No,74778485381444756593386667679749813374560166397759530851840687522068054027584,2026-07-23,True,True,False
0xb40e89677d59665d5188541ad860450a6e2a7cc9,108023708539902245583329284629193434055055237164701446960645051646721196119726,0x1dfb218091df79a4c6cf6cc4e97c8c3d021f7913e506da2f473462bf45f97a2a,18.3033,0.111,2.0316,0.0,-2.0316,-99.9963,18.3033,0.0,-100.0,0.0,True,False,Will the highest temperature in Buenos Aires be 12°C on July 5?,highest-temperature-in-buenos-aires-on-july-5-2026-12c,https://polymarket-upload.s3.us-east-2.amazonaws.com/will-the-highest-temperature-in-buenos-aires-be-32-c-or-higher-on-december-6-etNh-JFGhdrt.jpg,664380,highest-temperature-in-buenos-aires-on-july-5-2026,Yes,0,No,13851005637536377328960407532710188153537685883034411020548899993553557362091,2026-07-05,True,True,True
0xb40e89677d59665d5188541ad860450a6e2a7cc9,29462875272926149039197059618192704420155893723114060100945187081591294464945,0x35834af278669791df2ddaefb4a24d1b0c2e672ec2ea85a5a71d52320df686aa,18.02,0.6462,11.646,10.1794,-1.4666,-12.593,18.02,0.0,-12.5938,0.5649,False,True,Will the highest temperature in Qingdao be 31°C on July 23?,highest-temperature-in-qingdao-on-july-23-2026-31c,https://polymarket-upload.s3.us-east-2.amazonaws.com/qingdao-64680595db.jpg,727823,highest-temperature-in-qingdao-on-july-23-2026,No,1,Yes,56302619050238666148351777125999107878015281569247665070139691215820096510246,2026-07-23,True,True,False
0xb40e89677d59665d5188541ad860450a6e2a7cc9,105731713089932959701034608704441851267192553473136439006906289579472289449906,0xfeb78ae5b350e0b7e35115daa87040e6db95713263b73956ec469787cb6a979c,18.0,0.961,17.2979,17.991,0.693,4.0062,18.0,0.0,4.0062,0.9995,False,False,Will the highest temperature in Los Angeles be between 84-85°F on July 22?,highest-temperature-in-los-angeles-on-july-22-2026-84-85f,https://polymarket-upload.s3.us-east-2.amazonaws.com/los-angeles-cdae9380c7.jpg,727282,highest-temperature-in-los-angeles-on-july-22-2026,No,1,Yes,60826090306587384188382311368249348729874938437294734671891878346315186381671,2026-07-22,True,True,True
0xb40e89677d59665d5188541ad860450a6e2a7cc9,33530677485297033021398110705646898068613997940045919184754171436937478497880,0x2cbdd0b18648fc4e302146ba8ac95784b99cd5a1abd3bd9f0b426f2c9cb48450,18.0,0.06,1.08,0.0,-1.08,-100.0,18.0,0.0,-100.0,0.0,True,False,Will the highest temperature in Warsaw be 20°C on July 21?,highest-temperature-in-warsaw-on-july-21-2026-20c,https://polymarket-upload.s3.us-east-2.amazonaws.com/warsaw-7f43eebaf6.jpg,720239,highest-temperature-in-warsaw-on-july-21-2026,Yes,0,No,70514681283641084237633428448733951621866657653960491900426566463899415910198,2026-07-21,True,True,True
0xb40e89677d59665d5188541ad860450a6e2a7cc9,27016220719600819265881679538561801875679635145543027733191158241190447959253,0x319ad547d1b68b05297cc0c7ec6e60eb6660575b55f8d3ee9e17e63d6d802113,17.9962,0.113,2.0338,0.0,-2.0338,-99.9997,17.9962,0.0,-100.0,0.0,True,False,Will the highest temperature in Lucknow be 31°C on July 22?,highest-temperature-in-lucknow-on-july-22-2026-31c,https://polymarket-upload.s3.us-east-2.amazonaws.com/lucknow-0163e1bfc4.jpg,724023,highest-temperature-in-lucknow-on-july-22-2026,Yes,0,No,4846631124937177801630771306036773562236680617873640185764872685841011360576,2026-07-22,True,True,True
0xb40e89677d59665d5188541ad860450a6e2a7cc9,99887485509083181983671209877322962109959261899348672301678167401948099936031,0x156475584be90b6bda987a2e821c89a0b608a97ab2f5fdcd3b422e4f11a13b57,17.8125,0.8621,15.3567,15.7729,0.4161,2.7095,17.8125,0.0,2.7101,0.8855,False,False,Will the highest temperature in Singapore be 29°C on July 23?,highest-temperature-in-singapore-on-july-23-2026-29c,https://polymarket-upload.s3.us-east-2.amazonaws.com/singapore-4b057edc68.jpg,727805,highest-temperature-in-singapore-on-july-23-2026,No,1,Yes,78388383059576174165544346118058154844889897298595694338822012599041965502713,2026-07-23,True,True,False
0xb40e89677d59665d5188541ad860450a6e2a7cc9,78399607836113324232226255354318274859350136199223398347051958210700824617124,0x30401cbdb6b6d0f2b2b8fdcf3d6b6d73bfd71c3a416bb10f2bd92abc41253d92,17.726,0.06,1.0635,1.418,0.3544,33.3219,17.726,0.0,33.3254,0.08,False,False,Will the highest temperature in Denver be between 90-91°F on July 23?,highest-temperature-in-denver-on-july-23-2026-90-91f,https://polymarket-upload.s3.us-east-2.amazonaws.com/denver-c2951e9cad.jpg,731115,highest-temperature-in-denver-on-july-23-2026,Yes,0,No,43421619197086799544276525751031203178367341681726379336798755663678712424930,2026-07-23,True,True,False
0xb40e89677d59665d5188541ad860450a6e2a7cc9,112730829257736449256691668325169737219434872641507628171222368740881189196021,0x423ff95430c681058d163dc392bb01ae491ede52805aa7897c3b77c7384fec4b,17.5858,0.2981,5.2425,7.1222,1.8796,35.8526,17.5858,0.0,35.8531,0.405,False,True,Will the highest temperature in Dallas be between 100-101°F on July 23?,highest-temperature-in-dallas-on-july-23-2026-100-101f,https://polymarket-upload.s3.us-east-2.amazonaws.com/highest-temperature-in-dallas-on-december-5-m1XZuVxmKEs_.jpg,731110,highest-temperature-in-dallas-on-july-23-2026,Yes,0,No,93898145939163637275292791981882790365767932708910261684890382419041407379160,2026-07-23,True,True,False
0xb40e89677d59665d5188541ad860450a6e2a7cc9,112422191069191718843909348605717149814077728172856716534752109439538051401697,0x45dbcb71672d06d3926d94025fb33c5c7930622b7beaae35cd5abb120319106b,17.5,0.78,13.65,13.0375,-0.6125,-4.4871,17.5,0.0,-4.4871,0.745,False,True,Will the highest temperature in Toronto be 26°C on July 23?,highest-temperature-in-toronto-on-july-23-2026-26c,https://polymarket-upload.s3.us-east-2.amazonaws.com/highest-temperature-in-toronto-on-december-6-ZHBngGPj9GGd.jpg,731100,highest-temperature-in-toronto-on-july-23-2026,No,1,Yes,83438013030466274556656976787063240228218930093627557390065708779765733941621,2026-07-23,True,True,False
0xb40e89677d59665d5188541ad860450a6e2a7cc9,2560013645016358838240126189582712440248309267589529972204925494414205778936,0xe9e5ea52b2e118b69d00ec20818d3605638f30055bfb2846a426a894261f7eb8,17.5,0.94,16.45,17.5,1.05,6.3829,17.5,0.0,6.3829,1.0,True,True,Will the highest temperature in Ankara be 35°C on July 21?,highest-temperature-in-ankara-on-july-21-2026-35c,https://polymarket-upload.s3.us-east-2.amazonaws.com/highest-temperature-in-ankara-on-january-18-nMXCZiNB0tXP.jpg,720229,highest-temperature-in-ankara-on-july-21-2026,No,1,Yes,12280051864056903745319394568366996497693966225359421563134199581276537695224,2026-07-21,True,True,True
0xb40e89677d59665d5188541ad860450a6e2a7cc9,106364403424192241579374726917981811799993058754558656889021672888251332039861,0xe0b68dec7e2bb348a7670228e98bc3a57f0f2d226d9b2f53d619109cae59d8a9,17.2913,0.2552,4.4133,5.2738,0.8604,19.4954,17.2913,0.0,19.4967,0.305,False,True,Will the highest temperature in Wuhan be 32°C on July 23?,highest-temperature-in-wuhan-on-july-23-2026-32c,https://polymarket-upload.s3.us-east-2.amazonaws.com/wuhan-c1b302d9f5.jpg,727812,highest-temperature-in-wuhan-on-july-23-2026,Yes,0,No,54254251288266240497088780890092390820075481477772032839110423430985737987020,2026-07-23,True,True,False
0xb40e89677d59665d5188541ad860450a6e2a7cc9,23250170748795358704589829786573169100788176003641739181809108050655067303145,0x5142d3f770b52314fd5505ea3467fbd50e79a4f9b4ff70265b6b96e33748bb5b,17.2764,0.1965,3.3964,2.7642,-0.6322,-18.6134,17.2764,0.0,-18.6154,0.16,False,True,Will the highest temperature in Amsterdam be 21°C on July 23?,highest-temperature-in-amsterdam-on-july-23-2026-21c,https://polymarket-upload.s3.us-east-2.amazonaws.com/amsterdam-02ab78335a.jpg,727818,highest-temperature-in-amsterdam-on-july-23-2026,Yes,0,No,114382144432333145096750392989647445871005888677552838895480781209510394046695,2026-07-23,True,True,False
0xb40e89677d59665d5188541ad860450a6e2a7cc9,57033814981485984449572269170469718255265087286686110645520890462615653325868,0x4b77c3ff1b3aa5b97fa6b8e96b89a2713f9c7a7cf480fc20d5221d64b76a9577,17.2177,0.0539,0.9286,0.0,-0.9286,-99.9937,17.2177,0.0,-100.0,0.0,True,True,Will the highest temperature in Warsaw be 24°C on July 22?,highest-temperature-in-warsaw-on-july-22-2026-24c,https://polymarket-upload.s3.us-east-2.amazonaws.com/warsaw-7f43eebaf6.jpg,724032,highest-temperature-in-warsaw-on-july-22-2026,Yes,0,No,31552159738938239595099345714980879519476554331423900564639085423969077064192,2026-07-22,True,True,True
0xb40e89677d59665d5188541ad860450a6e2a7cc9,66573830199655853557263072737490261167387061514718245253102292659741667641568,0x88fc1ec37407d626fd01ddd30414dd0c2e8a6bd2fa133e688aea51d6d8bb543c,17.19,0.037,0.636,0.0,-0.636,-99.9952,17.19,0.0,-100.0,0.0,True,False,Will the highest temperature in Shanghai be 27°C on July 12?,highest-temperature-in-shanghai-on-july-12-2026-27c,https://polymarket-upload.s3.us-east-2.amazonaws.com/shanghai-98a00e357b.png,686639,highest-temperature-in-shanghai-on-july-12-2026,Yes,0,No,82669949317890701500216899534151981863471003089208483935393245289702051572625,2026-07-12,True,True,True
0xb40e89677d59665d5188541ad860450a6e2a7cc9,83166550435851826525467227169719906264954397915241693683887785780822607992495,0xe526457da5c2fe07281c561808798b3de8fecccb1061cc13f9097be0eef49edf,17.0953,0.1173,2.0057,0.0,-2.0057,-99.9953,47.0953,11.4801,-100.0,0.0,True,False,Will the highest temperature in Dallas be 93°F or below on July 6?,highest-temperature-in-dallas-on-july-6-2026-93forbelow,https://polymarket-upload.s3.us-east-2.amazonaws.com/highest-temperature-in-dallas-on-december-5-m1XZuVxmKEs_.jpg,667965,highest-temperature-in-dallas-on-july-6-2026,Yes,0,No,62255113922689903821213379152024619189677407101391232305603270259005175773410,2026-07-06,True,True,True
0xb40e89677d59665d5188541ad860450a6e2a7cc9,90306871628653354974043828307369113753878639448507727679876367221584742749778,0x5818d167e3c781a32d629bdce6701f45b39b2e92c9343b68c2dcb33a3da317b8,16.9899,0.92,15.6308,15.5458,-0.0849,-0.5431,16.9899,0.0,-0.5437,0.915,False,True,Will the highest temperature in Tokyo be 37°C on July 23?,highest-temperature-in-tokyo-on-july-23-2026-37c,https://polymarket-upload.s3.us-east-2.amazonaws.com/tokyo-d6ed4bcfd5.jpg,727802,highest-temperature-in-tokyo-on-july-23-2026,No,1,Yes,103066728166764938169315207016893469026862009615824066967847605259685614227421,2026-07-23,True,True,False
0xb40e89677d59665d5188541ad860450a6e2a7cc9,45207246772729247798722074500757080282820221990843379570571379101468161012626,0x65ff01712018a6bbe741a3d7c04967eee484ae1924c56cf8b3ad24ed945a1ebe,16.6528,0.1379,2.2972,2.7477,0.4504,19.6061,16.6528,0.0,19.6085,0.165,False,True,Will the highest temperature in Beijing be 28°C on July 23?,highest-temperature-in-beijing-on-july-23-2026-28c,https://polymarket-upload.s3.us-east-2.amazonaws.com/beijing-5f83769b5a.jpg,727811,highest-temperature-in-beijing-on-july-23-2026,Yes,0,No,90895911362123859304783024976780899210208950392813594370005999517897290470800,2026-07-23,True,True,False
0xb40e89677d59665d5188541ad860450a6e2a7cc9,38263645387846207916103692155999210837188819662035092882808206897290077207548,0x4b4c14ec6b6558d68c33cb4eac636d753d67f23675399516c53faaa3d2aa45b6,16.6377,0.659,10.9657,12.0623,1.0965,9.9992,16.6377,0.0,9.9994,0.725,False,True,Will the highest temperature in Dallas be between 98-99°F on July 23?,highest-temperature-in-dallas-on-july-23-2026-98-99f,https://polymarket-upload.s3.us-east-2.amazonaws.com/highest-temperature-in-dallas-on-december-5-m1XZuVxmKEs_.jpg,731110,highest-temperature-in-dallas-on-july-23-2026,No,1,Yes,111326348233171158303901373025181285366499833709996138298425191277912723695616,2026-07-23,True,True,False
0xb40e89677d59665d5188541ad860450a6e2a7cc9,83070079048904456363609423221631432722440616936346955218471485299795976827097,0x0110b05ac634452e3c5db68eba2ebd5fbfabc3080e27fbea14d1d714decb75ba,16.25,0.9248,15.028,16.2175,1.1895,7.9152,16.25,0.0,7.9152,0.998,False,False,Will the highest temperature in Chicago be between 76-77°F on July 22?,highest-temperature-in-chicago-on-july-22-2026-76-77f,https://polymarket-upload.s3.us-east-2.amazonaws.com/highest-temperature-in-chicago-on-december-5-IoEGq9msnWg6.jpg,727278,highest-temperature-in-chicago-on-july-22-2026,No,1,Yes,31425133012203372164718284044245128309540435049029680823801796214004689601140,2026-07-22,True,True,True
0xb40e89677d59665d5188541ad860450a6e2a7cc9,99510688161386034385090781877351631820146691473333631400374482072065150006799,0x35c7ea432bb5ed043d18c65bb8d69ac4eeecd315f7ec80274b6c7893b8140d39,16.22,0.5223,8.4719,8.3532,-0.1187,-1.401,16.22,0.0,-1.4022,0.515,False,True,Will the highest temperature in Munich be 23°C on July 23?,highest-temperature-in-munich-on-july-23-2026-23c,https://polymarket-upload.s3.us-east-2.amazonaws.com/munich-f68b5f780d.jpg,727800,highest-temperature-in-munich-on-july-23-2026,Yes,0,No,65115106138765304440983238832974464475751172262747030556122204095655008042459,2026-07-23,True,True,False
0xb40e89677d59665d5188541ad860450a6e2a7cc9,61557701883492893406255589302998782603057750894923999671844150468541918487947,0x8c904751fd35f83469285c8052428b047e6f93cef465c9afff137c60a18f722e,16.1502,0.1671,2.6994,0.0,-2.6994,-99.9967,87.4063,23.7177,-100.0,0.0,True,False,Will the highest temperature in Atlanta be between 86-87°F on July 6?,highest-temperature-in-atlanta-on-july-6-2026-86-87f,https://polymarket-upload.s3.us-east-2.amazonaws.com/highest-temperature-in-atlanta-on-december-5--dClj_prA8Ny.jpg,667966,highest-temperature-in-atlanta-on-july-6-2026,Yes,0,No,74243330933579006249769465849512021445020970017169834397223520672091457522797,2026-07-06,True,True,True
0xb40e89677d59665d5188541ad860450a6e2a7cc9,61816739307392301226115625660455760845094859774713148728002295237814643340332,0x053d2cd42eb7c53436bdd1fbaf444720a3d2841f4aa979d19d1631435271cfa7,16.1052,0.05,0.8052,0.0,-0.8052,-99.9921,16.1052,0.0,-100.0,0.0,True,False,Will the highest temperature in Seattle be between 68-69°F on July 11?,highest-temperature-in-seattle-on-july-11-2026-68-69f,https://polymarket-upload.s3.us-east-2.amazonaws.com/highest-temperature-in-seattle-on-december-5-mjogoGN44OY4.jpg,686135,highest-temperature-in-seattle-on-july-11-2026,Yes,0,No,107772333527873949230547843589498036379826730236841510619265731052272759495347,2026-07-11,True,True,True
0xb40e89677d59665d5188541ad860450a6e2a7cc9,49671645308536219736823360319144866416912420786567877471135711618728596862295,0x4a18427dd5e05be70afe75bb6d3f316f4abfc23d5620761eaad170982c84eb6a,15.9084,0.3717,5.9135,0.0,-5.9135,-99.9993,216.102,25.6802,-100.0,0.0,True,False,Will the highest temperature in San Francisco be between 66-67°F on July 6?,highest-temperature-in-san-francisco-on-july-6-2026-66-67f,https://polymarket-upload.s3.us-east-2.amazonaws.com/san-francisco-e705a842df.jpg,667973,highest-temperature-in-san-francisco-on-july-6-2026,No,1,Yes,23931236042079095922448352668089792456775427356271828629984200307879535172495,2026-07-06,True,True,True
0xb40e89677d59665d5188541ad860450a6e2a7cc9,110962554226336376488269131356644336175430972809224952298950562131000052681284,0x2f518bb2db228f31cdfbe9d43f973e4d48de7ec3c72cd788bf51ca62c2c6bc8c,15.7381,0.727,11.442,0.0,-11.442,-99.9995,55.683,-9.0684,-100.0,0.0,True,False,Will the highest temperature in Mexico City be 24°C on July 6?,highest-temperature-in-mexico-city-on-july-6-2026-24c,https://polymarket-upload.s3.us-east-2.amazonaws.com/mexico-city-e64e24d13b.jpg,667974,highest-temperature-in-mexico-city-on-july-6-2026,No,1,Yes,103251930249453106194187072448933687661812081702215073140223334216724471431410,2026-07-06,True,True,True
0xb40e89677d59665d5188541ad860450a6e2a7cc9,39204855278601838364317541554026996685476917686696146819163026103294025933168,0xd981b74c548fb9d5a209c1ec3febdf42937caeeeba1d8dfe8f17841e734fd024,15.4983,0.7625,11.8183,12.0112,0.1928,1.6313,15.4983,0.0,1.632,0.775,False,True,Will the highest temperature in Guangzhou be 35°C on July 23?,highest-temperature-in-guangzhou-on-july-23-2026-35c,https://polymarket-upload.s3.us-east-2.amazonaws.com/guangzhou-432bb47dad.jpg,727822,highest-temperature-in-guangzhou-on-july-23-2026,No,1,Yes,24004862249932263911927711263103996965595474957482747349353988519717320844416,2026-07-23,True,True,False
0xb40e89677d59665d5188541ad860450a6e2a7cc9,12280051864056903745319394568366996497693966225359421563134199581276537695224,0xe9e5ea52b2e118b69d00ec20818d3605638f30055bfb2846a426a894261f7eb8,15.49,0.07,1.0843,0.0,-1.0843,-100.0,15.49,0.0,-100.0,0.0,True,True,Will the highest temperature in Ankara be 35°C on July 21?,highest-temperature-in-ankara-on-july-21-2026-35c,https://polymarket-upload.s3.us-east-2.amazonaws.com/highest-temperature-in-ankara-on-january-18-nMXCZiNB0tXP.jpg,720229,highest-temperature-in-ankara-on-july-21-2026,Yes,0,No,2560013645016358838240126189582712440248309267589529972204925494414205778936,2026-07-21,True,True,True
0xb40e89677d59665d5188541ad860450a6e2a7cc9,2023198770436553010676746702737637816578249546037969543343311159229981843664,0x6d597415ab313f532569c64472a70ef3ff8a19f5b82e8d3197f22feedf4b8874,15.3884,0.0644,0.992,0.0,-0.992,-99.9985,15.3884,0.0,-100.0,0.0,True,False,Will the highest temperature in Ankara be 33°C on July 12?,highest-temperature-in-ankara-on-july-12-2026-33c,https://polymarket-upload.s3.us-east-2.amazonaws.com/highest-temperature-in-ankara-on-january-18-nMXCZiNB0tXP.jpg,686633,highest-temperature-in-ankara-on-july-12-2026,Yes,0,No,92946103014758384673488890489171914773987405655269281784710632111915659691356,2026-07-12,True,True,True
0xb40e89677d59665d5188541ad860450a6e2a7cc9,27495671098349607748632948677584576031742513291457217876356741850165095675769,0xd81b744195c393d205c1d1479f0ff04c498200225d3aef475a36c5d80c62fa3e,15.35,0.47,7.2144,7.2912,0.0767,1.0631,15.35,0.0,1.0631,0.475,False,True,Will the highest temperature in New York City be between 80-81°F on July 23?,highest-temperature-in-nyc-on-july-23-2026-80-81f,https://polymarket-upload.s3.us-east-2.amazonaws.com/test-nyc-weather-pciture-cgUEW73XBkei.jpg,731109,highest-temperature-in-nyc-on-july-23-2026,Yes,0,No,56057338661940232688307699443862932544551616735540101883882042018518984343577,2026-07-23,True,True,False
0xb40e89677d59665d5188541ad860450a6e2a7cc9,106827354891391494734761551158232529317024281367861718381551291130650457395056,0x6a13219cd8bf462a096c93223d9bdfe09cb70491693c73996465c6db746585bb,15.0,0.068,1.02,0.5475,-0.4725,-46.3235,15.0,0.0,-46.3235,0.0365,False,False,Will the highest temperature in Seoul be 30°C or higher on July 23?,highest-temperature-in-seoul-on-july-23-2026-30corhigher,https://polymarket-upload.s3.us-east-2.amazonaws.com/highest-temperature-in-seoul-on-december-6-WzqtMeHg43n4.jpg,727797,highest-temperature-in-seoul-on-july-23-2026,Yes,0,No,24448827367684204605161698118584745271548543180825329385391383892191180047817,2026-07-23,True,True,False
0xb40e89677d59665d5188541ad860450a6e2a7cc9,29385986450020230133184316396026890335980847557985088277327064951770741114313,0xb0266c6dbb9926aff3ba647170cc11f9cd606e2e6bb319ed419af40de61d83ca,15.0,0.915,13.725,14.2275,0.5024,3.6604,15.0,0.0,3.6612,0.9485,False,False,Will the highest temperature in Lucknow be 30°C on July 23?,highest-temperature-in-lucknow-on-july-23-2026-30c,https://polymarket-upload.s3.us-east-2.amazonaws.com/lucknow-0163e1bfc4.jpg,727978,highest-temperature-in-lucknow-on-july-23-2026,No,1,Yes,5390163343581983267705448405431205830222888436637933626997829869395278598437,2026-07-23,True,True,False
0xb40e89677d59665d5188541ad860450a6e2a7cc9,74636936733074721767795283714296957141256409120524957508413745515389159858469,0x0b1a788eabe7b78d5ceaed1e3ef729866cb8747958877402587789508ce2e405,15.0,0.76,11.4,12.0,0.5999,5.2622,15.0,0.0,5.2631,0.8,False,True,Will the highest temperature in Atlanta be between 92-93°F on July 23?,highest-temperature-in-atlanta-on-july-23-2026-92-93f,https://polymarket-upload.s3.us-east-2.amazonaws.com/highest-temperature-in-atlanta-on-december-5--dClj_prA8Ny.jpg,731111,highest-temperature-in-atlanta-on-july-23-2026,No,1,Yes,51124395823841754577716949817956861103927398697661670584299205758162068751961,2026-07-23,True,True,False
0xb40e89677d59665d5188541ad860450a6e2a7cc9,109311114108480597565681560327641391660787863292988897404477925915558220408274,0x20e5685a63e21d6a1237b9ee290b7c40f95d281faedbe8d338f111fd81cb91d7,14.9,0.07,1.043,0.0074,-1.0356,-99.2905,14.9,0.0,-99.2905,0.0005,False,True,Will the highest temperature in Atlanta be between 94-95°F on July 22?,highest-temperature-in-atlanta-on-july-22-2026-94-95f,https://polymarket-upload.s3.us-east-2.amazonaws.com/highest-temperature-in-atlanta-on-december-5--dClj_prA8Ny.jpg,727276,highest-temperature-in-atlanta-on-july-22-2026,Yes,0,No,1899114742694345528775294510678715138288096945226412102250117857473176773084,2026-07-22,True,True,True
0xb40e89677d59665d5188541ad860450a6e2a7cc9,41092677233261289616252136975225002058120685711202740149555187431407648270220,0x0596e70d58bc3b950ce9234d9a88e20ad1032a86a66d875efc3a3b4d130099cc,14.54,0.2819,4.1002,0.0,-4.1002,-99.9984,14.54,0.0,-100.0,0.0,True,False,Will the highest temperature in Houston be between 100-101°F on July 4?,highest-temperature-in-houston-on-july-4-2026-100-101f,https://polymarket-upload.s3.us-east-2.amazonaws.com/houston-ef6084a9ac.jpg,660821,highest-temperature-in-houston-on-july-4-2026,Yes,0,No,68511873768754275809933579983362895903944681178899737871989393274428495536607,2026-07-04,True,True,True
0xb40e89677d59665d5188541ad860450a6e2a7cc9,56302619050238666148351777125999107878015281569247665070139691215820096510246,0x35834af278669791df2ddaefb4a24d1b0c2e672ec2ea85a5a71d52320df686aa,14.4927,0.31,4.4927,6.3043,1.8115,40.3204,14.4927,0.0,40.3215,0.435,False,True,Will the highest temperature in Qingdao be 31°C on July 23?,highest-temperature-in-qingdao-on-july-23-2026-31c,https://polymarket-upload.s3.us-east-2.amazonaws.com/qingdao-64680595db.jpg,727823,highest-temperature-in-qingdao-on-july-23-2026,Yes,0,No,29462875272926149039197059618192704420155893723114060100945187081591294464945,2026-07-23,True,True,False
0xb40e89677d59665d5188541ad860450a6e2a7cc9,61638417438849281164193606824102181946778320236333281976918138388945487035638,0xb9c33f0b87963e32652b3490c8cbc8f240c5d504aebe06dbc9d4ededf7f1ab34,14.2,0.04,0.5679,0.0,-0.5679,-99.9823,14.2,0.0,-100.0,0.0,True,False,Will the highest temperature in Busan be 29°C on July 14?,highest-temperature-in-busan-on-july-14-2026-29c,https://polymarket-upload.s3.us-east-2.amazonaws.com/busan-ac26e40e59.jpg,693934,highest-temperature-in-busan-on-july-14-2026,Yes,0,No,110398521145342886881388474849971153207824808715965099899249918880487850085044,2026-07-14,True,True,True
0xb40e89677d59665d5188541ad860450a6e2a7cc9,32055253880085452582118489320875045627824121675686903344539599998857561075321,0x6cbfc9fd48bbe5705d0036999cab5a777ace77a2484154178bf3ef82f8167240,13.8983,0.941,13.0783,13.8913,0.8129,6.2156,13.8983,0.0,6.2163,0.9995,False,False,Will the highest temperature in Toronto be 18°C on July 22?,highest-temperature-in-toronto-on-july-22-2026-18c,https://polymarket-upload.s3.us-east-2.amazonaws.com/highest-temperature-in-toronto-on-december-6-ZHBngGPj9GGd.jpg,727265,highest-temperature-in-toronto-on-july-22-2026,No,1,Yes,106504230089198925173026102802191889357003972300782863087871174641273056627336,2026-07-22,True,True,True
0xb40e89677d59665d5188541ad860450a6e2a7cc9,78656372343403916956299549885592372131810541112975655737613702101662795285125,0x0e58d5e62cabb1358641c0b99b0fcd14e48a357e8def310d553fdc94ffd3f091,13.6051,0.0726,0.9889,0.0,-0.9889,-99.9925,13.6051,0.0,-100.0,0.0,True,False,Will the highest temperature in Chicago be between 82-83°F on July 12?,highest-temperature-in-chicago-on-july-12-2026-82-83f,https://polymarket-upload.s3.us-east-2.amazonaws.com/highest-temperature-in-chicago-on-december-5-IoEGq9msnWg6.jpg,689805,highest-temperature-in-chicago-on-july-12-2026,Yes,0,No,83084814825598478433946614501600412786796246776027591110596048220127025537554,2026-07-12,True,True,True
0xb40e89677d59665d5188541ad860450a6e2a7cc9,24559889331854783959382862193720397535673747204218609259660705495318028326133,0x92a376848677f97044b7ec12be292dd837017f8d5cf2793dcf6a38c93adf843d,13.5675,0.2003,2.7176,0.0,-2.7176,-99.9979,101.9546,26.4891,-100.0,0.0,True,False,Will the highest temperature in Chicago be between 80-81°F on July 6?,highest-temperature-in-chicago-on-july-6-2026-80-81f,https://polymarket-upload.s3.us-east-2.amazonaws.com/highest-temperature-in-chicago-on-december-5-IoEGq9msnWg6.jpg,667968,highest-temperature-in-chicago-on-july-6-2026,Yes,0,No,97457773038031919186334390556972986083404469245923342788765858206096498302069,2026-07-06,True,True,True
0xb40e89677d59665d5188541ad860450a6e2a7cc9,49865735377263987406653185792628392531620828041125607706769060732714307124234,0x8a8633a1d594adac74d1952bf875b0f2e6b501a1e4c2e2ba7ba79e462c6e9d96,13.3613,0.3188,4.2602,0.0,-4.2602,-99.9986,161.8007,26.8897,-100.0,0.0,True,False,Will the highest temperature in Los Angeles be between 74-75°F on July 6?,highest-temperature-in-los-angeles-on-july-6-2026-74-75f,https://polymarket-upload.s3.us-east-2.amazonaws.com/los-angeles-cdae9380c7.jpg,667972,highest-temperature-in-los-angeles-on-july-6-2026,No,1,Yes,111309243555336368800946771572563317127688594668852263674942380519599851475986,2026-07-06,True,True,True
0xb40e89677d59665d5188541ad860450a6e2a7cc9,104263656053654990117522158384243358760659112709585566679633275049763517512153,0xe026d35e9712528801f2c37b77df14f8ca33234b74342b92cd3e21523eba5e7e,13.17,0.0509,0.6716,0.0,-0.6716,-99.9895,13.17,0.0,-100.0,0.0,True,False,Will the highest temperature in San Francisco be between 92-93°F on July 21?,highest-temperature-in-san-francisco-on-july-21-2026-92-93f,https://polymarket-upload.s3.us-east-2.amazonaws.com/san-francisco-e705a842df.jpg,723602,highest-temperature-in-san-francisco-on-july-21-2026,Yes,0,No,68482882630129709945016864164788737708336142722350340687878728143660382617752,2026-07-21,True,True,True
0xb40e89677d59665d5188541ad860450a6e2a7cc9,104555059420620904391384151970469084093216671065943401618143352065354058795394,0x4a90fd03e6b70389ba46046bcf906769b70fa7cabee9cb6290a30a291b915745,12.8571,0.6577,8.4571,8.4214,-0.0357,-0.4221,12.8571,0.0,-0.4225,0.655,False,False,Will the highest temperature in Singapore be 31°C on July 23?,highest-temperature-in-singapore-on-july-23-2026-31c,https://polymarket-upload.s3.us-east-2.amazonaws.com/singapore-4b057edc68.jpg,727805,highest-temperature-in-singapore-on-july-23-2026,No,1,Yes,103255008009971377385154286114200524729603337254042927267923078064030288464143,2026-07-23,True,True,False
0xb40e89677d59665d5188541ad860450a6e2a7cc9,51999683732341669990056080232492927435996060956252353512258271054793985532207,0xe7e3d272d4c9c18e6f14d6c167c78d4a258fda64468554b8610dcc5aac972c96,12.8,0.05,0.64,0.0,-0.64,-99.9999,25.0,5.49,-100.0,0.0,True,False,Will the highest temperature in Shanghai be 32°C on July 7?,highest-temperature-in-shanghai-on-july-7-2026-32c,https://polymarket-upload.s3.us-east-2.amazonaws.com/shanghai-98a00e357b.png,668424,highest-temperature-in-shanghai-on-july-7-2026,Yes,0,No,86478952156667705544377809820989700510745145381389090000093696232972746552604,2026-07-07,True,True,True
0xb40e89677d59665d5188541ad860450a6e2a7cc9,50473558998200977784129415811034035092343288812565698326563864654657228560291,0x9d95d3c8afde1b9e38690c991459df3ebcf101dcfa4341ebff6c1782ac72bf7c,12.6819,0.1152,1.4618,1.8769,0.415,28.3887,12.6819,0.0,28.3924,0.148,False,True,Will the highest temperature in Madrid be 37°C on July 23?,highest-temperature-in-madrid-on-july-23-2026-37c,https://polymarket-upload.s3.us-east-2.amazonaws.com/madrid-84bf84053b.jpg,727807,highest-temperature-in-madrid-on-july-23-2026,Yes,0,No,64921648869162738600903230644065132840485059160910045070687584433546215272171,2026-07-23,True,True,False
0xb40e89677d59665d5188541ad860450a6e2a7cc9,108590617372638263692078839715681333878622484135809935530391897455656507862615,0x8c288e0847ec4715af3b663b4b72d4c101048df3e2b5d34a39792c3cc43d4a2f,12.5833,0.04,0.5033,0.0,-0.5033,-99.9934,12.5833,0.0,-100.0,0.0,True,False,Will the highest temperature in Amsterdam be 21°C on July 7?,highest-temperature-in-amsterdam-on-july-7-2026-21c,https://polymarket-upload.s3.us-east-2.amazonaws.com/amsterdam-02ab78335a.jpg,668438,highest-temperature-in-amsterdam-on-july-7-2026,Yes,0,No,64709473226057067575017735788064220614991241775556158836063674532324516060437,2026-07-07,True,True,True
0xb40e89677d59665d5188541ad860450a6e2a7cc9,104382691141187759908339352548976063535020989522405411196338991856542380179722,0x6f1005cd366f1fcef33dbf50eedc96290e71813d6039d4e5e7517a9433fee18f,12.5684,0.07,0.8797,0.6284,-0.2513,-28.5635,12.5684,0.0,-28.5741,0.05,False,False,Will the highest temperature in Helsinki be 21°C on July 23?,highest-temperature-in-helsinki-on-july-23-2026-21c,https://polymarket-upload.s3.us-east-2.amazonaws.com/hel-537d0cb3c2.jpg,727819,highest-temperature-in-helsinki-on-july-23-2026,Yes,0,No,96826686659257260246472204825138835626581204313315020326138883719680697409102,2026-07-23,True,True,False
0xb40e89677d59665d5188541ad860450a6e2a7cc9,71344405666036366682650383356900000672852976765304993791931579809099446020493,0xf0a8cf72673824b1c3103e10408085033ede1cf0629194dbe234aadfc7bc26ce,12.5333,0.1,1.2533,1.3159,0.0625,4.9867,12.5333,0.0,4.992,0.105,False,False,Will the highest temperature in Cape Town be 13°C on July 23?,highest-temperature-in-cape-town-on-july-23-2026-13c,https://polymarket-upload.s3.us-east-2.amazonaws.com/cape-town-6b1f408cef.jpg,727986,highest-temperature-in-cape-town-on-july-23-2026,Yes,0,No,85553292563592870547588901734026490533773578048491454611723197535021352805442,2026-07-23,True,True,False
0xb40e89677d59665d5188541ad860450a6e2a7cc9,18660356692500237007390891024727647614991832271603744992588536660585833783716,0x74f565577471307865338d8e804265ae88926e35868a3eb50368d642fa2d8afd,12.5268,0.07,0.8768,0.0,-0.8768,-99.9907,12.5268,0.0,-100.0,0.0,True,False,Will the highest temperature in Chongqing be 36°C on July 11?,highest-temperature-in-chongqing-on-july-11-2026-36c,https://polymarket-upload.s3.us-east-2.amazonaws.com/chongqing-9d6184ad07.png,682951,highest-temperature-in-chongqing-on-july-11-2026,Yes,0,No,87912877656516114013726320846164650390299476333001189561494864887467593538501,2026-07-11,True,True,True
0xb40e89677d59665d5188541ad860450a6e2a7cc9,25128405034776419872088688510773316659670243283677371250373720810241616554226,0x0c5074792ce841a8e770a834923433542d1c5e21fd2b7a2e4e6ac462ecf8891c,12.5,0.76,9.5,10.9375,1.4375,15.1315,12.5,0.0,15.1315,0.875,False,True,Will the highest temperature in Sao Paulo be 22°C on July 23?,highest-temperature-in-sao-paulo-on-july-23-2026-22c,https://polymarket-upload.s3.us-east-2.amazonaws.com/sao paulo-7deca91e54.jpg,731098,highest-temperature-in-sao-paulo-on-july-23-2026,No,1,Yes,27670163557039921244424968761909069628711643555761466728006091617615916723619,2026-07-23,True,True,False
0xb40e89677d59665d5188541ad860450a6e2a7cc9,39487339457574160003819652221594010970384309811606492997575963947112911744563,0x677f91894eb3c9c1bd4ac0ca2fed020d0cd3a15b72e185c45da5a156bfa5fa65,12.5,0.39,4.875,5.4375,0.5625,11.5384,12.5,0.0,11.5384,0.435,False,True,Will the highest temperature in Moscow be 22°C on July 23?,highest-temperature-in-moscow-on-july-23-2026-22c,https://polymarket-upload.s3.us-east-2.amazonaws.com/moscow-4addd6349b.jpg,727815,highest-temperature-in-moscow-on-july-23-2026,Yes,0,No,90194095744241869593500134264147868848996022891411685755357889457878876809613,2026-07-23,True,True,False
0xb40e89677d59665d5188541ad860450a6e2a7cc9,1484615176131147235218524192036708573082868213927372185790007286278867669597,0x9d4d9a3465162286863f71f7c167d979b2267bf3e91d714b28289f32d2888477,12.4978,0.4761,5.9504,0.0,-5.9504,-99.9996,89.0359,1.828,-100.0,0.0,True,False,Will the highest temperature in Mexico City be 23°C on July 6?,highest-temperature-in-mexico-city-on-july-6-2026-23c,https://polymarket-upload.s3.us-east-2.amazonaws.com/mexico-city-e64e24d13b.jpg,667974,highest-temperature-in-mexico-city-on-july-6-2026,Yes,0,No,79688252019987485106058833827598186951329084736780325845854261007146885550082,2026-07-06,True,True,True
0xb40e89677d59665d5188541ad860450a6e2a7cc9,17712380353921114256882795111483534911547443799457611368788657444884635399039,0x151c499b96af9048b813924d6e8b598e034d1988429cd74868f4acb0ba5c77ec,12.2727,0.5681,6.9727,7.7931,0.8203,11.7644,12.2727,0.0,11.7654,0.635,False,False,Will the highest temperature in Taipei be 35°C on July 23?,highest-temperature-in-taipei-on-july-23-2026-35c,https://polymarket-upload.s3.us-east-2.amazonaws.com/taipei-06ae1cc294.jpg,727809,highest-temperature-in-taipei-on-july-23-2026,No,1,Yes,98792456223636879819857857259318322906345005692020853847388751251098724873044,2026-07-23,True,True,False
0xb40e89677d59665d5188541ad860450a6e2a7cc9,66097578752904321561152353603263389160624164196635391335056890755102988378682,0xb1f4d251db4d644795e0c684df3d6233dfaf8e8537828ca595aeb88b720fddb0,12.0,0.952,11.424,11.616,0.192,1.6806,12.0,0.0,1.6806,0.968,False,True,Will the highest temperature in Houston be 87°F or below on July 23?,highest-temperature-in-houston-on-july-23-2026-87forbelow,https://polymarket-upload.s3.us-east-2.amazonaws.com/houston-ef6084a9ac.jpg,731116,highest-temperature-in-houston-on-july-23-2026,No,1,Yes,96703152160798835218959574627043609614072041353382214777955181806381834566369,2026-07-23,True,True,False
0xb40e89677d59665d5188541ad860450a6e2a7cc9,106087848010366871337377611951230834137545715334688342833316276676823122753690,0x43fa14780d8cf699d64ce7b0c53e92c47188811ba97d3505c9d29be63745d46a,11.9908,0.939,11.2593,11.9848,0.7254,6.4426,11.9908,0.0,6.4428,0.9995,False,False,Will the highest temperature in London be 28°C on July 22?,highest-temperature-in-london-on-july-22-2026-28c,https://polymarket-upload.s3.us-east-2.amazonaws.com/highest-temperature-in-london-on-jan-22-eouu0bkjph8i.jpg,723997,highest-temperature-in-london-on-july-22-2026,No,1,Yes,24370716372289794609815082546441809146914980773569224549730580094483954200836,2026-07-22,True,True,True
0xb40e89677d59665d5188541ad860450a6e2a7cc9,72955893564326610272874122410466166520112480225625159807371348664544642777458,0xc3f06306a2f5f5e0c22f383add65f2b1191a6ea76395dad80c5fa9b05fb9cf9b,11.7962,0.146,1.7222,0.0,-1.7222,-99.9969,11.7962,0.0,-100.0,0.0,True,False,Will the highest temperature in Busan be 34°C on July 12?,highest-temperature-in-busan-on-july-12-2026-34c,https://polymarket-upload.s3.us-east-2.amazonaws.com/busan-ac26e40e59.jpg,686652,highest-temperature-in-busan-on-july-12-2026,Yes,0,No,54805818657005473267162184419050202414340171931101091004932979878331037492968,2026-07-12,True,True,True
0xb40e89677d59665d5188541ad860450a6e2a7cc9,101595578620911487440250223414503676670327181702746017475436256045974973246198,0x8003802fff054590b5baa22cf41c552e9a9c549e044b97101d5742e81b672501,11.33,0.08,0.9064,0.0,-0.9064,-100.0,11.33,0.0,-100.0,0.0,True,False,Will the highest temperature in Munich be 23°C on July 18?,highest-temperature-in-munich-on-july-18-2026-23c,https://polymarket-upload.s3.us-east-2.amazonaws.com/munich-f68b5f780d.jpg,708979,highest-temperature-in-munich-on-july-18-2026,Yes,0,No,76072800505944715373459117698467081095418773438999916509249806713051402216916,2026-07-18,True,True,True
0xb40e89677d59665d5188541ad860450a6e2a7cc9,45761011334209051840313708111927190885450927845734796293315295985553343726723,0x3ea0e63d5b3efad6264f5476de5fbcf9f1f8a143949317b2e9a165dacbfe6353,11.27,0.097,1.0942,0.0,-1.0942,-99.9913,11.27,0.0,-100.0,0.0,True,False,Will the highest temperature in Panama City be 30°C on July 11?,highest-temperature-in-panama-city-on-july-11-2026-30c,https://polymarket-upload.s3.us-east-2.amazonaws.com/panama-city-563f6ab7e6.jpg,686148,highest-temperature-in-panama-city-on-july-11-2026,Yes,0,No,115735630677030310593884009326125835457963434223217918449099403065749523503651,2026-07-11,True,True,True
0xb40e89677d59665d5188541ad860450a6e2a7cc9,40493772660537607317425105281414023179699603995651717651249796484301270569896,0xea3a547f6cbb2afa2846e9f1a804791cfb99edb61352d0be534ccc5da60d8ad4,11.0,0.45,4.95,5.115,0.165,3.3333,11.0,0.0,3.3333,0.465,False,False,Will the highest temperature in Istanbul be 24°C on July 23?,highest-temperature-in-istanbul-on-july-23-2026-24c,https://polymarket-upload.s3.us-east-2.amazonaws.com/istanbul-dc72177e0c.jpg,727816,highest-temperature-in-istanbul-on-july-23-2026,Yes,0,No,39075173071537911801310115109232315059785556930631777042303359013541574107946,2026-07-23,True,True,False
0xb40e89677d59665d5188541ad860450a6e2a7cc9,8029083026541357127611216109297037690096201102009967608481943253351575086724,0xbbc74395fcc5fb66c3ec8150b8d32320574dbc6981375fdff9024a2f0bcdb1ea,11.0,0.9399,10.3388,10.8349,0.496,4.7974,11.0,0.0,4.7974,0.985,False,False,Will the highest temperature in Tel Aviv be 32°C on July 23?,highest-temperature-in-tel-aviv-on-july-23-2026-32c,https://polymarket-upload.s3.us-east-2.amazonaws.com/tel-aviv-8a93e4dc2b.jpg,727801,highest-temperature-in-tel-aviv-on-july-23-2026,No,1,Yes,38408671532569488413672314806923443719472151717707790301619095266555794640457,2026-07-23,True,True,True
0xb40e89677d59665d5188541ad860450a6e2a7cc9,76445788732446155376204530369275619748539095134354732180752331873519096926635,0x2aed0aba835a3c4486de5e825279a0b90fc23c49e7a671e46a6d88c2b26e6490,10.98,0.092,1.0101,0.0,-1.0101,-99.994,10.98,0.0,-100.0,0.0,True,False,Will the highest temperature in Singapore be 33°C on July 21?,highest-temperature-in-singapore-on-july-21-2026-33c,https://polymarket-upload.s3.us-east-2.amazonaws.com/singapore-4b057edc68.jpg,720236,highest-temperature-in-singapore-on-july-21-2026,Yes,0,No,37173458166671598802175208298851295680295556164052163362972561490736967140423,2026-07-21,True,True,True
0xb40e89677d59665d5188541ad860450a6e2a7cc9,53609039886302403043700995104305614189516045346781528799296889068736316463822,0x9fe85b240ba20444927033e2f89ed534dd31ba81a51e7dd737c04549ab025521,10.9699,0.8231,9.0293,10.9699,1.9405,21.4909,47.5099,-11.8061,-71.9479,1.0,True,False,Will the highest temperature in Manila be 35°C on June 9?,highest-temperature-in-manila-on-june-9-2026-35c,https://polymarket-upload.s3.us-east-2.amazonaws.com/manila-1586e292d0.jpg,568088,highest-temperature-in-manila-on-june-9-2026,No,1,Yes,89731176950005336498409179589028901402485409184942495294815392181640048242594,2026-06-09,True,True,True
0xb40e89677d59665d5188541ad860450a6e2a7cc9,68176759407584588927658285374512236971499158770286042197853146624293401557137,0xebec92ad481ed56a098cb097e49e9919d854c791f9e4f4dab1f4fa0cfaefae93,10.9026,0.04,0.4361,0.1635,-0.2726,-62.508,10.9026,0.0,-62.5089,0.015,False,False,Will the highest temperature in Austin be between 104-105°F on July 23?,highest-temperature-in-austin-on-july-23-2026-104-105f,https://polymarket-upload.s3.us-east-2.amazonaws.com/austin-b18a80e4a0.jpg,731114,highest-temperature-in-austin-on-july-23-2026,Yes,0,No,115432955797287849849475230039670818625887372130960186632910647938456491268878,2026-07-23,True,True,True
0xb40e89677d59665d5188541ad860450a6e2a7cc9,111632996530841073998655347921314653248296321508192033317474408757908614740276,0x494d5122f2d5c7d13d20cc79f3c98a9ea9c187e37926a7f7ff54db19eceb2dd0,10.855,0.041,0.445,0.0,-0.445,-99.9871,10.855,0.0,-100.0,0.0,True,False,Will the highest temperature in Chicago be between 76-77°F on July 10?,highest-temperature-in-chicago-on-july-10-2026-76-77f,https://polymarket-upload.s3.us-east-2.amazonaws.com/highest-temperature-in-chicago-on-december-5-IoEGq9msnWg6.jpg,682460,highest-temperature-in-chicago-on-july-10-2026,Yes,0,No,66058932876677321674198047228686796227746063272271948651232855085839621828538,2026-07-10,True,True,True
0xb40e89677d59665d5188541ad860450a6e2a7cc9,43413579251304470250300280196511452589313462114863463424576497451607422195515,0x2394b0b5221c5422b99de051909c913d54b201cf085292065f179b1e99bc0dd0,10.84,0.3818,4.1395,4.4444,0.3048,7.363,10.84,0.0,7.3632,0.41,False,True,Will the highest temperature in Chengdu be 39°C on July 23?,highest-temperature-in-chengdu-on-july-23-2026-39c,https://polymarket-upload.s3.us-east-2.amazonaws.com/chengdu-eab4d03cdb.jpg,727813,highest-temperature-in-chengdu-on-july-23-2026,Yes,0,No,13788004551469884850925517913349118873755477201190804953394754239822176741309,2026-07-23,True,True,False
0xb40e89677d59665d5188541ad860450a6e2a7cc9,33487186159635539767248885344860792742303335664153122840845960579270815433087,0xed90d2b27a0d8764ce579d5fb67828eaae6ffa364cd8fa83b242e0a587dd7d27,10.5052,0.07,0.7353,0.0,-0.7353,-99.9907,10.5052,0.0,-100.0,0.0,True,False,Will the highest temperature in London be 26°C on July 18?,highest-temperature-in-london-on-july-18-2026-26c,https://polymarket-upload.s3.us-east-2.amazonaws.com/highest-temperature-in-london-on-jan-22-eouu0bkjph8i.jpg,708975,highest-temperature-in-london-on-july-18-2026,Yes,0,No,46763092481133106930289380622408496735765121825233587790930380338555017550424,2026-07-18,True,True,True
0xb40e89677d59665d5188541ad860450a6e2a7cc9,94207390568672117230402120281520640243012767428868417510813662218872972887630,0x9ecfe3c43bd3102e391b91a8d24afa770f19ab919673d6a345358d1dad805ee4,10.4,0.0703,0.7315,0.884,0.1524,20.8311,10.4,0.0,20.8313,0.085,False,True,Will the highest temperature in Los Angeles be between 84-85°F on July 23?,highest-temperature-in-los-angeles-on-july-23-2026-84-85f,https://polymarket-upload.s3.us-east-2.amazonaws.com/los-angeles-cdae9380c7.jpg,731117,highest-temperature-in-los-angeles-on-july-23-2026,Yes,0,No,56547907244595057610173226906983506373492804297476416239672038728147163458762,2026-07-23,True,True,False
0xb40e89677d59665d5188541ad860450a6e2a7cc9,27670163557039921244424968761909069628711643555761466728006091617615916723619,0x0c5074792ce841a8e770a834923433542d1c5e21fd2b7a2e4e6ac462ecf8891c,10.3699,0.1962,2.0354,1.2962,-0.7392,-36.3154,10.3699,0.0,-36.3201,0.125,False,True,Will the highest temperature in Sao Paulo be 22°C on July 23?,highest-temperature-in-sao-paulo-on-july-23-2026-22c,https://polymarket-upload.s3.us-east-2.amazonaws.com/sao paulo-7deca91e54.jpg,731098,highest-temperature-in-sao-paulo-on-july-23-2026,Yes,0,No,25128405034776419872088688510773316659670243283677371250373720810241616554226,2026-07-23,True,True,False
0xb40e89677d59665d5188541ad860450a6e2a7cc9,98357319752520751043218958698624102203923804873706489116452822710722579716761,0x59ac5aa576e3d70f7a8290a3f2806d5337afd69f0cba200b0d8288c9fdf31328,10.33,0.914,9.4416,10.0149,0.5732,6.0709,10.33,0.0,6.0718,0.9695,False,False,Will the highest temperature in Busan be 31°C on July 23?,highest-temperature-in-busan-on-july-23-2026-31c,https://polymarket-upload.s3.us-east-2.amazonaws.com/busan-ac26e40e59.jpg,727817,highest-temperature-in-busan-on-july-23-2026,No,1,Yes,22142164942953019496717817033558457362816924482516324046074120684093666806385,2026-07-23,True,True,False
0xb40e89677d59665d5188541ad860450a6e2a7cc9,29844000590355235521924607918622155325977414622505362894215246046594072748057,0xe1ea8fee6eec2356a02f7a094b2bf73373f51af5e9890f006dc09e3a188da141,10.278,0.1645,1.691,0.3957,-1.2953,-76.5958,10.278,0.0,-76.6008,0.0385,False,False,Will the highest temperature in Wuhan be 35°C on July 23?,highest-temperature-in-wuhan-on-july-23-2026-35c,https://polymarket-upload.s3.us-east-2.amazonaws.com/wuhan-c1b302d9f5.jpg,727812,highest-temperature-in-wuhan-on-july-23-2026,Yes,0,No,42454330551698755088063872970692597215352901103937992674393685699853899770564,2026-07-23,True,True,False
0xb40e89677d59665d5188541ad860450a6e2a7cc9,111533135536809929076662652869756584155013557478326482663181765850887465513542,0x4c3287b5c10991629e07f3d09655bdc7a4f0ea709ffc6561542a1f44d1512a5f,10.1328,0.0357,0.3625,0.0,-0.3625,-99.9824,32.1328,10.2128,-100.0,0.0,True,False,Will the highest temperature in Qingdao be 28°C on July 7?,highest-temperature-in-qingdao-on-july-7-2026-28c,https://polymarket-upload.s3.us-east-2.amazonaws.com/qingdao-64680595db.jpg,668443,highest-temperature-in-qingdao-on-july-7-2026,Yes,0,No,21510710635255664040791335790745997310354322043067790701880547098047198333223,2026-07-07,True,True,True
0xb40e89677d59665d5188541ad860450a6e2a7cc9,80921874229750043545177285599994168237155963960940579552432604712620575335402,0xf456005d735f9c86f264527857bfe1c33a6b788789d9502cb34f4dd0645822b0,10.0849,0.4036,4.071,0.0,-4.071,-99.9991,113.7113,9.982,-100.0,0.0,True,False,Will the highest temperature in San Francisco be between 68-69°F on July 6?,highest-temperature-in-san-francisco-on-july-6-2026-68-69f,https://polymarket-upload.s3.us-east-2.amazonaws.com/san-francisco-e705a842df.jpg,667973,highest-temperature-in-san-francisco-on-july-6-2026,Yes,0,No,70808585137792543584095231940249216324198158097565404493083616325370155632924,2026-07-06,True,True,True
0xb40e89677d59665d5188541ad860450a6e2a7cc9,33360318919222279199958127877563768910837166877667010526319096410757587989135,0x5d6d523b1e8347d0a1496f252628a46c8aadbb9bb6550bcc6090f04df0d614e7,10.0769,0.87,8.7669,9.3211,0.5541,6.3203,10.0769,0.0,6.3212,0.925,False,False,Will the highest temperature in Miami be between 94-95°F on July 23?,highest-temperature-in-miami-on-july-23-2026-94-95f,https://polymarket-upload.s3.us-east-2.amazonaws.com/highest-temperature-in-miami-on-december-5-fjW5d7xet1Aq.jpg,731112,highest-temperature-in-miami-on-july-23-2026,No,1,Yes,12419336677369714119567014241078674770732197477928523436615706979227848231783,2026-07-23,True,True,False
0xb40e89677d59665d5188541ad860450a6e2a7cc9,95563077036671028276748463943341305738348079637428176478179995399059773743978,0x8c99575354c11e932964d04ec5a87baa77a22ef5dc70480f1ee4edbc8752e932,10.03,0.06,0.6017,0.0,-0.6017,-99.9833,10.03,0.0,-100.0,0.0,True,False,Will the highest temperature in Qingdao be 29°C on July 21?,highest-temperature-in-qingdao-on-july-21-2026-29c,https://polymarket-upload.s3.us-east-2.amazonaws.com/qingdao-64680595db.jpg,720255,highest-temperature-in-qingdao-on-july-21-2026,Yes,0,No,65117836999976702685177223264730010492096909449494056370051204063094319476272,2026-07-21,True,True,True
0xb40e89677d59665d5188541ad860450a6e2a7cc9,11710155031468167792142108618803597172480356954441175732528346299015934502407,0x7f135dc872516bf3a5c71d376acb611dac6820279d24dc26c2dae98c8d7d8f6f,10.0,0.956,9.5599,9.7099,0.1499,1.5679,10.0,0.0,1.5679,0.971,False,False,Will the highest temperature in Qingdao be 28°C on July 23?,highest-temperature-in-qingdao-on-july-23-2026-28c,https://polymarket-upload.s3.us-east-2.amazonaws.com/qingdao-64680595db.jpg,727823,highest-temperature-in-qingdao-on-july-23-2026,No,1,Yes,98455274293094147077708471909342389974143072370228097834289362313345269890370,2026-07-23,True,True,False
0xb40e89677d59665d5188541ad860450a6e2a7cc9,3210415094335846104774005903472369101927896009420542433609275864920665004803,0xd3dcb89f8003818ad84ef60c6d8d4594ef2b5973f6f3a4c3ccf37cd0c3f15f73,10.0,0.04,0.4,0.0,-0.4,-100.0,10.0,0.0,-100.0,0.0,True,False,Will the highest temperature in Amsterdam be 22°C on July 18?,highest-temperature-in-amsterdam-on-july-18-2026-22c,https://polymarket-upload.s3.us-east-2.amazonaws.com/amsterdam-02ab78335a.jpg,708986,highest-temperature-in-amsterdam-on-july-18-2026,Yes,0,No,99110482584562868942935987333823890923325638294522714761967648286039063988012,2026-07-18,True,True,True
0xb40e89677d59665d5188541ad860450a6e2a7cc9,67273276818197774669633868863885444719347344394303859802546113846781653646323,0x6178102564885b111e654947e089dfe2fbbd8c92b69b272f35d3a1c65b8dfcd1,10.0,0.031,0.31,0.0,-0.31,-100.0,10.0,0.0,-100.0,0.0,True,False,Will the highest temperature in Tokyo be 38°C on July 22?,highest-temperature-in-tokyo-on-july-22-2026-38c,https://polymarket-upload.s3.us-east-2.amazonaws.com/tokyo-d6ed4bcfd5.jpg,724026,highest-temperature-in-tokyo-on-july-22-2026,Yes,0,No,41957034842443379458838216437408377805279370052131386826965492955381948988791,2026-07-22,True,True,True
0xb40e89677d59665d5188541ad860450a6e2a7cc9,84563263484655600116168488662580948276369392157832258449527138710452442924857,0x441755a0b4fc6feaadd7168b03e50373f702a2846c2e5dd2e18347efd23f045f,10.0,0.2,2.0,1.95,-0.05,-2.5,10.0,0.0,-2.5,0.195,False,True,Will the highest temperature in Madrid be 39°C on July 23?,highest-temperature-in-madrid-on-july-23-2026-39c,https://polymarket-upload.s3.us-east-2.amazonaws.com/madrid-84bf84053b.jpg,727807,highest-temperature-in-madrid-on-july-23-2026,Yes,0,No,59744694217998044339358603720315052537748971037738720856753093550303449821969,2026-07-23,True,True,False
0xb40e89677d59665d5188541ad860450a6e2a7cc9,9958951204041301300586129243175781318048365846762701677686874914241266805017,0x156c1e083f0f3974e238c2221464e8dd68b5a503e330f9a6911c105e50fdfc59,10.0,0.05,0.5,0.0,-0.5,-100.0,10.0,0.0,-100.0,0.0,True,False,Will the highest temperature in Istanbul be 25°C on July 13?,highest-temperature-in-istanbul-on-july-13-2026-25c,https://polymarket-upload.s3.us-east-2.amazonaws.com/istanbul-dc72177e0c.jpg,690256,highest-temperature-in-istanbul-on-july-13-2026,Yes,0,No,52965994817506251005301131797530714747158119020102651068633578575226755885228,2026-07-13,True,True,True
0xb40e89677d59665d5188541ad860450a6e2a7cc9,30499851898782870338566423849754218735720705055988015062354989749889068923395,0xe74e0ea0951ad6cf3dc6567902b7698f78626bfecd02be46f4d1d85ac97a0a63,9.6199,0.05,0.481,0.0,-0.481,-100.0,9.6199,0.0,-100.0,0.0,True,False,Will the highest temperature in Istanbul be 27°C on July 17?,highest-temperature-in-istanbul-on-july-17-2026-27c,https://polymarket-upload.s3.us-east-2.amazonaws.com/istanbul-dc72177e0c.jpg,705218,highest-temperature-in-istanbul-on-july-17-2026,Yes,0,No,71587143459633070217897517410508933034212871387791875593810079839106221256092,2026-07-17,True,True,True
0xb40e89677d59665d5188541ad860450a6e2a7cc9,49064355832646387888719185521185842053727301560599196711185403575667357838734,0xb404dfca5bf61b824b9540553810bbb753b8195cc9baa7e6c16b9794ed73eb1a,9.3,0.39,3.627,3.8595,0.2324,6.4074,9.3,0.0,6.4102,0.415,False,True,Will the highest temperature in Denver be between 86-87°F on July 23?,highest-temperature-in-denver-on-july-23-2026-86-87f,https://polymarket-upload.s3.us-east-2.amazonaws.com/denver-c2951e9cad.jpg,731115,highest-temperature-in-denver-on-july-23-2026,Yes,0,No,103430198822698343986614212345900537147252806108606901926551025138362758240601,2026-07-23,True,True,False
0xb40e89677d59665d5188541ad860450a6e2a7cc9,581982354494184601684390913325740486553659481529510168825959677997485923779,0x15294a028d4078c6a627fa538843ec0850423446088dd67c3b6cdbaf3ee88220,9.1199,0.05,0.456,0.0,-0.456,-100.0,9.1199,0.0,-100.0,0.0,True,False,Will the highest temperature in Munich be 28°C on July 11?,highest-temperature-in-munich-on-july-11-2026-28c,https://polymarket-upload.s3.us-east-2.amazonaws.com/munich-f68b5f780d.jpg,682941,highest-temperature-in-munich-on-july-11-2026,Yes,0,No,31859551669089100878284851353344094230857994377502208727150780177366234405818,2026-07-11,True,True,True
0xb40e89677d59665d5188541ad860450a6e2a7cc9,102172858702209793492000633043163368948450304781916981853432389474114687115015,0xfeac1bcd15e19f206057118280fda6d671c48bd8faf66b29bbe5f5b97189c674,9.06,0.021,0.1902,0.0,-0.1902,-99.9684,9.06,0.0,-100.0,0.0,True,False,Will the highest temperature in London be 30°C on July 17?,highest-temperature-in-london-on-july-17-2026-30c,https://polymarket-upload.s3.us-east-2.amazonaws.com/highest-temperature-in-london-on-jan-22-eouu0bkjph8i.jpg,705197,highest-temperature-in-london-on-july-17-2026,Yes,0,No,26118389577981839402487036669357773171318194749732406502177888933333057199728,2026-07-17,True,True,True
0xb40e89677d59665d5188541ad860450a6e2a7cc9,36206610692905829717183043997402229277796600215339690942130075129843668715263,0xc7dd7d0c4bf04fcc55c90404782cd361c37165e19338b67a68ce15b8b86ebc6b,9.0,0.8,7.2,4.95,-2.25,-31.25,9.0,0.0,-31.25,0.55,False,False,Will the highest temperature in Singapore be 30°C on July 23?,highest-temperature-in-singapore-on-july-23-2026-30c,https://polymarket-upload.s3.us-east-2.amazonaws.com/singapore-4b057edc68.jpg,727805,highest-temperature-in-singapore-on-july-23-2026,No,1,Yes,5829906279310659439182728850312308168495169522206539164856088526585236198712,2026-07-23,True,True,False
0xb40e89677d59665d5188541ad860450a6e2a7cc9,40011950847221483947745321231284597194764407955242044327882146386947271949200,0xa15851b611f5ff42d624575b2bdfeb29a468ac3186752abb0ea537730da3c359,9.0,0.6899,6.2099,6.3,0.09,1.4492,9.0,0.0,1.4492,0.7,False,False,Will the highest temperature in Atlanta be between 88-89°F on July 23?,highest-temperature-in-atlanta-on-july-23-2026-88-89f,https://polymarket-upload.s3.us-east-2.amazonaws.com/highest-temperature-in-atlanta-on-december-5--dClj_prA8Ny.jpg,731111,highest-temperature-in-atlanta-on-july-23-2026,No,1,Yes,114786257776563537970681941271850501192865492131451773042770975973755840029562,2026-07-23,True,True,False
0xb40e89677d59665d5188541ad860450a6e2a7cc9,106568873948919692580895304433836810402835063794754136959021500382645658876759,0xbb4ef19a4ea97db9d66a583856a3685fc22fe4e4f08685b02a71a2b5f0775eaa,8.75,0.93,8.1375,8.6493,0.5117,6.2881,8.75,0.0,6.2894,0.9885,False,False,Will the highest temperature in Seattle be between 82-83°F on July 23?,highest-temperature-in-seattle-on-july-23-2026-82-83f,https://polymarket-upload.s3.us-east-2.amazonaws.com/highest-temperature-in-seattle-on-december-5-mjogoGN44OY4.jpg,731108,highest-temperature-in-seattle-on-july-23-2026,No,1,Yes,64330071530423972436368021409264254347697318033367126430513964824991164264605,2026-07-23,True,True,True
0xb40e89677d59665d5188541ad860450a6e2a7cc9,113241996716230737861164087921037685169138552442095162020113371629513019409271,0x8c3a5ea1930537de276f0438b13fd134e7e497422c2970660a0534173adbdc68,8.5643,0.1207,1.0345,0.0,-1.0345,-99.9931,41.67,12.5536,-100.0,0.0,True,False,Will the highest temperature in Austin be between 92-93°F on July 6?,highest-temperature-in-austin-on-july-6-2026-92-93f,https://polymarket-upload.s3.us-east-2.amazonaws.com/austin-b18a80e4a0.jpg,667969,highest-temperature-in-austin-on-july-6-2026,Yes,0,No,11082564039499869007029864372817277882372862808754061891556545800734088056791,2026-07-06,True,True,True
0xb40e89677d59665d5188541ad860450a6e2a7cc9,60702599413915879083852305206626060864961803319666421632439626971462189250791,0x074b10ba355341b6242b81616cf19183c1f7482bc711f3eea4ca87f29a069d83,8.5,0.945,8.0324,8.4957,0.4632,5.7665,8.5,0.0,5.7665,0.9995,False,False,Will the highest temperature in Dallas be between 100-101°F on July 22?,highest-temperature-in-dallas-on-july-22-2026-100-101f,https://polymarket-upload.s3.us-east-2.amazonaws.com/highest-temperature-in-dallas-on-december-5-m1XZuVxmKEs_.jpg,727275,highest-temperature-in-dallas-on-july-22-2026,No,1,Yes,92375935426711393645519236903525058985065232229873862787472571867644691420670,2026-07-22,True,True,True
0xb40e89677d59665d5188541ad860450a6e2a7cc9,78371236002338662494863023099402489104306583271195041947804808112405115302595,0x5a64d9175bccc69e46b9707cc500e61b4293be697d21b7a48d501cd4753aab5f,8.48,0.367,3.1121,3.4344,0.3222,10.3528,8.48,0.0,10.353,0.405,False,True,Will the highest temperature in Chongqing be 40°C on July 23?,highest-temperature-in-chongqing-on-july-23-2026-40c,https://polymarket-upload.s3.us-east-2.amazonaws.com/chongqing-9d6184ad07.png,727810,highest-temperature-in-chongqing-on-july-23-2026,Yes,0,No,60275843142675577300176936484594259138461562377845747795518955215374548234301,2026-07-23,True,True,False
0xb40e89677d59665d5188541ad860450a6e2a7cc9,82070485670404313632609644895714574487346593348768884935942718403327633739491,0x4d86ac0ab6de1d2cce5658037de22a1294c82a849f35d9df8b4ef9e7da829d74,8.3656,0.8683,7.2646,7.5709,0.3062,4.2149,8.3656,0.0,4.2158,0.905,False,False,Will the highest temperature in Moscow be 20°C on July 23?,highest-temperature-in-moscow-on-july-23-2026-20c,https://polymarket-upload.s3.us-east-2.amazonaws.com/moscow-4addd6349b.jpg,727815,highest-temperature-in-moscow-on-july-23-2026,No,1,Yes,87101279255207282572451442912312489383341519935686780591007919353151699881258,2026-07-23,True,True,False
0xb40e89677d59665d5188541ad860450a6e2a7cc9,25613628950442186148667292393907462392653483174319652838565149782365589359801,0xae72b677b5061c3a9c729af10de956aa22f5d3292e5d56324c1df7105b1a21e4,8.0,0.75,6.0,7.16,1.16,19.3333,8.0,0.0,19.3333,0.895,False,True,Will the highest temperature in Manila be 34°C on July 23?,highest-temperature-in-manila-on-july-23-2026-34c,https://polymarket-upload.s3.us-east-2.amazonaws.com/manila-1586e292d0.jpg,727824,highest-temperature-in-manila-on-july-23-2026,No,1,Yes,71524716359128235618985550811779275639325638592001001387865153634326142020743,2026-07-23,True,True,False
0xb40e89677d59665d5188541ad860450a6e2a7cc9,12944807763970379646049680793603254638821061307975087267473820994080467592688,0x3655dcf42a988cdcca798dc70ee42cc0db937a7f4aae01d2ba1f01ad5b4484c1,7.9224,0.1315,1.0419,0.0,-1.0419,-99.9986,74.29,24.4554,-100.0,0.0,True,False,Will the highest temperature in Paris be 36°C on July 7?,highest-temperature-in-paris-on-july-7-2026-36c,https://polymarket-upload.s3.us-east-2.amazonaws.com/paris-f08f5c4a28.jpg,668416,highest-temperature-in-paris-on-july-7-2026,Yes,0,No,56949049560552741960239055800840663877049524097452936828454518701957218844552,2026-07-07,True,True,True
0xb40e89677d59665d5188541ad860450a6e2a7cc9,95036481348275043096907818524225992566627488084426018406116509554007185202240,0x665fb92d8db05b342657ba72bda479134d36d4a53db639c30374116d13034e0e,7.7758,0.1569,1.2204,0.0,-1.2204,-99.9969,542.8162,183.544,-100.0,0.0,True,False,Will the highest temperature in Hong Kong be 29°C on July 3?,highest-temperature-in-hong-kong-on-july-3-2026-29c,https://polymarket-upload.s3.us-east-2.amazonaws.com/hongkong-ae9cc75f37.jpg,653822,highest-temperature-in-hong-kong-on-july-3-2026,Yes,0,No,67491256557600540484406585392220454875733001610608266933617716470601187145561,2026-07-03,True,True,True
0xb40e89677d59665d5188541ad860450a6e2a7cc9,113212452892529873375519376646029399909961236436465058611859671054394350181580,0x17f91d72d1d894a23bcbe7164943f1a96ccdf1c4f27da0d654aa452f810cc342,7.59,0.16,1.2144,1.48,0.2656,21.8708,7.59,0.0,21.8708,0.195,False,True,Will the highest temperature in Chongqing be 41°C on July 23?,highest-temperature-in-chongqing-on-july-23-2026-41c,https://polymarket-upload.s3.us-east-2.amazonaws.com/chongqing-9d6184ad07.png,727810,highest-temperature-in-chongqing-on-july-23-2026,Yes,0,No,16023337986982186453135362152294373096100701797040925765178387564778172871328,2026-07-23,True,True,False
0xb40e89677d59665d5188541ad860450a6e2a7cc9,108995683629451103375005217047531538823955490713215792337577395239595850121718,0x07dddc66473ecc1ce3d9ca520c5fcbc49e1bd56c659d0fa079418d4605b35a4d,7.5,0.66,4.95,5.3625,0.4124,8.3313,7.5,0.0,8.3333,0.715,False,True,Will the highest temperature in Beijing be 29°C on July 23?,highest-temperature-in-beijing-on-july-23-2026-29c,https://polymarket-upload.s3.us-east-2.amazonaws.com/beijing-5f83769b5a.jpg,727811,highest-temperature-in-beijing-on-july-23-2026,No,1,Yes,94710814429215941413624355290242169238239329625502746000387469199654984607890,2026-07-23,True,True,False
0xb40e89677d59665d5188541ad860450a6e2a7cc9,39669156035066400281355734114475043932623594019260707795792389930298570695971,0x3f7758598e34c68e02103decf9c61f270ac4c1b101a955df73a4f89055f9fd65,7.0833,0.407,2.8833,7.0585,4.1751,144.8014,7.0833,0.0,144.804,0.9965,False,True,Will the highest temperature in Mexico City be 27°C on July 22?,highest-temperature-in-mexico-city-on-july-22-2026-27c,https://polymarket-upload.s3.us-east-2.amazonaws.com/mexico-city-e64e24d13b.jpg,727284,highest-temperature-in-mexico-city-on-july-22-2026,Yes,0,No,56737090007005042963990292134952281478028164747284794362750638408123126859114,2026-07-22,True,True,True
0xb40e89677d59665d5188541ad860450a6e2a7cc9,6663979811183658725968194397795400875039628027135202558179563000660358359788,0xa99dc5666d14ba7a017e78edf7a53e67561bcc88867b90666e91c5a42cda416f,7.04,0.928,6.5331,6.6492,0.116,1.7755,7.04,0.0,1.7767,0.9445,False,False,Will the highest temperature in London be 28°C on July 23?,highest-temperature-in-london-on-july-23-2026-28c,https://polymarket-upload.s3.us-east-2.amazonaws.com/highest-temperature-in-london-on-jan-22-eouu0bkjph8i.jpg,727795,highest-temperature-in-london-on-july-23-2026,No,1,Yes,43194096588815160672928507072662519771653403729580042724996842887266951343593,2026-07-23,True,True,False
0xb40e89677d59665d5188541ad860450a6e2a7cc9,20041257804966666613515887075553851768247349262118094539810649357202639319356,0xfdcfdf66f580deafa38a3c14e724abf52cbe9ae6c88af5d2f8be1e07a59f2dc7,6.9333,0.85,5.8933,5.6499,-0.2434,-4.13,6.9333,0.0,-4.1306,0.8149,False,False,Will the highest temperature in San Francisco be between 66-67°F on July 23?,highest-temperature-in-san-francisco-on-july-23-2026-66-67f,https://polymarket-upload.s3.us-east-2.amazonaws.com/san-francisco-e705a842df.jpg,731118,highest-temperature-in-san-francisco-on-july-23-2026,No,1,Yes,87322778007397661509312337733635203858616108260948898204200781793634199276374,2026-07-23,True,True,False
0xb40e89677d59665d5188541ad860450a6e2a7cc9,97770024069736216824599942212688132306974736882245334545944249099620235722738,0x8eb0a90cb945faef031d941a83c3d981373f580c63bb95fecd7a6aef8f5cd0a8,6.91,0.16,1.1056,1.4856,0.3799,34.3614,6.91,0.0,34.3704,0.215,False,True,Will the highest temperature in Lucknow be 31°C on July 23?,highest-temperature-in-lucknow-on-july-23-2026-31c,https://polymarket-upload.s3.us-east-2.amazonaws.com/lucknow-0163e1bfc4.jpg,727978,highest-temperature-in-lucknow-on-july-23-2026,Yes,0,No,45578440884196278633612564141543049535796277173727692488132202610974256803713,2026-07-23,True,True,False
0xb40e89677d59665d5188541ad860450a6e2a7cc9,100277578199052292080574594299653762346465172237027281406552848380742025880579,0x54f8c06cb5a7a68ef65029b104c5f47e3779c47c66c6d9da6a5b172250c66625,6.81,0.34,2.3154,2.8261,0.5106,22.0523,6.81,0.0,22.0566,0.415,False,True,Will the highest temperature in Ankara be 30°C on July 23?,highest-temperature-in-ankara-on-july-23-2026-30c,https://polymarket-upload.s3.us-east-2.amazonaws.com/highest-temperature-in-ankara-on-january-18-nMXCZiNB0tXP.jpg,727798,highest-temperature-in-ankara-on-july-23-2026,Yes,0,No,87044532523898778415563717434086945447953639518054920892441972463118446394969,2026-07-23,True,True,False
0xb40e89677d59665d5188541ad860450a6e2a7cc9,60262206084130959485255485116973080583420512200937115621645824393181939056462,0x39b2b10a7f818ffeda45b2378e2c892a63862688eea39e5c9e88d0e3c0a77809,6.6666,0.85,5.6666,6.3999,0.7332,12.9388,6.6666,0.0,12.9394,0.96,False,True,Will the highest temperature in Chengdu be 41°C on July 23?,highest-temperature-in-chengdu-on-july-23-2026-41c,https://polymarket-upload.s3.us-east-2.amazonaws.com/chengdu-eab4d03cdb.jpg,727813,highest-temperature-in-chengdu-on-july-23-2026,No,1,Yes,65834492385750174849732446922757175389355767687594356842803641649443306999965,2026-07-23,True,True,False
0xb40e89677d59665d5188541ad860450a6e2a7cc9,30986927561599165983449605222474109523001642961516678625853422973824212668874,0x827876f737b88342a588c7a043105cdf42b78f61abfb51503b5ba629b2da7554,6.66,0.72,4.7952,5.0283,0.233,4.859,6.66,0.0,4.8611,0.755,False,False,Will the highest temperature in Toronto be 24°C on July 23?,highest-temperature-in-toronto-on-july-23-2026-24c,https://polymarket-upload.s3.us-east-2.amazonaws.com/highest-temperature-in-toronto-on-december-6-ZHBngGPj9GGd.jpg,731100,highest-temperature-in-toronto-on-july-23-2026,No,1,Yes,78837602677250740515255730621561128688631881198076854389658352042781623466927,2026-07-23,True,True,False
0xb40e89677d59665d5188541ad860450a6e2a7cc9,15103993207963127839880572610580599479693767239386336453451270481368261020506,0x5a0d880665409fa75009b18c408164de5cd10720ccf13e53af456c39f7172aa2,6.5843,0.0869,0.5726,0.0,-0.5726,-99.9919,6.5843,0.0,-100.0,0.0,True,False,Will the highest temperature in Istanbul be 30°C on July 20?,highest-temperature-in-istanbul-on-july-20-2026-30c,https://polymarket-upload.s3.us-east-2.amazonaws.com/istanbul-dc72177e0c.jpg,716242,highest-temperature-in-istanbul-on-july-20-2026,Yes,0,No,66691753159145640940066746695855604962126786397950428929394187008452994108461,2026-07-20,True,True,True
0xb40e89677d59665d5188541ad860450a6e2a7cc9,48720823488882553880083106330526456201587034641731705718620847579539788418256,0x4a10d973f98ec87ab8fc7a4512e6bb980d44104112434c837bf680502609cdfd,6.5,0.8129,5.2844,5.9637,0.6792,12.8526,6.5,0.0,12.8526,0.9175,False,True,Will the highest temperature in Beijing be 31°C on July 23?,highest-temperature-in-beijing-on-july-23-2026-31c,https://polymarket-upload.s3.us-east-2.amazonaws.com/beijing-5f83769b5a.jpg,727811,highest-temperature-in-beijing-on-july-23-2026,No,1,Yes,40304020160429257281337766165738733936943902124421353172279283374284357001201,2026-07-23,True,True,False
0xb40e89677d59665d5188541ad860450a6e2a7cc9,63558574992578819837732502916646462282552720586287490921313395118376475482366,0x9e6030b6420e981fea14174ccd5690d2eeecf358ad92251c4cd0f04a1c8feec9,6.3416,0.0483,0.3066,0.0,-0.3066,-99.9794,6.3416,0.0,-100.0,0.0,True,False,Will the highest temperature in Sao Paulo be 24°C on July 10?,highest-temperature-in-sao-paulo-on-july-10-2026-24c,https://polymarket-upload.s3.us-east-2.amazonaws.com/sao paulo-7deca91e54.jpg,682445,highest-temperature-in-sao-paulo-on-july-10-2026,Yes,0,No,10353024477163713896237898383952152202032066161880411672934720596073458374843,2026-07-10,True,True,True
0xb40e89677d59665d5188541ad860450a6e2a7cc9,39200371973075994449129209087335568267419498287714938965248563285079403394889,0xdfff1a9c95a0e1077f09c23cdfc97652de6e52b58a3bcc3dec3007853feaa901,6.2345,0.2541,1.5845,0.9975,-0.587,-37.0448,6.2345,0.0,-37.0489,0.16,False,True,Will the highest temperature in London be 25°C on July 23?,highest-temperature-in-london-on-july-23-2026-25c,https://polymarket-upload.s3.us-east-2.amazonaws.com/highest-temperature-in-london-on-jan-22-eouu0bkjph8i.jpg,727795,highest-temperature-in-london-on-july-23-2026,Yes,0,No,86531105895156879476877022901425343884818741523972567825183642650009836346306,2026-07-23,True,True,False
0xb40e89677d59665d5188541ad860450a6e2a7cc9,114687159064399635781783559413223698946531192512805509724879414693576182689372,0x1edf4cc88a3a197aae0c7c9b49d129dc6ee4d78c93043f26bbe8681f50d14ad1,6.07,0.1399,0.8495,0.0,-0.8495,-99.9989,67.17,21.9989,-100.0,0.0,True,False,Will the highest temperature in Qingdao be 27°C on July 7?,highest-temperature-in-qingdao-on-july-7-2026-27c,https://polymarket-upload.s3.us-east-2.amazonaws.com/qingdao-64680595db.jpg,668443,highest-temperature-in-qingdao-on-july-7-2026,Yes,0,No,66423591846216622251892385347121115644530150111051285526044755117233326829884,2026-07-07,True,True,True
0xb40e89677d59665d5188541ad860450a6e2a7cc9,1538978858801288557606055810516106130362831181306442034523047089021710241253,0x4e189f286d782d69064f6fb37c02682752e099f267e4fcb6113ebd774e9e2069,6.0,0.05,0.3,0.0,-0.3,-99.9999,6.0,0.0,-100.0,0.0,True,False,Will the highest temperature in Cape Town be 18°C on July 22?,highest-temperature-in-cape-town-on-july-22-2026-18c,https://polymarket-upload.s3.us-east-2.amazonaws.com/cape-town-6b1f408cef.jpg,724052,highest-temperature-in-cape-town-on-july-22-2026,Yes,0,No,35435516708244043266127730262881199493303461032960528868139459134653551898970,2026-07-22,True,True,True
0xb40e89677d59665d5188541ad860450a6e2a7cc9,58676231459748318696868182601162599987490828222124737441065624646067020446766,0xb579afb2c0570e54f24d7ac797234f1400ece319d52f0fcf008afcfe294bf4cc,6.0,0.08,0.48,0.0,-0.48,-100.0,6.0,0.0,-100.0,0.0,True,False,Will the highest temperature in Tel Aviv be 33°C on July 12?,highest-temperature-in-tel-aviv-on-july-12-2026-33c,https://polymarket-upload.s3.us-east-2.amazonaws.com/tel-aviv-8a93e4dc2b.jpg,686636,highest-temperature-in-tel-aviv-on-july-12-2026,Yes,0,No,35664393146037064110081885722478555549744819189145302816116578529760008767412,2026-07-12,True,True,True
0xb40e89677d59665d5188541ad860450a6e2a7cc9,93167815231056647192537013146874269029606356024356861511789724165898311911910,0x40caf9517e03054bdacf265ea798aa9389b2ad831efbb23c12d77e35c4f1f979,6.0,0.0509,0.306,0.0,-0.306,-100.0,6.0,0.0,-100.0,0.0,True,False,Will the highest temperature in Chicago be 93°F or below on July 14?,highest-temperature-in-chicago-on-july-14-2026-93forbelow,https://polymarket-upload.s3.us-east-2.amazonaws.com/highest-temperature-in-chicago-on-december-5-IoEGq9msnWg6.jpg,697078,highest-temperature-in-chicago-on-july-14-2026,Yes,0,No,99966251022919479641293603348497361054736703056866387149783788008804137253321,2026-07-14,True,True,True
0xb40e89677d59665d5188541ad860450a6e2a7cc9,59777940895247061092058624003877766128432389345274544841336653160055601290612,0x46b6a59621cf0a42cdcaa847a27eee415c58f7d83392a628fcc5595bd1b91fc3,5.2686,0.0509,0.2687,0.0,-0.2687,-99.9988,5.2686,0.0,-100.0,0.0,True,False,Will the highest temperature in Warsaw be 31°C on July 16?,highest-temperature-in-warsaw-on-july-16-2026-31c,https://polymarket-upload.s3.us-east-2.amazonaws.com/warsaw-7f43eebaf6.jpg,701560,highest-temperature-in-warsaw-on-july-16-2026,Yes,0,No,27422003244810047330560027476265755213524496528315154831117183609163922659970,2026-07-16,True,True,True
0xb40e89677d59665d5188541ad860450a6e2a7cc9,30550554441440354583334716611688275017510830135127768187625850706702017151880,0xcd51b23524eb59579d5b5b1c09be4fb02be70d2ca43a82762503176ec3c49217,5.2083,0.04,0.2083,0.0,-0.2083,-99.9841,5.2083,0.0,-100.0,0.0,True,False,Will the highest temperature in Sao Paulo be 23°C on July 17?,highest-temperature-in-sao-paulo-on-july-17-2026-23c,https://polymarket-upload.s3.us-east-2.amazonaws.com/sao paulo-7deca91e54.jpg,708365,highest-temperature-in-sao-paulo-on-july-17-2026,Yes,0,No,10823076905452912835808636860878860169834032012212542290128600224469036756031,2026-07-17,True,True,True
0xb40e89677d59665d5188541ad860450a6e2a7cc9,34000048315066369138583215139424712214398503937527444097536054110932164627030,0x218bf721808ca735e0654dfcf0b65fb20917547826601610834e8b3ee182770c,5.09,0.943,4.7998,5.0874,0.2875,5.9897,5.09,0.0,5.9903,0.9995,False,False,Will the highest temperature in Seattle be between 86-87°F on July 22?,highest-temperature-in-seattle-on-july-22-2026-86-87f,https://polymarket-upload.s3.us-east-2.amazonaws.com/highest-temperature-in-seattle-on-december-5-mjogoGN44OY4.jpg,727273,highest-temperature-in-seattle-on-july-22-2026,No,1,Yes,17109942292486333779149713120564671216801574896479829034891193398993695661036,2026-07-22,True,True,True
0xb40e89677d59665d5188541ad860450a6e2a7cc9,42962565525910903216963923132278618341348855663883677846660770902428125077982,0x0b6e451bfbd4b97e4b68cd898f2335931a4aa3e1281fe051ed1f585f3a8ec834,5.08,0.33,1.6764,1.6256,-0.0508,-3.0303,5.08,0.0,-3.0303,0.32,False,False,Will the highest temperature in Karachi be 34°C on July 23?,highest-temperature-in-karachi-on-july-23-2026-34c,https://polymarket-upload.s3.us-east-2.amazonaws.com/karachi-dcb1d7dafc.jpg,727987,highest-temperature-in-karachi-on-july-23-2026,Yes,0,No,37939404213656164928712404853695984908973652350519187783649409025726953298227,2026-07-23,True,True,False
0xb40e89677d59665d5188541ad860450a6e2a7cc9,107840731691192187852269078783208213759945014251525337439944631765291204106474,0xda5b916a115482b387d8553d5ed86c476273f3c4b3ed4ba0888a8ba7906c0280,5.0,0.923,4.615,4.9975,0.3824,8.286,5.0,0.0,8.2881,0.9995,False,False,Will the highest temperature in Hong Kong be 35°C on July 22?,highest-temperature-in-hong-kong-on-july-22-2026-35c,https://polymarket-upload.s3.us-east-2.amazonaws.com/hongkong-ae9cc75f37.jpg,724027,highest-temperature-in-hong-kong-on-july-22-2026,No,1,Yes,22473469040314940698963251334965697112691625932294065714817889380953903998207,2026-07-22,True,True,True
0xb40e89677d59665d5188541ad860450a6e2a7cc9,114472408031522252200050456416469233562107520085369693608428611344325210312936,0x159ccc44a38b254a22856a6da7a02c8ea2e35d6ff33feb62229da8bb013ac9ed,5.0,0.19,0.95,0.525,-0.4249,-44.7263,5.0,0.0,-44.7368,0.105,False,True,Will the highest temperature in Shenzhen be 32°C on July 23?,highest-temperature-in-shenzhen-on-july-23-2026-32c,https://polymarket-upload.s3.us-east-2.amazonaws.com/shenzhen-cf834873c6.jpg,727814,highest-temperature-in-shenzhen-on-july-23-2026,Yes,0,No,38751242089818560006389142692793254168196434995322961727662296658047793884962,2026-07-23,True,True,False
0xb40e89677d59665d5188541ad860450a6e2a7cc9,24482060797202539440132789655217680044530080062699499484077929724516428788462,0x7271d816ff3c26dd89b3c6c06843c1714f72df7eaff4ae60eab06e1649894965,5.0,0.08,0.4,0.375,-0.025,-6.25,5.0,0.0,-6.25,0.075,False,True,Will the highest temperature in Lucknow be 34°C on July 23?,highest-temperature-in-lucknow-on-july-23-2026-34c,https://polymarket-upload.s3.us-east-2.amazonaws.com/lucknow-0163e1bfc4.jpg,727978,highest-temperature-in-lucknow-on-july-23-2026,Yes,0,No,104407956297483422630414371989120952266458088481882235811420395616829301941612,2026-07-23,True,True,False
0xb40e89677d59665d5188541ad860450a6e2a7cc9,25829885046475559168348685567366960357411688906777819371737811851922161471070,0x660acc6a6cccd5ec1d4872a2a810146f8927f6dd6ea89ac7747aa542ea121d5b,5.0,0.04,0.2,0.2275,0.0274,13.6999,5.0,0.0,13.7499,0.0455,False,True,Will the highest temperature in Toronto be 23°C on July 23?,highest-temperature-in-toronto-on-july-23-2026-23c,https://polymarket-upload.s3.us-east-2.amazonaws.com/highest-temperature-in-toronto-on-december-6-ZHBngGPj9GGd.jpg,731100,highest-temperature-in-toronto-on-july-23-2026,Yes,0,No,114279958287891510257179997817932443353191717762867929265027691067426055217709,2026-07-23,True,True,False
0xb40e89677d59665d5188541ad860450a6e2a7cc9,37905718489833921405289928343008417301042716429433915799498681166958238816706,0x399ff74b4525a27bde986bacc47ef13c828c75724664e59f18b16b1d5fbe197d,5.0,0.962,4.8099,4.8949,0.0849,1.765,5.0,0.0,1.765,0.979,False,False,Will the highest temperature in Los Angeles be between 86-87°F on July 23?,highest-temperature-in-los-angeles-on-july-23-2026-86-87f,https://polymarket-upload.s3.us-east-2.amazonaws.com/los-angeles-cdae9380c7.jpg,731117,highest-temperature-in-los-angeles-on-july-23-2026,No,1,Yes,31185159282993307146229809154218552062215957783339618038020762972308924028183,2026-07-23,True,True,False
0xb40e89677d59665d5188541ad860450a6e2a7cc9,44061024867382182871742937309370230493876278919345509858482326221145979972104,0x26f9f7fa683800a1d3bdb858aee6297d4628eadc5b75fb096bb592f30f2c2712,5.0,0.83,4.1499,4.575,0.425,10.2409,5.0,0.0,10.2409,0.915,False,True,Will the highest temperature in Chicago be between 80-81°F on July 23?,highest-temperature-in-chicago-on-july-23-2026-80-81f,https://polymarket-upload.s3.us-east-2.amazonaws.com/highest-temperature-in-chicago-on-december-5-IoEGq9msnWg6.jpg,731113,highest-temperature-in-chicago-on-july-23-2026,No,1,Yes,78577237132844395278965760822440024914655478091790571924606726431777453274658,2026-07-23,True,True,False
0xb40e89677d59665d5188541ad860450a6e2a7cc9,45286926717014733291840682913839051072556904047836140841017865184508670074625,0x5544d9267afa1bf26bb055fd6e1a7d83fd88c56d034b89a236ec315e0fededec,5.0,0.66,3.3,3.325,0.0249,0.7545,5.0,0.0,0.7575,0.665,False,True,Will the highest temperature in Seoul be 28°C on July 23?,highest-temperature-in-seoul-on-july-23-2026-28c,https://polymarket-upload.s3.us-east-2.amazonaws.com/highest-temperature-in-seoul-on-december-6-WzqtMeHg43n4.jpg,727797,highest-temperature-in-seoul-on-july-23-2026,No,1,Yes,81621331101915344379374767310101295309734339039340404177083527099777065479954,2026-07-23,True,True,False
0xb40e89677d59665d5188541ad860450a6e2a7cc9,53683547583964463253626925544023390861679110868666989795965464029323291746994,0x1235bf4206112bb89f6d934f4460079f436d3322de95c8f1acbd54600c3ea27b,5.0,0.04,0.2,0.2199,0.0199,9.95,5.0,0.0,9.95,0.044,False,False,Will the highest temperature in New York City be between 76-77°F on July 23?,highest-temperature-in-nyc-on-july-23-2026-76-77f,https://polymarket-upload.s3.us-east-2.amazonaws.com/test-nyc-weather-pciture-cgUEW73XBkei.jpg,731109,highest-temperature-in-nyc-on-july-23-2026,Yes,0,No,98065844336100920139030731292534616343093308012117546780120851733894993486847,2026-07-23,True,True,False
0xb40e89677d59665d5188541ad860450a6e2a7cc9,60275843142675577300176936484594259138461562377845747795518955215374548234301,0x5a64d9175bccc69e46b9707cc500e61b4293be697d21b7a48d501cd4753aab5f,5.0,0.58,2.9,2.9749,0.0748,2.5793,5.0,0.0,2.5827,0.595,False,True,Will the highest temperature in Chongqing be 40°C on July 23?,highest-temperature-in-chongqing-on-july-23-2026-40c,https://polymarket-upload.s3.us-east-2.amazonaws.com/chongqing-9d6184ad07.png,727810,highest-temperature-in-chongqing-on-july-23-2026,No,1,Yes,78371236002338662494863023099402489104306583271195041947804808112405115302595,2026-07-23,True,True,False
0xb40e89677d59665d5188541ad860450a6e2a7cc9,77967028803102578506479238548069888835796645859770394741083778301636580865828,0xa6a13f2c647fa8b46462bf8547ca9cf01b09d5351853bca855f318bcdab192b1,5.0,0.25,1.25,1.875,0.625,50.0,5.0,0.0,50.0,0.375,False,True,Will the highest temperature in Buenos Aires be 14°C on July 23?,highest-temperature-in-buenos-aires-on-july-23-2026-14c,https://polymarket-upload.s3.us-east-2.amazonaws.com/will-the-highest-temperature-in-buenos-aires-be-32-c-or-higher-on-december-6-etNh-JFGhdrt.jpg,731099,highest-temperature-in-buenos-aires-on-july-23-2026,Yes,0,No,100436101438141554591379829080750292116136613377230662474934218923072165401469,2026-07-23,True,True,False
0xb40e89677d59665d5188541ad860450a6e2a7cc9,81296072862454454979230059409725064260582333605953108599455164670115662000115,0x9c2553067277f4855d24fa9a1e3faad839e919e67a6f9d91d03770620fcf6975,5.0,0.922,4.61,4.5925,-0.0175,-0.3796,5.0,0.0,-0.3796,0.9185,False,False,Will the highest temperature in Sao Paulo be 26°C on July 23?,highest-temperature-in-sao-paulo-on-july-23-2026-26c,https://polymarket-upload.s3.us-east-2.amazonaws.com/sao paulo-7deca91e54.jpg,731098,highest-temperature-in-sao-paulo-on-july-23-2026,No,1,Yes,14600718758531423022829669138294087725016695896616811729648410264780413382687,2026-07-23,True,True,False
0xb40e89677d59665d5188541ad860450a6e2a7cc9,8667068930229834583462069628295560962990388570332150292668630292143422462023,0x00eb04cdf47cb9d6d03cd2ef1eacc39bf33151eb05d285a4fa4c68062ee99e25,5.0,0.031,0.155,0.0025,-0.1525,-98.387,5.0,0.0,-98.387,0.0005,False,True,Will the highest temperature in Buenos Aires be 16°C on July 22?,highest-temperature-in-buenos-aires-on-july-22-2026-16c,https://polymarket-upload.s3.us-east-2.amazonaws.com/will-the-highest-temperature-in-buenos-aires-be-32-c-or-higher-on-december-6-etNh-JFGhdrt.jpg,727264,highest-temperature-in-buenos-aires-on-july-22-2026,Yes,0,No,38753399629315079986654560375482798964391101398135321810224192800888051625180,2026-07-22,True,True,True
0xb40e89677d59665d5188541ad860450a6e2a7cc9,96703152160798835218959574627043609614072041353382214777955181806381834566369,0xb1f4d251db4d644795e0c684df3d6233dfaf8e8537828ca595aeb88b720fddb0,5.0,0.074,0.37,0.16,-0.21,-56.7567,5.0,0.0,-56.7567,0.032,False,True,Will the highest temperature in Houston be 87°F or below on July 23?,highest-temperature-in-houston-on-july-23-2026-87forbelow,https://polymarket-upload.s3.us-east-2.amazonaws.com/houston-ef6084a9ac.jpg,731116,highest-temperature-in-houston-on-july-23-2026,Yes,0,No,66097578752904321561152353603263389160624164196635391335056890755102988378682,2026-07-23,True,True,False
0xb40e89677d59665d5188541ad860450a6e2a7cc9,97224509145479880719569322220189402699228194556632746906980282990128399801058,0xb5823539959bb93148fe5dd639ec54267e5fef342577081eec2911c366747504,5.0,0.961,4.805,4.9525,0.1474,3.0676,5.0,0.0,3.0697,0.9905,False,False,Will the highest temperature in Amsterdam be 17°C on July 23?,highest-temperature-in-amsterdam-on-july-23-2026-17c,https://polymarket-upload.s3.us-east-2.amazonaws.com/amsterdam-02ab78335a.jpg,727818,highest-temperature-in-amsterdam-on-july-23-2026,No,1,Yes,66931518303589647305685760007634726135547143558232088609262174650153913033674,2026-07-23,True,True,True
0xb40e89677d59665d5188541ad860450a6e2a7cc9,76354018565118379910629417943610559995622142014831793204196982995972822782811,0x311c746cc1114f71c2bc6b83bfa85ad9b2211bd7bde1949d4d1d637405c98ec3,4.4132,0.2231,0.9847,0.0,-0.9847,-99.9984,151.7636,38.2789,-100.0,0.0,True,False,Will the highest temperature in Busan be 28°C on July 7?,highest-temperature-in-busan-on-july-7-2026-28c,https://polymarket-upload.s3.us-east-2.amazonaws.com/busan-ac26e40e59.jpg,668437,highest-temperature-in-busan-on-july-7-2026,Yes,0,No,110772070393161875242798475148163398978162850172016657493530517301484548465843,2026-07-07,True,True,True
0xb40e89677d59665d5188541ad860450a6e2a7cc9,41697882767733156669437021000905209889194698280182470661939580446967641035859,0x1e1510fbfbb782ba49f5fbf170329f4175ad2004bf9e67a5cf221da414bb2765,4.065,0.016,0.065,0.0,-0.065,-99.9384,4.065,0.0,-100.0,0.0,True,False,Will the highest temperature in Sao Paulo be 21°C on July 6?,highest-temperature-in-sao-paulo-on-july-6-2026-21c,https://polymarket-upload.s3.us-east-2.amazonaws.com/sao paulo-7deca91e54.jpg,667960,highest-temperature-in-sao-paulo-on-july-6-2026,Yes,0,No,34208013844895770492272582707625367347005130770949717532686903272545452589643,2026-07-06,True,True,True
0xb40e89677d59665d5188541ad860450a6e2a7cc9,102502606173380081509748773491750874535745773262838858366780709245126332693545,0x1abf0a212bfb7dc1393c72bf494c95d27297dbdba5c0144e9cf1ebaaa2a7c1c3,4.0,0.75,3.0,3.04,0.04,1.3333,4.0,0.0,1.3333,0.76,False,False,Will the highest temperature in Chengdu be 40°C on July 23?,highest-temperature-in-chengdu-on-july-23-2026-40c,https://polymarket-upload.s3.us-east-2.amazonaws.com/chengdu-eab4d03cdb.jpg,727813,highest-temperature-in-chengdu-on-july-23-2026,No,1,Yes,31028663005710453727192684636916427018852958909909886720417872748816087359021,2026-07-23,True,True,False
0xb40e89677d59665d5188541ad860450a6e2a7cc9,7189824174930337797138001169069334164437632830258259710541534605088632122189,0x7fb5f2c2e550fc9abc035ea97b8b58b183219c0fed24df7bb0e2af0eca2c1d68,4.0,0.5,2.0,1.78,-0.2199,-10.995,4.0,0.0,-10.9999,0.445,False,True,Will the highest temperature in Amsterdam be 20°C on July 23?,highest-temperature-in-amsterdam-on-july-23-2026-20c,https://polymarket-upload.s3.us-east-2.amazonaws.com/amsterdam-02ab78335a.jpg,727818,highest-temperature-in-amsterdam-on-july-23-2026,Yes,0,No,53310797882842404453036544936032548711439085350062606065816963107685422174504,2026-07-23,True,True,False
0xb40e89677d59665d5188541ad860450a6e2a7cc9,1968716518186658834724347274194988531985304529854820020396087849448597087233,0xf89d10f17314a5aef121dd1a59933b84f291b004efc42b247726f71dd5f05e24,3.7735,0.47,1.7735,1.415,-0.3585,-20.2133,3.7735,0.0,-20.218,0.375,False,True,Will the highest temperature in Shenzhen be 33°C on July 23?,highest-temperature-in-shenzhen-on-july-23-2026-33c,https://polymarket-upload.s3.us-east-2.amazonaws.com/shenzhen-cf834873c6.jpg,727814,highest-temperature-in-shenzhen-on-july-23-2026,Yes,0,No,98186079332219151565178065312130588076525838447205563967334333655524809303793,2026-07-23,True,True,False
0xb40e89677d59665d5188541ad860450a6e2a7cc9,100436101438141554591379829080750292116136613377230662474934218923072165401469,0xa6a13f2c647fa8b46462bf8547ca9cf01b09d5351853bca855f318bcdab192b1,3.645,0.6011,2.191,2.2781,0.087,3.9706,3.645,0.0,3.9729,0.625,False,True,Will the highest temperature in Buenos Aires be 14°C on July 23?,highest-temperature-in-buenos-aires-on-july-23-2026-14c,https://polymarket-upload.s3.us-east-2.amazonaws.com/will-the-highest-temperature-in-buenos-aires-be-32-c-or-higher-on-december-6-etNh-JFGhdrt.jpg,731099,highest-temperature-in-buenos-aires-on-july-23-2026,No,1,Yes,77967028803102578506479238548069888835796645859770394741083778301636580865828,2026-07-23,True,True,False
0xb40e89677d59665d5188541ad860450a6e2a7cc9,85548021651456826584689794301849777711241172766362509625273606772376449277064,0x77021cd995355ade7583628c782b6e6e764d35ee42421df77f879b5d27063240,3.49,0.05,0.1745,0.0,-0.1745,-99.9999,3.49,0.0,-100.0,0.0,True,False,Will the highest temperature in Istanbul be 29°C on July 12?,highest-temperature-in-istanbul-on-july-12-2026-29c,https://polymarket-upload.s3.us-east-2.amazonaws.com/istanbul-dc72177e0c.jpg,686651,highest-temperature-in-istanbul-on-july-12-2026,Yes,0,No,26893973696605864645980873208037058796682092376902333685485197169638084001503,2026-07-12,True,True,True
0xb40e89677d59665d5188541ad860450a6e2a7cc9,65613053029673388267492251427375020396640382912760860606309079283925001472858,0xdaad2fba06fa9e40822d2eb3c1afc26b413ebb5b953a015befc977dfa8f219d9,3.3384,0.35,1.1684,0.0,-1.1684,-99.9947,3.3384,0.0,-100.0,0.0,True,False,Will the highest temperature in Panama City be 32°C on July 6?,highest-temperature-in-panama-city-on-july-6-2026-32c,https://polymarket-upload.s3.us-east-2.amazonaws.com/panama-city-563f6ab7e6.jpg,667975,highest-temperature-in-panama-city-on-july-6-2026,Yes,0,No,47079589571833863543910715716576664868858862774264067395553407573226564075520,2026-07-06,True,True,True
0xb40e89677d59665d5188541ad860450a6e2a7cc9,5321136853064370449502658213251824501827164405885286765365342057325280848823,0xc30bc025b9eda4fb4345604204b87a51317b1eaae43a1339276edc6a35d97b96,3.22,0.05,0.161,0.0,-0.161,-99.9999,3.22,0.0,-100.0,0.0,True,False,Will the highest temperature in Amsterdam be 28°C on July 12?,highest-temperature-in-amsterdam-on-july-12-2026-28c,https://polymarket-upload.s3.us-east-2.amazonaws.com/amsterdam-02ab78335a.jpg,686653,highest-temperature-in-amsterdam-on-july-12-2026,Yes,0,No,44675724809996153722666709382025764114385828523430496238001709188817479892832,2026-07-12,True,True,True
0xb40e89677d59665d5188541ad860450a6e2a7cc9,24004862249932263911927711263103996965595474957482747349353988519717320844416,0xd981b74c548fb9d5a209c1ec3febdf42937caeeeba1d8dfe8f17841e734fd024,3.0,0.19,0.57,0.675,0.1049,18.4035,3.0,0.0,18.421,0.225,False,True,Will the highest temperature in Guangzhou be 35°C on July 23?,highest-temperature-in-guangzhou-on-july-23-2026-35c,https://polymarket-upload.s3.us-east-2.amazonaws.com/guangzhou-432bb47dad.jpg,727822,highest-temperature-in-guangzhou-on-july-23-2026,Yes,0,No,39204855278601838364317541554026996685476917686696146819163026103294025933168,2026-07-23,True,True,False
0xb40e89677d59665d5188541ad860450a6e2a7cc9,90895911362123859304783024976780899210208950392813594370005999517897290470800,0x65ff01712018a6bbe741a3d7c04967eee484ae1924c56cf8b3ad24ed945a1ebe,3.0,0.83,2.4899,2.505,0.015,0.6024,3.0,0.0,0.6024,0.835,False,True,Will the highest temperature in Beijing be 28°C on July 23?,highest-temperature-in-beijing-on-july-23-2026-28c,https://polymarket-upload.s3.us-east-2.amazonaws.com/beijing-5f83769b5a.jpg,727811,highest-temperature-in-beijing-on-july-23-2026,No,1,Yes,45207246772729247798722074500757080282820221990843379570571379101468161012626,2026-07-23,True,True,False
0xb40e89677d59665d5188541ad860450a6e2a7cc9,30459715144152065085148403695923408117892438381143796967748101677565857783903,0x90faa54673618256e3a6dc7f09e6721cedd9ed6ba0989944f295eee9667b2a9b,2.8905,0.535,1.5465,1.6328,0.0862,5.5735,2.8905,0.0,5.575,0.5649,False,False,Will the highest temperature in Mexico City be 28°C on July 23?,highest-temperature-in-mexico-city-on-july-23-2026-28c,https://polymarket-upload.s3.us-east-2.amazonaws.com/mexico-city-e64e24d13b.jpg,731119,highest-temperature-in-mexico-city-on-july-23-2026,No,1,Yes,71033237571518544791228024008218576654816466047172847377804682632737691630564,2026-07-23,True,True,False
0xb40e89677d59665d5188541ad860450a6e2a7cc9,58033058291270876394850521139831765278317972352769664789062227910611502694192,0x00599e9537224e2ba66b8888cda6d16667470ee5e75780caa6cf4ee7d9bea7f4,2.58,0.32,0.8256,0.6837,-0.1419,-17.1875,2.58,0.0,-17.1875,0.265,False,False,Will the highest temperature in Kuala Lumpur be 33°C on July 23?,highest-temperature-in-kuala-lumpur-on-july-23-2026-33c,https://polymarket-upload.s3.us-east-2.amazonaws.com/kuala-2535fee773.jpg,727820,highest-temperature-in-kuala-lumpur-on-july-23-2026,Yes,0,No,29426554754828965556418824553476561393210033808346608677422060094856464360449,2026-07-23,True,True,False
0xb40e89677d59665d5188541ad860450a6e2a7cc9,51124395823841754577716949817956861103927398697661670584299205758162068751961,0x0b1a788eabe7b78d5ceaed1e3ef729866cb8747958877402587789508ce2e405,2.5258,0.21,0.5304,0.5051,-0.0253,-4.7697,2.5258,0.0,-4.7739,0.2,False,True,Will the highest temperature in Atlanta be between 92-93°F on July 23?,highest-temperature-in-atlanta-on-july-23-2026-92-93f,https://polymarket-upload.s3.us-east-2.amazonaws.com/highest-temperature-in-atlanta-on-december-5--dClj_prA8Ny.jpg,731111,highest-temperature-in-atlanta-on-july-23-2026,Yes,0,No,74636936733074721767795283714296957141256409120524957508413745515389159858469,2026-07-23,True,True,False
0xb40e89677d59665d5188541ad860450a6e2a7cc9,102217841824054138154068673540357228440068548510495571541429562181731178753591,0x2d6cc5eee8528e70500c9f806f91f9ade0bb7147d9f24a79fe13883224387ca2,2.5,0.6,1.5,1.6625,0.1625,10.8333,2.5,0.0,10.8333,0.665,False,False,Will the highest temperature in Paris be 26°C on July 23?,highest-temperature-in-paris-on-july-23-2026-26c,https://polymarket-upload.s3.us-east-2.amazonaws.com/paris-f08f5c4a28.jpg,727796,highest-temperature-in-paris-on-july-23-2026,No,1,Yes,518046899297432176574318761707797833676808987188450398492601754586386347909,2026-07-23,True,True,False
0xb40e89677d59665d5188541ad860450a6e2a7cc9,9015346452066521522863130824872197019763279349699806477993362611762945991890,0xca9d503c8c9d8e9233ccda835b81cf367bac52a132e7a8ed6989101b73a744af,2.23,0.04,0.0892,0.0,-0.0892,-100.0,2.23,0.0,-100.0,0.0,True,False,Will the highest temperature in Seattle be between 76-77°F on July 4?,highest-temperature-in-seattle-on-july-4-2026-76-77f,https://polymarket-upload.s3.us-east-2.amazonaws.com/highest-temperature-in-seattle-on-december-5-mjogoGN44OY4.jpg,660806,highest-temperature-in-seattle-on-july-4-2026,Yes,0,No,93505053060119259114656859802818081198546946491402426564420764277752837835899,2026-07-04,True,True,True
0xb40e89677d59665d5188541ad860450a6e2a7cc9,52499472160099902268009333377255709638972224486582256278731829941273867878151,0x4dc512a1bb2a4b5217d6952709c13fe78124400c5ffe0673f6d285ff95332ca5,2.1413,0.066,0.1413,0.0,-0.1413,-99.9809,2.1413,0.0,-100.0,0.0,True,False,Will the highest temperature in Busan be 34°C on July 17?,highest-temperature-in-busan-on-july-17-2026-34c,https://polymarket-upload.s3.us-east-2.amazonaws.com/busan-ac26e40e59.jpg,705219,highest-temperature-in-busan-on-july-17-2026,Yes,0,No,62615088742080109481744594094023658441107389806467061815452553509990252165562,2026-07-17,True,True,True
0xb40e89677d59665d5188541ad860450a6e2a7cc9,109588038847489431792821009601508111113503748611275153875230658099819138216977,0xcbabbf9a445b0aee25f0d9144d224ff64d6c124939aad5493fe766aab355fed5,2.0408,0.51,1.0408,1.0714,0.0305,2.9303,2.0408,0.0,2.9384,0.525,False,False,Will the highest temperature in Miami be between 92-93°F on July 23?,highest-temperature-in-miami-on-july-23-2026-92-93f,https://polymarket-upload.s3.us-east-2.amazonaws.com/highest-temperature-in-miami-on-december-5-fjW5d7xet1Aq.jpg,731112,highest-temperature-in-miami-on-july-23-2026,No,1,Yes,79513334847340125674331667107908204490867427323241080356834870394845842990996,2026-07-23,True,True,False
0xb40e89677d59665d5188541ad860450a6e2a7cc9,33355697326795781807824383822252210859559839298433914829634961590304986828676,0x0de3e6719a85e3efb80ab6376a068e9962b4f555d047c3619f292b88790a2549,2.0,0.06,0.12,0.0,-0.12,-100.0,2.0,0.0,-100.0,0.0,True,False,Will the highest temperature in Lucknow be 34°C on July 14?,highest-temperature-in-lucknow-on-july-14-2026-34c,https://polymarket-upload.s3.us-east-2.amazonaws.com/lucknow-0163e1bfc4.jpg,693916,highest-temperature-in-lucknow-on-july-14-2026,Yes,0,No,60772446882640807722858702275188896512257891672798127405795790159158094514545,2026-07-14,True,True,True
0xb40e89677d59665d5188541ad860450a6e2a7cc9,49048802907191134023439276310519926264839797658843140329852581556912619185757,0x5072c696228939598e63e6965aed6b6c82ad2d21c305d368624302189d22e7fd,2.0,0.07,0.14,0.072,-0.068,-48.5714,2.0,0.0,-48.5714,0.036,False,False,Will the highest temperature in Jeddah be 36°C on July 23?,highest-temperature-in-jeddah-on-july-23-2026-36c,https://polymarket-upload.s3.us-east-2.amazonaws.com/jeddah-43fa85fbaf.jpg,727821,highest-temperature-in-jeddah-on-july-23-2026,Yes,0,No,66267900158328667855555186558372420731423630801924541719265507564540404653169,2026-07-23,True,True,False
0xb40e89677d59665d5188541ad860450a6e2a7cc9,59379489228171306097593345009344735976754920090228821331760425248752282738655,0xe101ca02df471603a7428dfb5a896963602b924074b8c26452f84307793b3dfb,2.0,0.21,0.42,0.5698,0.1498,35.6666,2.0,0.0,35.6666,0.2849,False,True,Will the highest temperature in Manila be 32°C on July 23?,highest-temperature-in-manila-on-july-23-2026-32c,https://polymarket-upload.s3.us-east-2.amazonaws.com/manila-1586e292d0.jpg,727824,highest-temperature-in-manila-on-july-23-2026,Yes,0,No,37469879496658607922018165407198235314043644655198867205014601362822127375031,2026-07-23,True,True,False
0xb40e89677d59665d5188541ad860450a6e2a7cc9,75893623516757423186793052658187300595477035568356358786323499740066657183381,0x53c45b5bbd7801c93596d246af3b56189696e13bccc41334420d5150b2de538f,2.0,0.06,0.12,0.0,-0.12,-100.0,2.0,0.0,-100.0,0.0,True,False,Will the highest temperature in Atlanta be between 86-87°F on July 11?,highest-temperature-in-atlanta-on-july-11-2026-86-87f,https://polymarket-upload.s3.us-east-2.amazonaws.com/highest-temperature-in-atlanta-on-december-5--dClj_prA8Ny.jpg,686138,highest-temperature-in-atlanta-on-july-11-2026,Yes,0,No,34466977084016126513988169781986456473064292687490428571301506024560949029165,2026-07-11,True,True,True
0xb40e89677d59665d5188541ad860450a6e2a7cc9,75434569104380358660257813061552848698506060902873752785610621506913893443165,0xbbe6b89926eee33c4419cbf685ed9611de2d1e3f29aeaee7c03fd382d495c007,1.78,0.886,1.5771,1.6829,0.1057,6.7017,1.78,0.0,6.7017,0.9455,False,True,Will the highest temperature in Buenos Aires be 12°C on July 23?,highest-temperature-in-buenos-aires-on-july-23-2026-12c,https://polymarket-upload.s3.us-east-2.amazonaws.com/will-the-highest-temperature-in-buenos-aires-be-32-c-or-higher-on-december-6-etNh-JFGhdrt.jpg,731099,highest-temperature-in-buenos-aires-on-july-23-2026,No,1,Yes,74803916455741883455563239119497302636672949318950086747971361970406929965069,2026-07-23,True,True,False
0xb40e89677d59665d5188541ad860450a6e2a7cc9,7515155373863170152142390354088726576301657127363563834476644696698629366560,0xa518392a48e0887dfee7c7b96ecf41f07922f98312f393445c70803b6d41db21,1.74,0.06,0.1044,0.0,-0.1044,-100.0,1.74,0.0,-100.0,0.0,True,False,Will the highest temperature in Madrid be 38°C on July 20?,highest-temperature-in-madrid-on-july-20-2026-38c,https://polymarket-upload.s3.us-east-2.amazonaws.com/madrid-84bf84053b.jpg,716233,highest-temperature-in-madrid-on-july-20-2026,Yes,0,No,18749330851361574149620490903388851100143952469166720105819449243066459737242,2026-07-20,True,True,True
0xb40e89677d59665d5188541ad860450a6e2a7cc9,81340750515392189517963204690779006168163232674951414179360628483912652606304,0x141e50a7586878576f2da28b96bf422c60a649299c647002ea45ba2f5bb18330,1.66,0.19,0.3154,0.3154,0.0,0.0,1.66,0.0,0.0,0.19,False,False,Will the highest temperature in Helsinki be 18°C on July 23?,highest-temperature-in-helsinki-on-july-23-2026-18c,https://polymarket-upload.s3.us-east-2.amazonaws.com/hel-537d0cb3c2.jpg,727819,highest-temperature-in-helsinki-on-july-23-2026,Yes,0,No,74588941387084893271978409793231797124681042668060705065835003722080761178592,2026-07-23,True,True,False
0xb40e89677d59665d5188541ad860450a6e2a7cc9,3808135994531882413993821265268812916608966500600992349725293883582198356013,0x9d7f6900f0d041afec049596ea5f40506956b46264a0b1375749356b408e7a39,1.5,0.07,0.105,0.0,-0.105,-99.9999,1.5,0.0,-100.0,0.0,True,False,Will the highest temperature in Beijing be 31°C on July 13?,highest-temperature-in-beijing-on-july-13-2026-31c,https://polymarket-upload.s3.us-east-2.amazonaws.com/beijing-5f83769b5a.jpg,690251,highest-temperature-in-beijing-on-july-13-2026,Yes,0,No,61678460929866724455750243422556878447699809418571985669701286932463376255958,2026-07-13,True,True,True
0xb40e89677d59665d5188541ad860450a6e2a7cc9,114443454986863051562350997021617133718821872640273680157608257445767758968091,0xa419914d37c8426c3f4acdc05465caa76795a79110914576339eceeb5ba5d6e3,1.4827,0.041,0.0607,0.3521,0.2913,479.1751,1.4827,0.0,479.1883,0.2375,False,True,Will the highest temperature in Sao Paulo be 24°C on July 23?,highest-temperature-in-sao-paulo-on-july-23-2026-24c,https://polymarket-upload.s3.us-east-2.amazonaws.com/sao paulo-7deca91e54.jpg,731098,highest-temperature-in-sao-paulo-on-july-23-2026,Yes,0,No,48414565850836829111688791817685511798280942552502176319828395215318997296080,2026-07-23,True,True,False
0xb40e89677d59665d5188541ad860450a6e2a7cc9,78018582330986128128964142522296806245718787082894966683795719226799626988432,0x1b1c81bb844cb5d32258ead7687f1f3ea0721fcca98b65feedbf4dbcfa0ef5ce,1.461,0.4042,0.5905,0.0,-0.5905,-99.9834,705.6227,67.4291,-100.0,0.0,True,False,Will the highest temperature in Seoul be 28°C on July 7?,highest-temperature-in-seoul-on-july-7-2026-28c,https://polymarket-upload.s3.us-east-2.amazonaws.com/highest-temperature-in-seoul-on-december-6-WzqtMeHg43n4.jpg,668417,highest-temperature-in-seoul-on-july-7-2026,Yes,0,No,41903529491699311659188310457058442451003149781310964231904611065277872444412,2026-07-07,True,True,True
0xb40e89677d59665d5188541ad860450a6e2a7cc9,77476077509736901315993112432132916070688725949092634519834379797889700715405,0xb5057bd56a700264689334ef72b7da63a531e30402160da7b9cf22f2b0133f9c,1.1111,0.1,0.1111,0.0833,-0.0278,-25.02,1.1111,0.0,-25.0299,0.075,False,False,Will the highest temperature in Atlanta be between 86-87°F on July 23?,highest-temperature-in-atlanta-on-july-23-2026-86-87f,https://polymarket-upload.s3.us-east-2.amazonaws.com/highest-temperature-in-atlanta-on-december-5--dClj_prA8Ny.jpg,731111,highest-temperature-in-atlanta-on-july-23-2026,Yes,0,No,24919622273860137966930690737968711599148601198789806786252950341189396342106,2026-07-23,True,True,False
