wallet,name,ALL_pnl,ALL_vol,ALL_rank,MONTH_pnl,MONTH_vol,MONTH_rank,WEEK_pnl,WEEK_vol,WEEK_rank,DAY_pnl,DAY_vol,DAY_rank
0x56687bf447db6ffa42ffe2204a05edaa20f55839,Theo4,22053933.752321757,43013258.51568201,1,,,,,,,,,
0x204f72f35326db932158cba6adff0b9a1da95e14,swisstony,21949796.824001245,1717143570.8428192,2,8580837.38313894,375834081.8660589,1.0,,,,,,
0x1f2dd6d473f3e824cd2f8a89d9c69fb96f6ad0cf,Fredi9999,16619506.631730152,76611316.905154,3,,,,,,,,,
0x2005d16a84ceefa912d4e380cd32e7ff827875ea,RN1,11633078.141219154,941905377.1814998,4,1213546.0178446302,151164505.63835195,25.0,105331.37839599745,16888712.022992995,9.0,90007.0912767672,3868073.0076309987,7.0
0x6a72f61820b26b1fe4d956e17b6dc2a1ea3033ee,kch123,11386690.875513872,293669714.532206,5,,,,,,,,,
0x96cfcb0c30942cfcd1cdf76c7d408794d66b1acb,mintblade,9238344.623224001,17759922.232853003,6,,,,,,,,,
0xed64a7bf029040aa331abc87902434d815ef217d,fishalive,9063378.176199999,13281460.374667995,7,,,,,,,,,
0xbc11a64ab34a03a043fbe80598fa065ee87eeec6,frostrizz,8928561.11799,23091318.15574806,8,,,,,,,,,
0x78b9ac44a6d7d7a076c14e0ad518b301b63c6b76,Len9311238,8709972.988069998,16402744.764626998,9,,,,,,,,,
0x664ce9fb97ae1bbd538d7381b2f4e92dab16f49c,sparklingwater123,8474966.272470918,19001698.927902,10,,,,,,,,,
0x09b428f7c2b469786286214aa5c90dd9015f7320,DEEDDIT,8052184.542897382,72132442.51951,11,8052184.542897382,72132442.51951,2.0,,,,,,
0xd235973291b2b75ff4070e9c0b01728c520b0f29,zxgngl,7807265.589240883,40551790.62184698,12,,,,,,,,,
0x3f87d51f27ba6e19ec52aaeebb68559a839c742c,GRIMDRIP,7602742.057861,13603969.275332002,13,,,,,,,,,
0x863134d00841b2e200492805a01e1e2f5defaa53,RepTrump,7532409.671579,13983231.103425,14,,,,,,,,,
0x5e4c3b5b81171e2ca4ab776ac0d6bba787f9dba2,endlessFate,7409836.65260974,26282164.742855996,15,,,,,,,,,
0x2c335066fe58fe9237c3d3dc7b275c2a034a0563,0x2c335066FE58fe9237c3d3Dc7b275C2a034a0563-1759935795465,7145143.806038629,804211136.293904,16,2110939.77728816,323202574.13790494,10.0,,,,,,
0xf0318c32136c2db7fec88b84869aee6a1106c80c,BreakTheBank,6724345.503670447,195000884.4931679,17,2296957.2451887215,81179646.777877,9.0,,,,,,
0x8119010a6e589062aa03583bb3f39ca632d9f887,PrincessCaro,6083643.099591745,23520809.95286701,18,,,,,,,,,
0xe9ad918c7678cd38b12603a762e638a5d1ee7091,walletmobile,5942685.45339684,32196692.075936034,19,,,,,,,,,
0x94f199fb7789f1aef7fff6b758d6b375100f4c7a,KeyTransporter,5711459.802519929,20086062.154324993,20,,,,,,,,,
0x885783760858e1bd5dd09a3c3f916cfa251ac270,BetTom42,5642135.735356,11212839.523403002,21,,,,,,,,,
0x23786fdad0073692157c6d7dc81f281843a35fcb,mikatrade77,5147998.544602999,10884765.388775,22,,,,,,,,,
0xe90bec87d9ef430f27f9dcfe72c34b76967d5da2,gmanas,4955880.748691744,529046119.34819084,23,,,,,,,,,
0xd0c042c08f755ff940249f62745e82d356345565,alexmulti,4804855.613376001,9949068.653841998,24,,,,,,,,,
0x006cc834cc092684f1b56626e23bedb3835c16ea,0x006cc834Cc092684F1B56626E23BEdB3835c16ea-1729683673397,4718449.894080808,64255999.262300976,25,24902.89775100383,1569647.9287229995,821.0,,,,,,
0xc2e7800b5af46e6093872b177b7a5e7f0563be51,beachboy4,4554037.416186226,227391377.86328098,26,,,,,,,,,
0xdc876e6873772d38716fda7f2452a78d426d7ab6,432614799197,4526176.046413317,185485956.86208296,27,,,,,,,,,
0x507e52ef684ca2dd91f90a9d26d149dd3288beae,GamblingIsAllYouNeed,4496092.922862033,441222762.9564011,28,,,,,,,,,
0xe549581668a5751c1972d3ad2d1991d900bd2d54,Allezpapa,4280722.833949988,54987532.64997202,29,2835915.542910127,12617569.186532,5.0,,,,,,
0x2a2c53bd278c04da9962fcf96490e17f3dfb9bc1,0x2a2C53bD278c04DA9962Fcf96490E17F3DfB9Bc1-1772479215461,4236955.041322032,476801375.39133924,30,34527.133134380514,0.0,613.0,,,,,,
0xdb27bf2ac5d428a9c63dbc914611036855a6c56e,DrPufferfish,4055413.2595758284,248442852.3246421,31,,,,,,,,,
0x16f91db2592924cfed6e03b7e5cb5bb1e32299e3,Jenzigo,4049827.0941029997,9457725.034338009,32,,,,,,,,,
0xf8831548531d56ad6a4331493243c447a827cd1f,Inaccuratestake,3987825.6345396847,27914885.24347598,33,,,,,,,,,
0xefbc5fec8d7b0acdc8911bdd9a98d6964308f9a2,reachingthesky,3742635.156562068,13750266.834776003,34,,,,,,,,,
0x019782cab5d844f02bafb71f512758be78579f3c,majorexploiter,3668541.581104434,9413714.671942003,35,,,,,,,,,
0x16b29c50f2439faf627209b2ac0c7bbddaa8a881,SeriouslySirius,3648171.8070388865,192646024.93522802,36,,,,,,,,,
0xee613b3fc183ee44f9da9c05f53e2da107e3debf,sovereign2013,3588720.2180176238,398963141.77003205,37,,,,,,,,,
0x5966db1fe50763c9e3c014d756369bad07e1f804,0x5966Db1fE50763C9e3C014d756369BAd07E1F804-1777648534241,3582414.8586175856,28365376.579825006,38,538306.1711565846,1434511.501322,47.0,,,,,,
0x476e1322d1a412fa0325527b8c3bc5e707b1396d,asparagus2012,3562639.554169,8005463.485680999,39,3663920.578150275,2420301.802414,3.0,1673.860401539132,0.0,873.0,,,
0x14964aefa2cd7caff7878b3820a690a03c5aa429,gmpm,3530847.5828185184,85091355.36742699,40,,,,,,,,,
0x94a428cfa4f84b264e01f70d93d02bc96cb36356,GCottrell93,3450016.9945905926,18121447.58286295,41,,,,3925.6248286749606,0.0,400.0,2114.841754941003,0.0,534.0
0x076daa87c4fe1a85402a9b6b8e0a866224388d4c,,3313732.5558895105,68112312.24626599,42,1593974.3692892843,29720054.329418004,16.0,55049.04204190351,2707984.7195210005,23.0,25750.38626155608,414950.64985100017,48.0
0xee00ba338c59557141789b127927a55f5cc5cea1,S-Works,3208967.4751915364,207134765.24794006,43,431101.825295579,7915710.303245,64.0,,,,,,
0x9d84ce0306f8551e02efef1680475fc0f1dc1344,ImJustKen,3167751.1307069287,484606608.92517793,44,,,,,,,,,
0x033a07b3de5947eab4306676ad74eb546da30d50,RandomGenius-190,3115550.407118868,8794464.960355,45,,,,,,,,,
0xed2239a9150c3920000d0094d28fa51c7db03dd0,Michie,3095007.670859059,8450962.774299005,46,,,,,,,,,
0x17db3fcd93ba12d38382a0cade24b200185c5f6d,fengdubiying,3035821.2602240294,17472885.058287993,47,,,,,,,,,
0xfea31bc088000ff909be1dfd8d0e3f2c7ef2d227,ndb1,2931753.007799939,107803594.194326,48,2045369.0229807633,15775864.094870996,11.0,,,,,,
0x36a3f17401e395ef4cb1b7f42bcdb8ab8e15fafb,gfjoigfsjoigsjoi,2930573.327551775,22628416.902675007,49,,,,,,,,,
0xd6505aab3c6bef32ae6c96dbd8023d7c4df114fb,BAREFLUX,2815019.1047309996,35424937.797886014,50,,,,,,,,,
0x9495425feeb0c250accb89275c97587011b19a27,LaBradfordSmith22,2791341.9451978244,116293157.41413097,51,,,,,,,,,
0xd38b71f3e8ed1af71983e5c309eac3dfa9b35029,primm,2673262.1587221543,32596078.598206997,52,,,,,,,,,
0x03e8a544e97eeff5753bc1e90d46e5ef22af1697,weflyhigh,2608695.1201940076,137251680.17966598,53,,,,,,,,,
0x343d4466dc323b850e5249394894c7381d91456e,tazcot,2604547.667341,8132604.965826999,54,,,,,,,,,
0xd7f85d0eb0fe0732ca38d9107ad0d4d01b1289e4,tdrhrhhd,2456671.1259785956,15540399.297213998,55,,,,,,,,,
0xbaa2bcb5439e985ce4ccf815b4700027d1b92c73,denizz,2401633.424760037,96886901.23418102,56,,,,12117.297011960283,347075.685987,109.0,,,
0x63ce342161250d705dc0b16df89036c8e5f9ba9a,0x8dxd,2382956.868662362,199481780.47605905,57,,,,,,,,,
0x5bffcf561bcae83af680ad600cb99f1184d6ffbe,0943,2358020.9438254535,344587010.94437873,58,,,,,,,,,
0xb786b8b6335e77dfad19928313e97753039cb18d,,2334029.727268942,98142915.42925401,59,,,,,,,,,
0x44c1dfe43260c94ed4f1d00de2e1f80fb113ebc1,aenews2,2313813.5421129153,243061991.476122,60,,,,,,,1720.69497850446,4045.64,635.0
0xac44cb78be973ec7d91b69678c4bdfa7009afbd7,blackwall,2310857.9291402893,14869434.037083017,61,,,,,,,,,
0x7c1ee865a785de4c00ee90ed86a38489fb8bbab3,CandleHammerDrums,2303071.364477182,41638224.889001,62,1886129.2414188795,21755079.041996002,13.0,,,,,,
0x7fb7ad0d194d7123e711e7db6c9d418fac14e33d,0x7fB7Ad0d194D7123e711e7db6C9D418fAc14E33d-1750343282446,2282133.8592162626,120653816.22352701,63,,,,,,,,,
0x0c0e270cf879583d6a0142fc817e05b768d0434e,The Spirit of Ukraine>UMA,2204731.3630097937,123876626.66331896,64,129528.53822072501,5574486.836453999,187.0,,,,,,
0xa9878e59934ab507f9039bcb917c1bae0451141d,ilovecircle,2203325.1787012215,53213991.24867701,65,,,,,,,,,
0x0b9cae2b0dfe7a71c413e0604eaac1c352f87e44,geniusMC,2169263.3686813614,98392367.51069626,66,,,,,,,,,
0x095fbca2e0eaf0c9841005135427e1e0117190b2,muchobliged,2156299.3590370473,31098832.84041901,67,2029201.1884442111,30801576.54709501,12.0,,,,,,
0x65018f9fc473f6e920b8929a375d39c26a461220,cnyek,2155061.945225021,12155094.093245,68,1404350.9311804548,6072298.629523001,19.0,,,,,,
0xb61b2079b95f6b7476fd3203e0274ffb93308a06,hot2trot,2145025.7986243977,13650894.241732001,69,1514615.0469502306,7639471.505696001,18.0,,,,,,
0xd1c537b2a7cba8d365e111bffb9de7b205e2cbd0,weatherman12,2098409.0744423736,45849716.23284202,70,1822552.7223731182,7586860.942172002,14.0,,,,,,
0xd25c72ac0928385610611c8148803dc717334d20,FeatherLeather,2097480.476399747,5237151.235279998,71,,,,,,,,,
0x2bf64b86b64c315d879571b07a3b76629e467cd0,BabaTrump,2093362.982851,3655046.6027250034,72,,,,,,,,,
0x9cb990f1862568a63d8601efeebe0304225c32f2,jtwyslljy,2028779.7002240694,84110156.552855,73,75527.01023778741,8586526.069149002,306.0,,,,,,
0x57cd939930fd119067ca9dc42b22b3e15708a0fb,Supah9ga,2010189.6196159166,22449572.436917007,74,,,,,,,,,
0xed107a85a4585a381e48c7f7ca4144909e7dd2e5,elmcap2,2009801.5753346458,276418954.28867906,75,,,,,,,,,
0xfe787d2da716d60e8acff57fb87eb13cd4d10319,ferrariChampions2026,1992026.2710256358,618958254.065273,76,882648.7414633597,194910308.64709798,32.0,,,,,,
0x02227b8f5a9636e895607edd3185ed6ee5598ff7,HorizonSplendidView,1991767.5134605914,22184124.26408099,77,,,,,,,,,
0x65b54274eba5c76dee6f0fab18a590653811e82f,lovelystuff,1985625.0930982654,27116007.477603994,78,,,,,,,,,
0xcc500cbcc8b7cf5bd21975ebbea34f21b5644c82,justdance,1953573.3429753098,114880531.14801897,79,68553.71513593436,2366331.084288,331.0,,,,,,
0x83720820a8aa6c3f20ad71850e7a1a17d16c5223,Jsram,1952580.2484736547,57689168.722156,80,2733613.536318172,26614043.136685,6.0,3399.2283207632845,3156997.8893319992,455.0,,,
0x37c1874a60d348903594a96703e0507c518fc53a,CemeterySun,1927132.6771167675,148559637.69048998,81,,,,,,,,,
0xf705fa045201391d9632b7f3cde06a5e24453ca7,,1920488.6497856209,81782072.26817699,82,,,,6377.397806283785,140040.479447,235.0,6686.02149535995,27174.995585000004,178.0
0x241f846866c2de4fb67cdb0ca6b963d85e56ef50,Pestle,1906984.3365310212,187161508.496837,83,,,,,,,,,
0x0562c423912e325f83fa79df55085979e1f5594f,trezorisbest,1900869.104907077,5182301.187246,84,,,,,,,,,
0x5b4ec9c06b284ee52c41a761974d836992880232,ramadamaramadam,1872516.5320465718,26598216.751611993,85,2619489.8367129234,16110037.066313999,7.0,,,,,,
0x7058c8a7cec79010b1927d05837dcf25f1a53505,deetown,1849974.955234,7016597.407318999,86,,,,,,,,,
0x97cb27132b9dd66a2ef49390893cbeb26c3fe4d0,skyblue77,1839104.9443596746,4938242.256861,87,,,,,,,,,
0x6db568e61e5e3de7d87f831431b673f38ce2e279,,1820981.8047743642,24979975.474985003,88,,,,,,,,,
0x84dbb7103982e3617704a2ed7d5b39691952aeeb,Soarin22,1784871.584311396,78957845.97618,89,,,,,,,,,
0xea2b4224411e723499a803ce3f4758779fb31fc6,frankfrankfrank,1777469.232795686,41746271.39609301,90,,,,,,,,,
0xd31a2ea0b5f9a10c2eb78dcc36df016497d5386e,DarthVooncer,1766594.0755744,4549552.753401999,91,,,,,,,,,
0xf5fabdcdc6eb6d9765a228824f16cca9c91f62df,palegrit,1749103.885009,15351970.640072,92,1692746.9304200695,15142242.974791,15.0,,,,,,
0x9ee8bbc36d378af72e5f6b8e2ea2eb67c05a89de,Qpkwks,1742345.3924961956,25794745.288652997,93,716044.2685904548,11296020.675926998,36.0,,,,,,
0xd0d6053c3c37e727402d84c14069780d360993aa,k9Q2mX4L8A7ZP3R,1720272.3543438101,208393328.89570907,94,,,,,,,,,
0x3d1ecf16942939b3603c2539a406514a40b504d0,edenmoon,1692881.7450910746,7083822.423884001,95,,,,,,,,,
0x212954857f5efc138748c33d032a93bf95974222,3bpatgs,1685688.2159109998,75695853.677643,96,,,,,,,,,
0x000d257d2dc7616feaef4ae0f14600fdf50a758e,scottilicious,1648243.2434216575,68749042.36808899,97,,,,8539.841989252192,0.0,165.0,,,
0xb91aeb5accc33a5f9a8615b8ed6b2d352e913987,afghj2421,1633834.106874,15515364.739929002,98,,,,,,,,,
0xde7be6d489bce070a959e0cb813128ae659b5f4b,wan123,1598657.8473949633,47416421.05172101,99,57650.80121278242,3587073.108569,388.0,82364.67995661865,1793144.5021469998,15.0,80698.82392428562,412503.30936099996,9.0
0xa6a856a8c8a7f14fd9be6ae11c367c7cbb755009,BetMechanic,1579497.170397552,90777951.755306,100,,,,,,,,,
0x876426b52898c295848f56760dd24b55eda2604a,0x876426B52898C295848f56760dd24B55Eda2604a-1770663426746,1554380.7971780004,12196466.263985997,101,,,,,,,,,
0x6e82b93eb57b01a63027bd0c6d2f3f04934a752c,DLEK,1530978.6541750785,35920814.95005401,102,498070.2921622905,1057236.7934959999,54.0,50857.13815423677,204227.13533000002,24.0,47638.32144538537,0.0,18.0
0x8b5a7da2fdf239b51b9c68a2a1a35bb156d200f2,Joe-Biden,1519158.5308357072,33770939.432146,103,,,,,,,,,
0x4761ecf3578e388a9b16c43f874efe32ee855ae8,Grenderen,1516798.9923079798,11896802.519625003,104,,,,,,,,,
0xc1da9728491b4d25480a771bbf932dbeddc5fefa,vanjie,1512672.5261231908,7801870.163550999,105,,,,,,,,,
0x461f3e886dca22e561eee224d283e08b8fb47a07,HyperLiquid0xb,1496846.9446368003,48318876.832940005,106,,,,,,,,,
0x32ed517a571c01b6e9adecf61ba81ca48ff2f960,sportmaster777,1493598.7286864715,35082070.78228202,107,,,,,,,,,
0x7c3db723f1d4d8cb9c550095203b686cb11e5c6b,Car,1487431.7965357502,174247807.496482,108,31540.833997210917,2987968.200006,664.0,3963.922073822654,1118752.130106,397.0,,,
0x24c8cf69a0e0a17eee21f69d29752bfa32e823e1,debased,1483649.3908976333,505860229.23403615,109,,,,,,,1629.6416766533816,216956.12937999997,679.0
0x7ea571c40408f340c1c8fc8eaacebab53c1bde7b,Cannae,1481478.558453889,120936478.46500604,110,104866.68999530654,4595271.448706999,219.0,,,,,,
0x65e4246d770fd503ea97caa47e84db7fb5aba3bd,0x75dd80d38fa3c36c4b55836eb8cdfbde35f8b19,1475784.2464370003,28493251.792303998,111,,,,,,,,,
0xd0b4c4c020abdc88ad9a884f999f3d8cff8ffed6,MrSparklySimpsons,1473387.0456118768,73147941.91034499,112,,,,,,,,,
0xd1acd3925d895de9aec98ff95f3a30c5279d08d5,Kickstand7,1469721.5169140804,68876987.895919,113,,,,,,,,,
0x6bab41a0dc40d6dd4c1a915b8c01969479fd1292,Dropper,1468768.6076610335,50603627.38313,114,22716.520493203006,670149.551762,894.0,,,,1219.6055862949543,0.0,859.0
0x55be7aa03ecfbe37aa5460db791205f7ac9ddca3,coinman2,1463139.0572834988,81353381.42376201,115,317549.21911727847,1122472.062162,85.0,2215.069405854156,30519.694336999997,682.0,,,
0xb687f00464e33934f5d591f224e71c3559ecaee5,alwayslatetotheparty,1462114.9790000918,264854542.56437203,116,179385.58880454805,39967987.268358,133.0,,,,15530.622586926811,479252.4447299999,80.0
0xf2f6af4f27ec2dcf4072095ab804016e14cd5817,gopfan2,1451454.4831663258,68938191.378475,117,,,,5352.681560640864,150033.28782400003,289.0,1014.5213538388489,0.0,1000.0
0xba664f999a18dce0aac6af698af434924a24f59d,bizyugo,1448329.4816365798,8887869.985236,118,,,,,,,,,
0x31519628fb5e5aa559d4ba27aa1248810b9f0977,qwertyasdfghjkl,1438541.209350678,158482456.82441,119,,,,,,,,,
0x3a6a2e7a7707c720219228eb8efa7398bc0e458e,thesingularityisnear,1432113.798023291,27226224.052374,120,1261084.8405477824,16737173.400124999,23.0,,,,,,
0xc6a63ad5a788a576d4acc9911c50fef9fde49458,filthybetz,1424697.1194755284,13047480.675221002,121,960755.670042549,6175663.413358,29.0,,,,,,
0xe5c8026239919339b988fdb150a7ef4ea196d3e7,bama124,1406338.2958516374,14655550.478757,122,,,,,,,,,
0x26437896ed9dfeb2f69765edcafe8fdceaab39ae,Latina,1405965.7113452288,120856419.21770199,123,,,,,,,,,
0x39d3c773be30fcc73161fc6768f46d563a779ef0,matanovik,1397815.8740743722,40622985.513463,124,34455.746696346425,4373196.661218001,615.0,1492.6794731640712,98331.80652800002,966.0,,,
0xc41d736bded9ed1accd6a44235039266219774fd,0xC41D736bDed9ED1acCD6A44235039266219774fD-1777101352681,1372440.967763003,31200482.545736,125,1215257.290345842,8090893.919394,24.0,,,,,,
0x5268527977f700f9bf9b6d5cd843859e4e70135d,HomeRunHazard,1361659.6363794936,168179221.7843871,126,434116.37547864474,45092213.667216994,61.0,,,,,,
0xe3f1fb88b9eabc743e2a2d947e2efdba5e99bd92,yamal19,1347506.4261598708,6607915.188502001,127,1347506.4261598708,6607915.188502001,20.0,,,,,,
0xfbf3d501e88815464642d0e913f15379c3eeb218,VPenguin,1339965.8396993321,90143000.71091403,128,308143.5486651491,2204702.1826029997,90.0,,,,,,
0x8cb4ca5af7d9361322340bb307a828d288c91057,,1326198.007437613,14934212.733927991,129,,,,,,,,,
0x2728d99b2405a52db60160837e130b3ba3c1a83c,WindWalk3,1308415.2777972075,7213167.947935998,130,,,,,,,,,
0x56813812fc837eedb614d8c231787f83a865e113,setsukoworldchampion2027,1291734.7981659574,10820687.417124,131,,,,,,,,,
0x81da605d7dac06478367ed1bae0593b7791ca109,gardenshed,1282152.188942281,3768550.52883,132,,,,,,,,,
0x5c3a1a602848565bb16165fcd460b00c3d43020b,VARryKane,1274735.5966040099,68415882.87025699,133,,,,,,,,,
0x3f6e93d1e2c2846a357276e29e7e9147e29c18d9,wco26,1271258.2610703716,13099704.669269001,134,1283868.4612435757,7895182.503302,22.0,,,,,,
0xbb5fbe810633ab08d106b82db84418a0e2ca2e21,highnetworth,1265389.5931043718,5080775.339111,135,1302805.829484812,3322197.1093089995,21.0,,,,,,
0x51393c00184b39182f09a8a62b8549642e69a8db,4-seas,1263905.0854066436,46644929.50903899,136,,,,,,,,,
0xe8dd7741ccb12350957ec71e9ee332e0d1e6ec86,influenz.eth,1251476.772640448,262906722.8880241,137,,,,,,,,,
0xa4b1eac99a65ed70e3d560126febe1086e6c5143,,1239083.4515426836,18128972.995004993,138,,,,,,,,,
0x50f0a0fc7364d3c10fc4578b9b1d955368335355,bettguy,1231203.1282470005,8436482.191495001,139,777385.083025287,4816112.153774,33.0,,,,,,
0x1cc16713196d456f86fa9c7387dd326a7f73b8df,Wickier,1221333.741972395,22127171.430961,140,58191.8215259652,904061.062746,382.0,,,,,,
0xc8ec6d4cef5c5fe8409ef69303c37f05b678e8f1,Hugewinner,1205277.6631781687,20209380.549038004,141,514195.9908375186,7378642.314394,50.0,,,,,,
0x59a0744db1f39ff3afccd175f80e6e8dfc239a09,Blessed-Sunshine,1202926.5392165454,6487333.568496998,142,,,,,,,,,
0xbacd00c9080a82ded56f504ee8810af732b0ab35,ScottyNooo,1196834.3181904384,141266407.27538204,143,,,,,,,,,
0xeebde7a0e019a63e6b476eb425505b7b3e6eba30,Bonereaper,1192952.703857554,203866181.36881903,144,45290.944054024556,23553959.965966996,482.0,,,,,,
0x7ee1b64be7016b0b0234ab6cabcaa689fd18dae8,0x9982F8D01f0b1A746d4e9b50Bd-c8c5C5Ff268a5,1189928.5860140007,23095757.228261,145,,,,,,,,,
0xbddf61af533ff524d27154e589d2d7a81510c684,Countryside,1186105.1467346495,507785583.7937529,146,,,,,,,14206.321321920725,0.0,83.0
0x051b16ffac0f10a8df96b93cc03facce011ea5e5,SVN88,1170596.191668,3170053.624256,147,,,,,,,,,
0x1ff26f9f8a048d4f6fb2e4283f32f6ca64d2dbbd,cozyfnf,1166163.3251409791,30677633.630788,148,,,,,,,,,
0xd9e0aaca471f489be338fd0f91a26e8669a805f2,0xD9E0AACa471f48F91A26E8669A805f2,1162418.9274529913,121184890.18632601,149,163710.50775246622,25139359.933574,147.0,4616.820562726563,1497321.5735710002,348.0,3755.541664520723,318385.63388800004,320.0
0x67542c3219b37fd1610aad290676ff91cdbfe3bc,maz26,1150310.9952028287,84113785.676028,150,2568675.661958316,43058532.807117,8.0,,,,,,
0x93abbc022ce98d6f45d4444b594791cc4b7a9723,gatorr,1145071.9845591525,52367383.00635599,151,,,,,,,,,
0x9468bb7e53c8a5f13cc283f2aed950ebf9865d4b,myzbsq,1145009.2770146786,10633824.03902,152,1145009.2770146786,10633824.03902,26.0,,,,,,
0x1d8a377c5020f612ce63a0a151970df64baae842,0x1D8A377C5020f612cE63a0a151970DF64BAAE842-1761442049319,1140725.688783931,6638979.480736999,153,,,,,,,,,
0x1979ae6b7e6534de9c4539d0c205e582ca637c9d,0x1979ae6B7E6534dE9c4539D0c205E582cA637C9D-1769439463256,1135743.9479831022,121542459.80323903,154,,,,,,,,,
0xf195721ad850377c96cd634457c70cd9e8308057,lo34567Taipe,1125411.589388589,12663481.561897,155,,,,,,,,,
0x3cf3e8d5427aed066a7a5926980600f6c3cf87b3,50Whence,1118847.51290944,172891005.83044502,156,,,,,,,,,
0xd1ed12197b7dc22dede923727e9b714024dbd7cb,curie,1106818.0193783774,70389156.308107,157,176793.84642774277,13230893.839152,137.0,21673.010511303408,921049.5368349999,67.0,8692.770222246165,221395.92008299995,136.0
0x8042d175fa3c31fc48b22accbad216564d8f3680,Neonbruv,1095513.588194,6410117.356090999,158,1095513.588194,6410117.356090999,28.0,,,,,,
0x5a218c7ad04135830a45c41aaed7294df7809318,balthazar,1092891.368268067,61043716.39268099,159,325208.68601316796,13839753.755047997,80.0,,,,41619.13082760558,323894.5088159999,24.0
0x8a4c788f043023b8b28a762216d037e9f148532b,theo5,1088529.5141566508,102206749.066658,160,,,,4524.751231558407,183109.07819899998,357.0,3477.455743651114,0.0,349.0
0xa71093cafc0c099b4ccab24c3cb8018d817923c4,Talvez10,1087361.141198631,63349360.84619898,161,249397.09464410692,3385557.6186969997,106.0,,,,,,
0x714a685b5454ea4d52979563bbafa77b8168ab2f,pada,1085437.4039983666,10230868.019908998,162,1138291.5884015884,929055.7834320001,27.0,6735.537443405738,0.0,215.0,33312.54430743617,0.0,31.0
0xd2c5d404493dc772fde0990a61e64ef1120079a0,row888,1081892.3037644238,6660654.1277830005,163,,,,,,,,,
0x9b3dcd99eec7fe11602e6534e6302c0f318d7422,ErnstBlofeld,1069068.6387145915,14225930.320294999,164,,,,,,,,,
0xdbdd45150249e229eb4ca8aa48a30dca21faa5de,0xdbdd45150249e229eB4cA8aa48A30Dca21Faa5de-1757094771846,1066504.6326134973,42922024.14571902,165,167792.50770936368,5700135.7939140005,142.0,31458.891724474495,598471.9649339999,45.0,21733.34158036599,331428.9974449999,58.0
0xbca08c1bc204a34f2fddbe47b438b9bd42ac9705,1winstreak1,1057372.859702221,17616917.219272003,166,55485.58196084376,3607805.7215450006,402.0,19604.996441525524,600589.3196970001,71.0,25277.14480564068,303085.18497,49.0
0x2b3ff45c91540e46fae1e0c72f61f4b049453446,Mentallyillgambld,1044505.3297493325,16957545.283077,167,,,,,,,,,
0xd84c2b6d65dc596f49c7b6aadd6d74ca91e407b9,BoneReader,1042625.4144838122,176639855.422033,168,,,,,,,,,
0x145c5dad6033a1de0930dc1ec9ae107fc61f43bc,0x145c5DaD6033A1de0930DC1EC9aE107Fc61f43bC-1760209520925,1029652.7191971937,6498119.804239998,169,,,,,,,,,
0xb90494d9a5d8f71f1930b2aa4b599f95c344c255,Airpods123,1023324.6499149525,39975193.45886299,170,,,,,,,,,
0x916f7165c2c836aba22edb6453cdbb5f3ea253ba,WoofMaster,1020631.2296963214,7280730.345986001,171,,,,,,,,,
0x8861f0bb5e0c19474ba73beeadc13ed8915beed6,yjcr,1016042.5150225048,8226581.315257999,172,,,,,,,,,
0xc8b438e4a1c10643ea0ea3e59bcaadc73174f05d,gamblingdebt,1005061.4813328799,45729881.87692398,173,,,,,,,,,
0xb74711992caf6d04fa55eecc46b8efc95311b050,Kapii,992969.7304686919,31563746.982909013,174,,,,,,,,,
0xae363845352952cdea784f581e9ee99a219c8fb5,0xae363845352952CDEa784F581E9EE99a219c8Fb,984177.7303797264,49582466.88311899,175,,,,,,,,,
0xd42f6a1634a3707e27cbae14ca966068e5d1047d,Apsalar,983230.2782462931,204615455.11446702,176,,,,,,,,,
0x3de4543d599ffb09386aac2eab198a295511b032,248188374,981995.2356043687,5924367.300599999,177,,,,,,,,,
0x629bc4a1e53e1d475beb7ea3d388791e96dd995a,lava-lava,981333.6130245292,39055600.48388601,178,,,,,,,,,
0xde9f7f4e77a1595623ceb58e469f776257ccd43c,tradecraft,978305.9874604044,60172416.302842,179,47906.13038271107,5128065.385985999,466.0,33335.34520609339,665978.339932,41.0,18675.078465389786,328598.11504599993,69.0
0x53d2d3c78597a78402d4db455a680da7ef560c3f,abeautifulmind,975008.2658186086,69954078.28658101,180,,,,,,,,,
0xb889590a2fab0c810584a660518c4c020325a430,Ems123,960836.6933244207,13018019.741109004,181,,,,,,,,,
0x751a2b86cab503496efd325c8344e10159349ea1,Sharky6999,960705.637568744,234594037.588491,182,27753.72724177784,8755851.855132999,736.0,3469.0096121804127,2159652.3690179996,448.0,,,
0xe16d3f2a5807999b358affd9445c3a09e45e5e30,0xE16D3F2A5807999b358aFfD9445C3a09E45E5e30-1776429210592,954209.0743980824,45117072.53051499,183,532318.2045273519,8945132.981953999,49.0,,,,,,
0x01c78f8873c0c86d6b6b92ff627e3802237ee995,Lilybaeum,950663.0585513312,74635058.63717698,184,,,,18457.868442808976,264453.07620500005,74.0,10966.480303846649,86857.83754400001,112.0
0x889e7f0464c72eb8cda1525ebc12b6aaba9d09e0,BowlOfPunch,939960.5405097136,51478090.927137986,185,,,,,,,,,
0xebf79787ab928c803cbef6fa8e0abe42b9e1da78,0xa95bfdb,938164.3160400001,51700088.371410005,186,,,,,,,,,
0x15e06a47d9c665bda1703ff965ea76f8e56e8d86,Plutonium94,937620.5613460249,18899000.864436,187,,,,,,,,,
0x23796015f5159c76921dc869b7f95a7c57e2bf16,everton4life,933155.3800585548,3915765.605646999,188,,,,,,,,,
0x036c159d5a348058a81066a76b89f35926d4178d,HedgeMaster88,931922.7543246497,9159189.701164,189,,,,,,,,,
0x509587cbb541251c74f261df3421f1fcc9fdc97c,BuckMySalls,930997.6822778173,36672685.611127004,190,,,,,,,,,
0x1057e7d3ddafc60a4aeb10a2bc5b543792449ea5,Macks22,930767.7447258112,4685653.685373,191,116052.10234433615,327731.200998,202.0,,,,,,
0x5350afcd8bd8ceffdf4da32420d6d31be0822fda,simonbanza,930657.1984626541,41002329.0288,192,,,,,,,,,
0xee50a31c3f5a7c77824b12a941a54388a2827ed6,0xafEe,929251.4418669575,7914116.014198999,193,,,,,,,,,
0xea64572947a01f9938fd5474dc3b7d219352f2a2,0xEA64572947A01f9938FD5474DC3B7D219352f2a2-1754410074740,928034.2519112292,57051187.64928198,194,,,,,,,,,
0x40324412290b9d311f03b707467c61d88cf141a2,AnonHorses,925237.28698102,16634115.456869002,195,,,,,,,,,
0x13414a77a4be48988851c73dfd824d0168e70853,ROBBATTISTAFANDUELRETARD,923786.116660201,80738004.26276001,196,45250.65657757405,6983527.701918,483.0,,,,,,
0x8c0b024c17831a0dde038547b7e791ae6a0d7aa5,TIMETOMAKEIT,923379.8531518028,62113246.96293698,197,,,,6679.815374032681,841779.922371,218.0,,,
0x4a38e6e0330c2463fb5ac2188a620634039abfe8,stonksgoup,921623.8918895336,32690365.25228501,198,,,,,,,,,
0x8f037a2e4fd49d11267f4ab874ab7ba745ac64d6,Anointed-Connect,921403.3246984803,70947636.887424,199,,,,,,,,,
0x6e1d5040d0ac73709b0621f620d2a60b80d2d0fa,0x6E1d5040d0ac73709B0621F620d2a60b80d2D0F,918596.4896258691,63303180.234850004,200,,,,,,,,,
0x75973c667cec880353450be3a6f17c5da67b4421,0x75973C667CeC880353450BE3A6F17C5da67B4421-1784278069335,917892.9911941001,1595213.0983290002,201,917892.9911941001,1595213.0983290002,30.0,,,,,,
0xcfb69f94b3764e75228515ad9d169570d5f906da,athelstan,913349.973083709,21061975.742207997,202,,,,,,,,,
0x54ac09857c3e76d50a2e7da064b0293d9a9e7c14,jackiechann,913170.1816477308,3684327.158704999,203,,,,,,,,,
0x63d43bbb87f85af03b8f2f9e2fad7b54334fa2f1,wokerjoesleeper,902330.8509669717,214072388.867232,204,,,,,,,,,
0xcf6c5492124794394dd9eac46498a8babbe47e66,one8tyfive,899519.6860763005,85361537.90833198,205,500324.9922427567,6880906.103458999,53.0,,,,,,
0x02d5f92b780ec7c98d7ad0624ff017f7ae4688c7,hominylute,894953.628931,8303489.07769,206,,,,,,,,,
0xcf0d7f69cf162918b33fc1ea7449583fa537132d,rabs,883361.1907737684,21640902.347116005,207,,,,,,,,,
0xce5bec63b40392845a9a504915f607c8e03a047a,Nexuus,879904.1088482693,87752223.04905502,208,,,,,,,,,
0xf5201f998333d228dafba270d01d8ff82b2c0637,rbnoftg,879268.5093491874,26910227.416997,209,,,,,,,,,
0x275575bb11522eb29f82fe0a601d7c4dc94b5016,zerosmart,872584.2283806843,3555226.1254229997,210,,,,,,,,,
0x6031b6eed1c97e853c6e0f03ad3ce3529351f96d,gabagool22,868862.5240743079,144712219.36909002,211,,,,,,,,,
0x0d18e30e252008d83f51dae00d36873ddd9e24a6,MonsieurDimanche,863223.5030619383,14123473.707707003,212,432724.5476067404,3575067.7571920007,63.0,29726.563199500837,430194.020752,50.0,29726.64507450049,0.0,39.0
0x161eb16874e34f545991e774b4e1ac5b65f86ef0,Countrysid,859949.0790132872,96810457.62140599,213,41334.547764136805,3897311.0415789997,528.0,,,,,,
0x7177a7f5c216809c577c50c77b12aae81f81ddef,kcnyekchno,858825.5600686482,17599176.388358,214,,,,,,,,,
0x73c5701afdefba2814193168448b2992306b2f80,n.magas,857037.1926386729,89373887.123762,215,217189.5169774302,23953708.254949003,115.0,,,,,,
0xa8e0f6cd46306617f7b9d0897fef215fb02f1dd2,Barcafanboy,856732.6366332506,18762759.68919,216,,,,,,,,,
0xdf17f4a8dd01a4cfa6fc3da323a2baee5f8697d1,bahibahibahi,856543.4957196203,101363568.503843,217,,,,18265.507276715274,666978.0585860001,76.0,39943.33723555413,172222.01739599998,26.0
0x8453f6aa62cba5e5302f501849ffaf83dff2ecc3,nfl25,855401.1909430001,1644999.1268170006,218,,,,,,,,,
0x589222a5124a96765443b97a3498d89ffd824ad2,PurpleThunderBicycleMountain,853686.1489510013,123541696.41009495,219,,,,,,,,,
0x1f9b00b2d61b0915e6019d2f2a7bde8888193d2c,shtringo,845626.9382464385,6789248.343889,220,,,,,,,,,
0x37d10ffb61998561c5f9fb941c42c952d8fb4e28,flydartball,841241.7799133268,4415821.119348,221,,,,,,,,,
0xe9c6312464b52aa3eff13d822b003282075995c9,kingofcoinflips,839348.3046520671,45881629.52657102,222,,,,3159.279456733959,201022.878194,479.0,2790.7162034702487,65805.097541,421.0
0x8795bcb2fe129d1ea3e3d73bc13a3d8078047544,ciro2,839218.2152124544,38791675.23432999,223,,,,,,,,,
0x80cd8310aa624521e9e1b2b53b568cafb0ef0273,HaileyWelch,836546.8165572396,61318814.370485,224,,,,,,,,,
0x71a70f24538d885d1b45f9cea158a2cdf2e56fcf,easyclap,835728.8951463102,30267039.989610005,225,,,,,,,3590.456481695175,74277.92012299999,340.0
0x03805a13a0b3e058f55f6c6af95389d4f431073d,donthackme,833124.4978294009,23377595.154324003,226,267371.063274547,3929142.9133470003,100.0,,,,29024.15275965769,219915.16215399996,41.0
0x12d6cccfc7470a3f4bafc53599a4779cbf2cf2a8,classified,832089.5576652839,85160132.725238,227,,,,,,,,,
0x6139c42e48cf190e67a0a85d492413b499336b7a,RememberAmalek,830622.9999888322,34935654.912285,228,84045.19189132555,2364701.77232,276.0,,,,2906.3420914586986,20433.650782999997,401.0
0xccb290b1c145d1c95695d3756346bba9f1398586,hioa,828232.3321833024,11428312.240794,229,,,,,,,,,
0x4dfd481c16d9995b809780fd8a9808e8689f6e4a,Magamyman,823508.7741403568,4642341.209575999,230,,,,,,,,,
0x19254b55e7c48e88baab9e62cc218223a6544654,TsingTs32,822988.6813056273,21866865.780398007,231,,,,,,,,,
0x92672c80d36dcd08172aa1e51dface0f20b70f9a,ckw,822116.719774022,75477944.19578798,232,,,,,,,,,
0xd776f0a066fd3014ecfac89cfd414440982bffeb,bomber,818370.7622281122,10046560.906652,233,251822.08441859088,1401103.703512,104.0,,,,,,
0xe785449529440cd6057179142a123ef0647be106,ReaLJamesWynn,816582.1842039998,13828106.794087,234,,,,,,,,,
0x52ecea7b3159f09db589e4f4ee64872fd0bba6f3,fkgggg2mouzfuria,813767.0316334543,60023866.87513099,235,111869.34659836532,7506569.566923001,210.0,,,,,,
0xe00740bce98a594e26861838885ab310ec3b548c,distinct-baguette,812269.9714898384,72305803.806411,236,,,,,,,,,
0x924379a79c64b77ad5816ad362122a5f6228658e,Kch-Temp,811774.1951189388,25491253.843466997,237,362209.68815123674,6775862.884704,71.0,,,,,,
0xe734e7bf7cfb9e464681f71822f6c2f6be514f0c,boyau,811657.8255583991,35342695.922448,238,,,,19420.37127166427,610469.4372119999,72.0,22415.39137239774,190132.510702,56.0
0x1bc0d88ca86b9049cf05d642e634836d5ddf4429,212121212121212121212,810181.8722579624,47340096.446733,239,,,,,,,,,
0x9d94f602535e518ee1cb6aade0ca9569f1b1017d,eanvanezygv,808450.4595255266,130781949.22891097,240,,,,,,,,,
0xf28e42d20e4826f2b10a24bc952001697947cab2,ethanaz,804938.749419656,27667538.895933006,241,333802.06360086205,4888519.082273,79.0,,,,,,
0x1d0034134e339a309700ff2d34e99fa2d48b0313,0x1d0034134e,799840.5525144278,83963185.525119,242,,,,,,,,,
0xe1d6b51521bd4365769199f392f9818661bd907c,0xe1D6b51521Bd4365769199f392F9818661BD907,797185.8685561349,76675416.29880999,243,,,,,,,,,
0x43351dd7e8def5f29e5bd5954c8381c848a2fc2f,potko,792886.5526581662,17052113.345923997,244,,,,,,,,,
0xe899b5ea69afb161da7a35597b6fe70398860899,SlavaUkraini,787395.559745607,33732523.219939,245,,,,,,,,,
0xe6a3778e5c3f93958534684ed7308b4625622f0d,0x2E9821aF10fnztro1,782603.5639916743,19813912.480800003,246,,,,,,,,,
0x5ae14dc9e0cf9df72de8d873dcea05aacb799fad,ohuhusos,776555.8200987761,20118679.511785995,247,,,,,,,,,
0x7583d5f8a1031ff4afcdc6db4e2143bfd41b4df2,0x7583d5f8A1031fF4AfCDc6db4e2143bFd41b4dF2-1783673385090,775755.2003561271,6418532.0525940005,248,775755.2003561271,6418532.0525940005,34.0,,,,,,
0x026985b67ade7ba199698b9d7d0451a22214cb2d,Milio,769138.9648555036,32002018.540515997,249,,,,,,,,,
0xb27bc932bf8110d8f78e55da7d5f0497a18b5b82,,768879.5545988276,210920850.2064421,250,,,,,,,,,
0x9708fd9556116218fd29c778e9d81d255b61925b,uppp-582,766118.0729000003,33151755.376543004,251,,,,,,,,,
0x2c57db9e442ef5ffb2651f03afd551171738c94d,ZerOptimist,764885.7551621497,11586263.399637999,252,,,,,,,,,
0xd189664c5308903476f9f079820431e4fd7d06f4,rwo,761429.3833003328,143432550.60435,253,37865.341555416126,4302438.716331,569.0,,,,,,
0xb55216ed55337cf9443139e4e5cace56426694a8,KirksCousin,753626.5479218392,24134217.636753995,254,,,,,,,,,
0x43372356634781eea88d61bbdd7824cdce958882,Anjun,749417.2368454242,173829568.015045,255,,,,,,,5063.042602821797,21155.590781,246.0
0x3dfb153c197d4c19d3b31c1ecd2c7b6860eeabaf,0x3DFb153c197D4C19D3B31c1ecD2c7B6860eeabAf-1722957908185,748349.0640033088,120254853.32557599,256,613843.296379042,49732845.04361701,40.0,,,,15915.912206341629,1522070.544376,78.0
0x689ae12e11aa489adb3605afd8f39040ff52779e,Annica,738863.578760305,100260525.58925198,257,,,,,,,,,
0x73f8dd50a114884493dbf4a5ea1503f96f348234,DrillBabyDrill-730,735321.0854047458,4272470.748499,258,,,,,,,,,
0x7b02b2bac2a30ed5e40b7094e734f4c3dc2a4991,foodenjoyer,733620.1698348257,40185238.35601999,259,292453.1726726404,8117197.34149,95.0,211482.60333226316,134567.5,5.0,206971.2358612812,134567.5,3.0
0x85f031d069de300055900c4055c1baeb6bde3f67,RJW1,730540.762489442,26009564.199398004,260,,,,,,,,,
0xe934f2d7d6358c6c86bfdd5848f1e90412e9640b,Feveey,728906.6105071801,11313580.439941,261,,,,,,,,,
0xde17f7144fbd0eddb2679132c10ff5e74b120988,0xdE17f7144fbD0eddb2679132C10ff5e74B120988-1772205225932,727450.8433763854,45777763.137504995,262,,,,,,,,,
0x9b89ef1f344d3e17b37ccdff3bccf62d04f04244,Woaifacai,726625.8210861074,18229031.983424,263,454909.8767394643,5676064.816823001,58.0,,,,,,
0xb10047d6a254b2ebb306d7a7d13bf59171ab6461,Parz1vaI,720890.6897004299,64921505.579325,264,65195.08188902955,6440660.832715,345.0,,,,,,
0xf9f5581d4d7a599b8e2f8d1b1b0e29ca0218227a,Alhambra1,719016.9798417335,2449256.841861,265,,,,,,,,,
0x83255595ba1fadd2e734cb30a0fb8110301a19cc,Mind.The.Gap,718487.8125785921,50920067.655605,266,,,,,,,,,
0x954df97e03c202e7511de1b7d3c01ebd0f876f01,stubblyballs,716685.130137,2863506.2729160003,267,716685.130137,2863506.2729160003,35.0,,,,,,
0x8a3ab8120807bd64a3de48695110e390fa2ceb9a,0x8a3aB8120807bD64a3De48695110e390fa2ceB9a-1771005965025,716254.305334041,7813666.9823900005,268,,,,,,,,,
0xdf2e12c6a53671d0b08f29d0391728097029ddec,supersportsbro,714206.4690105816,75627515.77249898,269,,,,,,,,,
0x011f2d377e56119fb09196dffb0948ae55711122,11122,711065.2455351297,193539332.925821,270,32126.25288896141,3820767.6427990003,656.0,,,,,,
0x7dddf1968c14900b2d2ef9dada8465e82ac4c933,pingan123,708504.1904682978,3384882.0488540004,271,454146.870706397,2779649.1181289996,59.0,,,,,,
0x9d333d3122c0e38de533b2e59343a92df9e1fa02,TL307,705124.06415,11562082.440404998,272,,,,,,,,,
0xf1528f12e645462c344799b62b1b421a6a4c64aa,phonesculptor,704468.0214060555,64264876.570988,273,194591.07830526232,5176722.880362,125.0,,,,,,
0x6ffb4354cbe6e0f9989e3b55564ec5fb8646a834,AgricultureSecretary,703870.3212223222,44817032.256799005,274,,,,,,,,,
0x2f09642639aedd6ced432519c1a86e7d52034632,piastri,703656.9621688413,68311600.82687001,275,,,,,,,,,
0x7744bfd749a70020d16a1fcbac1d064761c9999e,chungguskhan,701714.0164708582,67553143.81946199,276,,,,,,,,,
0x31864feb9d25dee93728c6225ba891530967e9ca,johnbaster,698496.1083861742,20053046.594073992,277,160422.06786082534,3391778.013081,150.0,31909.336318001268,571279.2631270001,43.0,13057.95097000082,184038.75499400002,89.0
0x28065f1b88027422274fb33e1e22bf3dad5736e7,Circus-995,698437.6486837136,46662906.859288,278,,,,,,,,,
0xb55fa1296e6ec55d0ce53d93b9237389f11764d4,0xb55fa1296E6ec55D0cE53d93B9237389f11764d4-1777575277609,698038.8135722949,72065492.14336,279,138524.26654718933,16618331.429908996,171.0,11647.82729499694,2816542.4744999986,115.0,3701.6481007179245,1066069.359336,326.0
0x033f0346c007323030eb420305ffede19a95618e,AvocadosFromMexico,696076.8529163753,14946557.258414006,280,47710.34259708528,1273830.9688160003,467.0,,,,,,
0x9180d46bd2a46c7955ec9df091698ac76a0ff0da,Oddscompiler,688102.3281290522,1470438.263673,281,605382.5070006493,1019249.86845,41.0,,,,,,
0x228b8d11eba89bf1c554f8879a9293b7106daf4c,0x228B8d11EBa89BF1c554f8879a9293B7106DaF4c-1765442354872,687097.7936654793,109537782.69642198,282,226039.58193328965,33700334.662181,112.0,,,,,,
0x5e9458202b5817a72cf81105ec8a30e6f3705ba1,pleaseplease123,684858.519427605,25858108.229026996,283,648864.1947586238,11985125.125286,39.0,305231.492970605,2101851.900961,3.0,178213.82479893422,79330.07906299998,4.0
0x64f8d315efd2d03897a03985fc42719f56952daa,JulianP-675,683981.541704,1764030.200044,284,,,,,,,,,
0x869b00cfb22f9385445ad88f914d423d27e3c625,ghostt4,683714.6959893032,10869777.562283002,285,,,,,,,,,
0xcb3143ee858e14d0b3fe40ffeaea78416e646b02,0xCB3143ee858E14d0B3FE40fFeaEa78416e646B0,676303.6693877474,61682241.13485701,286,,,,,,,,,
0x0764a6f5e2f3c62bd3686c50b0b0b95279f1e01f,grytklm,671594.3897728396,17496429.198736,287,,,,,,,,,
0xb9808862351266922c7e093d06dfdcc22c6bae18,XiXi95,671323.1231,1100529.7100000002,288,,,,,,,,,
0xbcc9608ff5481e8452173a2236ffd735fad726fb,210MM,668968.7530807897,4440059.597655,289,,,,,,,,,
0xd106952ebf30a3125affd8a23b6c1f30c35fc79c,Herdonia,666213.5986885622,103815604.40239201,290,54232.12782790384,748669.3780109999,414.0,,,,,,
0xba389f76b0119aed07c53c9029852664bd97e406,joblessfinalboss,664914.813575928,10385080.071752997,291,313501.6239676462,1275416.074505,87.0,,,,,,
0x05a0bf3fa5775a5e38d4ed6688cce88130460df2,pessibye,664349.7177301017,3209899.3215280003,292,664349.7177301017,3209899.3215280003,37.0,,,,,,
0xe5241830e8876c115d7dc8311ad9f43d85fdd34f,Sportbetting76,664151.173969744,21879236.672348,293,144743.6690850063,7246902.613496999,167.0,,,,,,
0x2d8b401d2f0e6937afebf18e19e11ca568a5260a,vidarx,659586.4820341251,90846709.990106,294,,,,,,,,,
0xef54467264cbc7ae9659e6891d3be20f99afd1ee,Cavs2,655773.7420284568,15516852.914781,295,,,,,,,,,
0x7f69983eb28245bba0d5083502a78744a8f66162,Account88888,655162.144330999,120062461.603953,296,,,,,,,,,
0x4bd74aef0ee5f1ec0718890f55c15f047e28373e,tbs8t,655002.3477339634,11096974.671454998,297,,,,,,,,,
0x5257aa84944804bbb0c718814ebebeeafaca3e2a,NO-GOD-PLEASE-NO,654658.6868089176,20225496.753369,298,270258.74033015454,6771774.425778,99.0,,,,,,
0xf1ffa0a8bc7cdeb0240027e623b026ced4d0e56a,0x2E9821a4234AG3,653339.6055820506,7033858.600091999,299,,,,,,,,,
0x900c83447eb74c3f29f17658e848e2715ca41d7a,Finubar,648061.2628123128,24684041.882304,300,,,,,,,,,
0x088ba59031e4bac4cc7b344581e3d908258221cc,IQdegen,645694.6720792695,5481934.365401,301,54251.5379427862,1296927.493651,413.0,,,,,,
0xaaab8bf3bd469688d5e09bffeae8f8bf780a8eb2,022221,645642.294587269,4562353.807674,302,,,,,,,,,
0x2663daca3cecf3767ca1c3b126002a8578a8ed1f,Q96s3kwozynxpau,639553.4711445977,479822419.1901059,303,,,,,,,,,
0xe25b9180f5687aa85bd94ee309bb72a464320f1b,WordleAddict,638567.2969951333,80023159.07829301,304,32367.798003038803,1638506.586014,650.0,3418.4251642578747,491893.724392,452.0,,,
0xb1ca909e848cc24ec4e220ce1c453bc290c51705,R79dgahr,631172.8876509727,15788107.931312999,305,,,,,,,,,
0x89dd49bf87c41be422927372a0b75c6ab577f662,0x8139E8F571eb4372ecc8498771f6a319Cb5bBe43-1767828467116,630848.3597200757,29605471.883255996,306,,,,,,,,,
0xb8e6281d22dc80e08885ebc7d819da9bf8cdd504,ball52759,630776.511921437,20513407.574527003,307,,,,,,,,,
0x781caf04d98a281712caf1677877c442789fdb68,Avarice31,628951.5088209083,35507851.321805,308,,,,,,,,,
0xd3989ba133ab48b5b3a81e3dba9b37b5966a46d7,semi,625773.2850417694,18601841.541729,309,,,,,,,,,
0xee67f4f549180f564dd5910b1024b8c6729cef38,keasiyo,625285.9910241328,22529013.108446997,310,,,,,,,,,
0x25e64cd559e8c46a888d8ebfa47d4490e810cc9f,lsck,624754.2970611829,1771968.894479,311,,,,,,,,,
0x3d8920c114631fc43ad4fa0d77ac1cc12823b02c,yAmutHAa,623967.5086593297,5003226.938286001,312,,,,,,,,,
0x12226b15662f2bb248b79b7b1f5fec25020d2aa7,OldDomin11on,622967.3995315385,9865711.241754,313,,,,,,,,,
0xd4c38e00d99e16f4799550bdbc76faa3606e899f,eeaa,619924.1202433773,1621173.7155309988,314,,,,,,,,,
0x2d54927ca7d4378106f9bab40c5795bf44453a09,ygrwiqh,619108.966409,1622713.693995,315,,,,,,,,,
0x3ed7344d1e9df0ced4706c6800603cee226de617,0x9231n321aspoerzxv,618243.0299223776,11595617.803601997,316,,,,,,,,,
0xdb8d7baf8a05fb0d36f7405a64a37255752e5a52,,617623.015608821,7011880.075644,317,,,,,,,,,
0x4e948fa5d984c0077bb8f0d2f8d0f7779f656243,nxyobrp,617323.3470688426,17186374.157262,318,,,,,,,,,
0x412fe1a101554f0b382181c3af932e4b2d8030fa,GrizzliesSuck,616440.4988216794,18648717.116749994,319,387535.92723593645,4676486.976154,67.0,,,,,,
0x7abe2e7eac6f63b1bf4c21eeae71b03e9bd9b47e,bestfriends,616357.9882096677,52084215.64078902,320,,,,,,,,,
0xca72a747f0e4007d75e3067ffd12fc12000b7637,Trunp-835,615559.1146050801,3242901.270238,321,,,,,,,,,
0xc84f7e76ec28ef20e7773b7b4926bfb7378be0c5,BrightStars,614029.4966551318,21387037.857548006,322,,,,,,,,,
0x1823757d22022f81a8fa1536d63101fe458884d8,farmyboi,612816.4009018798,2134135.7073129998,323,,,,,,,,,
0xa2f1fecf1cc7db65a46588f764b6691533052d22,elPolloLoco,612595.8648947645,117426444.66285002,324,,,,,,,,,
0x4a49ce5fe2d6faadbc0b279c4d2bd5f41665285e,doooooooooge,611184.4811649112,3390713.050678001,325,,,,,,,,,
0x2759769cd371bee44ec5bfc5e72c7f1f092b2b38,SharkbetX-com,608687.5098572986,18906922.583416,326,86381.16844907377,2502342.4226619997,270.0,,,,,,
0xbc7ab79192c6aa7c961eb89260b38ec049a96940,Golgatha,606329.142652,743260.828314,327,,,,,,,,,
0x5edb28cf53861b9bdeaa88641277df94a6f26ff1,n0ne0,606296.5941170001,2174331.1793290004,328,,,,,,,,,
0xe40172522c7c64afa2d052ddae6c92cd0f417b88,BoomLaLa,604611.6523062877,60621745.30158201,329,,,,,,,,,
0x4344066fa99418555cd750de88883b703003caef,beibeidabest,603175.0248531424,22117809.348935,330,,,,,,,,,
0x9703676286b93c2eca71ca96e8757104519a69c2,AnonymousUsername,601274.4910699796,115932963.502022,331,,,,14445.35462217118,996689.659281,97.0,29952.72117217465,176356.927678,38.0
0x5afbafb011df085b8e418aba7c4793cf1bb84511,lirenTadd,599990.8590395044,30226776.496349,332,,,,,,,,,
0xcd71fd5370880f3d92bb941e628c05840fe0d127,Kevindoto,596836.4443108601,16515402.596229004,333,40040.30219923835,437739.98446,540.0,,,,,,
0x58483a07148bf1c4ddc4a1f0c0ea8daeb9e8a698,Badgeroff,588675.0803412275,3265911.593424,334,,,,,,,,,
0x10ff6cd4b1b5669d4ca87faebae0c869ad315088,02-,586252.6093541427,44680230.894079,335,225564.14385252362,12111855.813515,113.0,,,,,,
0x69c5c6f6a4dda665991c203bc8d5df3e006b1e01,Themsnw,584799.0508691284,7270379.195483999,336,584799.0508691284,7270379.195483999,44.0,244957.1340957963,1210488.4572359999,4.0,62600.85974778645,262544.720543,15.0
0xce9d175628fb6eb014636cf9e3e2976779eff402,yaya88888,584798.9548550596,4308280.095266001,337,,,,,,,,,
0xf68a281980f8c13828e84e147e3822381d6e5b1b,WHYWHYWHYWHYWHYWHY,583785.7840909974,161587691.02798697,338,,,,,,,,,
0x821d0fcf5643c18c663c8960bf79fdbc9f6d0a01,4-seass,583698.8113292004,10552677.329150999,339,,,,,,,,,
0x447d7eb8ecb8930e7b5f353b4298e2562d905eea,GRINGOMATE,581560.1552910298,6969126.890597,340,367516.1547356538,5585469.492501,69.0,,,,,,
0x0ea574f3204c5c9c0cdead90392ea0990f4d17e4,0x0eA574F3204C5c9C0cdEad90392ea0990F4D17e4-1769515653156,580359.1532899992,79916754.720736,341,,,,,,,,,
0xec981ed70ae69c5cbcac08c1ba063e734f6bafcd,0xheavy888,577702.3338396138,51808449.476108,342,19047.662510838578,3626444.863985,1031.0,,,,,,
0x551e72eda42a5ab39d6d78239a1d9bbb5db6b0e0,GayPride,575210.6861102252,23071070.260056,343,,,,1458.4404287651741,55122.76745900001,991.0,,,
0xe221be3b45dfe5ed562ee9dc16f47205728e06f6,Jokerxing7,574934.8240371404,13433892.662016,344,554440.9995017162,11576919.423241999,46.0,,,,,,
0x2a923d2f6edbc894e76357104e654b27a0d9071e,02a923d2f6edbc894e76357104e654b27a0d9071e,574282.6218015244,35339699.201768,345,,,,,,,,,
0x9f47f1fcb1701bf9eaf31236ad39875e5d60af93,TheGuru-791,574049.8763386405,397496287.95665985,346,,,,,,,,,
0x2ff0e36eb9632a47c3eb75224bba1f141a6346e3,,572136.8700970277,31746876.006773,347,,,,,,,,,
0xc35049bc7b6bd28a49a40b261466ca91aad63669,ScroooogeMcDuck,571144.4195378716,31477042.649497993,348,,,,,,,,,
0xa80e3fe5e7a445fa047fe6de1e27f9a15217b94b,bin8888,566386.2231056105,4949008.219322002,349,,,,,,,,,
0xd9cf991b9c83bd4b3b77f93a5e5eb6b058932b62,FakeGoblin,565442.4341214199,1568364.308325,350,,,,,,,,,
0x4d3e59470cd241c4382cabbd2bfd10037cce58c7,ScamWick,565415.6042020903,25585369.308458995,351,,,,,,,,,
0xd3a6e523c440f94f9259398fbcf7b5cc5ccffd55,operationcastle,564200.2967798735,16042632.895979993,352,,,,,,,,,
0x28059b3fb7af7ed76d83dc9121bbb72ec7cf76ed,RISK-IS-NEVER-OK,563660.4084300251,10968228.431615,353,324126.123693662,4286841.715020001,81.0,,,,,,
0xc03ce4d8af842ca6251ac57228b3ffb166ed50af,NyetRisk,562628.8964366808,18843096.726982996,354,363976.1127017124,1373837.81,70.0,,,,,,
0xc851cd9bee7d262afd78674f861f9f576a12cd2a,betwick,559024.0642305429,35089719.272532,355,,,,2087.73779582353,88041.42928899999,726.0,1345.1037970472826,67490.22896,775.0
0x511f9c771449162349795d17becf8b37031acbe1,Bigggggggg,558032.1575918761,21026692.669437,356,342116.90800663567,9841837.673489999,77.0,,,,14272.334296992127,611884.556467,82.0
0x226bf1220731af372b1e7d572959414f31b4cad6,botbot,556987.5682486987,20465653.092437,357,,,,,,,,,
0xf247584e41117bbbe4cc06e4d2c95741792a5216,0xf247584e41117bbBe4Cc06E4d2C95741792a5216-1742469835200,552936.4830164881,53756056.22546801,358,,,,,,,,,
0xc29198ad764bd6adaf7bb971a3757a689ece5d74,SnakeBall,550070.438412282,69816981.32484402,359,274369.6213890929,24684029.297041006,98.0,6655.451844543451,1782724.7976600006,219.0,7975.807082944899,350958.27785800013,146.0
0x8f42ae0a01c0383c7ca8bd060b86a645ee74b88f,cashy,547896.7516393176,13321540.286226002,360,,,,,,,,,
0x2a69660046d7acc4ab204d7cc5ba78b0776cd2f7,UpTheBlues,545762.8804060628,70796336.681915,361,216445.41338409117,14714870.770513002,116.0,46834.16478956118,947944.3151420002,26.0,55954.31334403652,305010.2355170001,16.0
0x20d2309cd92b797ae7ca175ed828ed8a27fbe29d,,545409.1403196714,30356642.527924012,362,84006.30145509052,5757950.230580002,277.0,3268.4182743272977,263461.17040400003,470.0,1314.5415120390244,96994.577249,794.0
0x2bd2574062fb6d8556ddb1050955f43dd9d4c21b,Chia,543363.7357373962,2529821.888455,363,,,,,,,,,
0x1070ee77f3d191241ccc716d0f9c2654343c9124,KimballDavies,543078.44951103,1254489.7594009999,364,,,,,,,,,
0xd218e474776403a330142299f7796e8ba32eb5c9,cigarettes,542925.3637269697,556718591.627249,365,,,,,,,5801.9907532206635,429597.0473730001,211.0
0x128a251f2300694ae6ea9d77e076ea8ea4e097c2,monchi,540224.4244939999,1105655.094982,366,,,,,,,,,
0x89b5cdaaa4866c1e738406712012a630b4078beb,ohanism,540094.9200270405,45826386.48642,367,,,,,,,,,
0x57a8d63731277200ed26cfde9a8a830d94f36933,statwC00KS,539170.406694613,27999044.208242,368,,,,,,,,,
0x8749194e5105c97c3d134e974e103b44eea44ea4,0x066423fcbd2e38a7b5f4ba813eb447b823c91f,538999.7513522018,28654360.257059008,369,,,,,,,,,
0x5188fa0e8a77e87bc6a58e6781fdfc4e165cc804,AllByMyseIf,538528.8457948075,48362602.752897,370,,,,,,,,,
0x6b7c75862e64d6e976d2c08ad9f9b54add6c5f83,tcp2,537190.8173279957,59469746.214805014,371,,,,,,,,,
0xa80e584e189865e8289403bd96ed52d67e816aa1,allegiant123,535931.9847513522,4536814.743222001,372,292058.9786819489,1390034.32208,96.0,,,,,,
0x89b43cb12b5073b99c5c23d401f788167fceee59,rambinsky,534974.4000596699,2628860.365808,373,534974.4000596699,2628860.365808,48.0,,,,,,
0xe74a4446efd66a4de690962938f550d8921a40ee,0xe74A4446EfD66A4de690962938F550D8921A40Ee-1764438981358,532858.3057125448,9614582.515260998,374,,,,,,,,,
0x6d9fc316c3b8377060a44b852ba664adbfd59790,MEPP,531144.3602183876,34842968.218561,375,41756.90922418897,1092428.044788,522.0,,,,,,
0xfeb581080aee6dc26c264a647b30a9cd44d5a393,completion,530230.8744956368,20523546.279666997,376,,,,,,,,,
0x88c4919de76e526d55a32c1f8afb439dd1f1129a,QuietRiskisWrong,529765.6983439871,11395468.600388002,377,,,,31571.597990654256,26192.662497,44.0,,,
0x0e9b9cb7ee710b57fbcbefdcb518a3a986a16e75,8BlocksCapital,529124.6156218712,6888521.177604,378,,,,,,,,,
0x160db9bb5bf012f21251a74737093bcdc36f5295,JESUSCHRISTISGOD,529103.4468946515,17389854.050989006,379,206125.9923041188,2831154.4649610003,119.0,,,,,,
0x614dc8d3542c12103d2c6a3553fd761e391d1546,mr.ozi,528004.6915242661,36355072.924835,380,,,,4472.196794313077,9262.31108,359.0,,,
0x2d0fd4b7ce3fdfa751dd6a4e35e33db1fea34faa,BIGFLGGODHASMYBACK,527139.7981981841,28632002.012032002,381,,,,,,,,,
0x1638095947833f43a732e0da2ca9c3548887339b,Vamos8,524708.1869871828,31320920.723893005,382,,,,,,,,,
0x8b3234f9027f4e994e949df4b48b90ab79015950,Gametheory-394,524300.5187250134,32564580.958925,383,87186.07941336282,2035725.6363829998,268.0,,,,,,
0xfc25f141ed27bb1787338d2c4e7f51e3a15e1f7f,-Malfunction,524106.9677670835,382195297.72574806,384,,,,11518.072324786604,2460292.604,117.0,9847.209882998726,674095.9299999999,124.0
0xfffadf38a520cd5a0035ff52d7fceb436a08864b,GoriIIa,521670.38199246576,41325582.986175,385,,,,,,,,,
0x2adf85be1f25a77ca407cf031bd00d735c05d89c,brockthebaby,521603.12457855965,42556903.51335,386,,,,,,,,,
0x86793ad1e8f33ae23bcaf93200ec5c7bd2664659,cocoandcoco,520306.2198511105,19985210.479034003,387,,,,,,,,,
0x4d4f13a12d943faabc0d154fb2d546f649a9e5f3,0x4d4F13a12D943faaBc0d154fb2D546f649A9E5f3-1782312742976,518301.6691317876,7697509.740251999,388,362071.63697478664,3526453.9898469998,72.0,84451.88065346649,1785209.5923990004,14.0,6123.441913001749,577462.313099,198.0
0x53e55bc7cb3d67ad177c023ce891ad076a9d6177,Arbguy,517204.14105156786,62160981.093830004,389,,,,4175.774651393127,317028.85194200004,378.0,,,
0x8e5c0cc55cda93d6cae14becb3b738a44dcaa68a,cocos228,514739.0133468033,7270031.283786,390,,,,2593.727264346562,0.0,568.0,,,
0x0a854897a06d4999e5b2dde5693609f1428ffe9d,TheQuietRisk,511648.26084862946,22534051.404981997,391,137258.36274515465,0.0,174.0,,,,10563.789893520065,0.0,115.0
0x5ed3561e39d6c9a9622c6f84a782537df7f9b19e,Vivaldi007,511098.89966898103,7022986.308087001,392,,,,,,,,,
0x42c99f38d2b951b0dc8e8bd5371fa80c9dd19623,TRCM,509641.2770747523,34789519.155153,393,18676.395761213265,3833288.036329,1048.0,12012.78506856435,349031.126251,110.0,7065.195672394009,215827.187984,166.0
0x68c24bf4a8ad4d79a6fe4b8eec6f93a02dfd1711,mombil,508054.40968910133,42361378.50877499,394,32698.6674728015,3277443.795534,642.0,,,,2618.6823826014097,195.46,438.0
0xc6dd722558dbfbd8fa780efcbe819ed8c6604b9f,tourists,507434.19092528074,63062051.58981303,395,,,,,,,,,
0xb2304a93c928e05c13e3b96b07be1f2ea8374193,AlexanderTheBait,506577.78361133166,27677537.55295,396,,,,,,,,,
0x58f8f1138be2192696378629fc9aa23c7910dc70,bloodmaster,506560.66831241414,13955371.972607996,397,119095.70693054338,1387197.159571,198.0,8403.804536030868,116907.978844,170.0,3345.1558239999945,48117.350000000006,359.0
0x6d20c35f65d9899b6d6b74f8466e824580f9a165,Djdjdjekekek,505901.9800241523,29221691.658716,398,601467.1852445155,22484744.971016005,42.0,,,,,,
0x79f293c48f651baa31c8086a228102f57b127620,notgonnatrickme,504253.00107028784,17748816.147168,399,,,,,,,,,
0x6d3c5bd13984b2de47c3a88ddc455309aab3d294,VeryLucky888,503851.7791784543,354173126.6227071,400,200984.0593799621,36357577.50819701,123.0,,,,,,
0x514550b8f94f24e3bd5fca1c8af19e985fb71f46,65154861,502411.16152905166,775877.7540930001,401,,,,,,,,,
0x73bcd24d510ff4e4d5feac6aec763c5511e246ce,0x73bcd24d510Ff4e4D5FEac6aec763C5511E246CE-1767607363396,501267.9519701906,8268572.777907999,402,361158.3262166665,4194232.979414999,73.0,,,,,,
0xad9c94a65d1f053b8bb31815865a0d4c64b69889,jalenbrunson-official,500367.5779277976,4450471.864263,403,,,,,,,,,
0x547f2917d51f2e63ab382dcf641d4e0240162937,0x547f2917D51F2e63ab382DCF641d4E0240162937-1782667852436,497482.65142199164,16549923.302827002,404,493262.2887226106,15541300.340580003,55.0,69859.65583463886,1300759.0108989999,17.0,20047.82450279192,421321.24277300003,66.0
0x38337de21ff0bb0a11a40761507d51e318d633d1,SineNooneEI,495346.9601674608,24617130.050589006,405,115956.8667769403,1367315.126925,203.0,,,,,,
0x7caeeadf0421f75e60945a839b8716080891fb5c,issathegreat,493977.72444280976,2708985.84159,406,,,,,,,,,
0xd6a3f0ec6c4a8ad680d580610c82ca57ff139489,knedloveprovelo,492801.6551975998,178916647.39166793,407,,,,,,,,,
0x61efd00829dbf08e4e80578aab589cb41bf05a75,uncleJohnny,491241.9478632035,2618154.318556001,408,,,,,,,,,
0x96b59f71f635da5da031e3e93448c54fe226f5e7,ExhaustedBoyBilly,490756.2869312752,135834456.274055,409,,,,,,,,,
0x1f1dd8cf3d2c653edbdf319b81079bd753409a6f,A1d29,489015.16049000004,4108555.0066879997,410,,,,,,,,,
0x01baeccca6daf3d1ed2b562007f1f9e7ef9cb77a,knoxgold,488090.81389736786,6950798.233439001,411,,,,,,,,,
0x21ecbb95a15822bbdd4ab71345385a6056d95348,0x21eCbb95a15822bBdD4Ab71345385a6056D95348-1763085902493,487467.6070542198,10073655.586103998,412,,,,,,,,,
0x5d9d41132e4b5ae88a9d5756c7c7e3ebb1b202c7,ContactUsFAQ,486086.64451121853,29721889.923234995,413,,,,,,,,,
0xee65685de42f8de9a03b4c53ee77d56a20d2cfc9,0x50f7,485923.84183188214,76954323.46183501,414,133646.71715450817,17143005.022343997,180.0,26587.830243705073,1829319.2518579997,56.0,21078.883738880162,604489.5933849998,62.0
0x5248313731287b61d714ab9df655442d6ed28aa2,0x8bc3adbbfafbeaf13aeeb0ca8847c8e9,485895.32899245684,62500561.043716006,415,,,,,,,,,
0x1b47e9b128e6b671edebfb2cac23dd3efc40d814,sbsigner,485323.31752303045,50557514.33562001,416,,,,,,,,,
0xce25e214d5cfe4f459cf67f08df581885aae7fdc,0xcE25E214D5cfE4f459cf67F08DF581885AAE7Fdc-1777575398144,482910.3888839774,38532559.681552,417,103177.14664006303,9340125.128111001,222.0,7794.370483763225,1502075.5862659998,190.0,2727.1372914567473,545360.291825,431.0
0x16cbe223607a6513ae76d1e3751c78e4eabc2704,MRF,481461.35762920976,21861671.144518998,418,,,,,,,,,
0x1610db79f753a80207e1d66716be9e91e627ae49,0x1610DB79f753a80207E1d66716be9E91E627AE49-1778875286261,478693.86749673105,18930548.434915997,419,160585.44350805753,10462549.90083,149.0,,,,,,
0xc4d1a863e9cc45d02ba22d3a1ae9ba7822018ce8,rdba,477580.2936270692,45715649.422908,420,,,,,,,,,
0xb3dda8a76f79f132b6f1a4b3c89f47474ea4a7e0,BK9496,477547.28697420924,7191101.439235,421,,,,,,,,,
0x0979bad57d7a1403db89cbcd9c52bf43f2138d9b,askilika,477238.10920838587,11867607.035080997,422,,,,,,,,,
0xc02147dee42356b7a4edbb1c35ac4ffa95f61fa8,Eatpraylove,476701.57619076554,57882016.894117005,423,,,,3833.9487355914644,234605.09412099997,409.0,,,
0xb33d95f62714c3522ac133de55ba941927fe0392,hgg333,476069.877771,1080876.4661690001,424,,,,,,,,,
0xe405483ff60ab58ce973479d3317045549fec67e,DuckDuckDuckling,476028.6988124808,13752609.286468003,425,33089.51716447473,4576913.133363,638.0,2236.2241697844875,312153.71086600004,676.0,,,
0xa380c504a480f591c7dfbf9944fac3994b9b21ff,PalestineChicken,475862.2319874421,7123183.6712530125,426,,,,,,,,,
0x4c6a21c3c9ba8a4c0a79abe7b32b204cfe150f47,,474194.7273012001,9800393.116229998,427,,,,,,,,,
0xad947fcb81100b67a4e43727449b845aa2c585b1,Tirdenchi,467317.1978347764,16994815.890916996,428,,,,,,,,,
0xfc0847fe2ea938d6e2624650eb29ef8d8142a137,0xfC0847fe2Ea938D6e2624650eB29eF8d8142A137-1771999665274,467188.9656221556,10392781.512413,429,,,,2151.870957895706,113445.956297,705.0,1363.8519149030908,42413.455506,769.0
0x9a73373b3f0e4af0f91eab0f1919edccb898f447,KK123-377,467106.9783508298,3735685.8071450004,430,,,,,,,,,
0xf588b19afe63e1aba00f125f91e3e3b0fdc62b81,RandomPunter,466655.048409326,31436083.791249003,431,,,,,,,,,
0x388537259dc9e693c1c9b96fdf07a63f6b7aca77,easypredict,466538.71675227745,36006037.23120199,432,27220.37939244369,485014.81759,754.0,3857.659308500006,130216.289914,407.0,3716.574679356185,87591.854007,324.0
0x3471a897e56a8d3621ca79af87dae4325977f17e,xytest,464828.40236489195,29480494.38889,433,32156.37258784924,3186332.4298960003,655.0,,,,,,
0x10a6fadcbacd66330862206f6199b197e3ad4d8b,rabbitfoot1,464639.53443228645,25659916.313541003,434,68969.92879230535,9202098.695832,327.0,,,,,,
0xd73d208bb247d64df5cc8ba3100aee95bc91213a,xeroror,463257.0636382224,2276640.5836420003,435,,,,,,,,,
0xe3611dada6c5ea53af7bf22e80e07c005f48ae44,trgparking,461033.2748284053,19987217.912614003,436,102921.46948903968,5667654.588223,223.0,43817.8827028845,1630435.230742,29.0,21113.131905336166,695193.064743,61.0
0x6f2628a8ac6e3f7bd857657d5316c33822ced136,0x6f2628a8ac6e3f7bd857657d5316c33822ced13,460968.2931082647,40442300.450225,437,,,,,,,,,
0xd38ad20037839959d89165cf448568d584b28d26,johnny234,460404.61993943417,38550959.01515098,438,,,,,,,,,
0xbda318d7996bdf1a36f8e557bf38d7abb6a1cab2,0xbda318d7996bDf1a36f8e557bf38d7aBB6a1caB2-1766248799523,459187.64058017044,4475502.871743999,439,,,,,,,,,
0x959afc4649fb9ed03c0205070fa114eec4f97b64,alphaomega103,458557.1800830589,10045743.623737998,440,,,,,,,,,
0xacd943c52e0ba8efcabfeaddfa3ca17c1a5a3d87,vocifer,457863.9090574083,30273204.152396,441,,,,,,,,,
0xf7f0b0b1e9c0fe02ccad926916ee31aef74b912c,wapol,456388.5989218229,34759837.196861,442,39084.870760570564,4543683.045248999,552.0,1523.3968429185625,619292.628846,954.0,1119.5753996623462,61062.846140999995,929.0
0xa804390f80019699ab34a282c0df7528fba82a75,riverskew,456299.16159569955,8749288.266126001,443,178234.08252622985,3455241.621576999,135.0,,,,,,
0x01542a212c9696da5b409cae879143b8966115a8,0x01542a212c9696da5b409cae879143b89661,454684.7471718759,52554799.547800995,444,,,,,,,,,
0xb6d6e99d3bfe055874a04279f659f009fd57be17,JPMorgan101,454518.3223035509,20588120.11035901,445,,,,,,,,,
0xaa075924e1dc7cff3b9fab67401126338c4d2125,rustin,452855.04359324096,56189698.23714799,446,,,,,,,,,
0x39932ca2b7a1b8ab6cbf0b8f7419261b950ccded,Andromeda1,452146.18386607745,26707991.798344,447,77066.56605026213,573689.813652,297.0,,,,,,
0xf751fbd76257ad498e02c1da257ac6e31df0fec8,0xF751fbD76257AD498e02C1dA257aC6E31DF0FeC8-1780152076667,451907.8023431919,14418924.314945998,448,,,,5551.439715900648,25847.509119000002,274.0,5551.439715900648,25847.509119000002,220.0
0x1e1f17412069c0736adfaadf8ee7f46e5612c855,Brokie,450341.8219024166,22500534.981548,449,,,,2311.5021312606873,97465.04398300001,655.0,,,
0xccd81fbd3395dc43a0531f8484b21c2462daf4de,0F62,449516.42309902376,10932866.196378998,450,111202.64454691025,2815941.745341,211.0,3816.8698347811633,171747.36446299998,413.0,3034.8661254889503,45000.656516,389.0
0x1461cc6e1a05e20710c416307db62c28f1d122d8,0x1461cC6e,448683.3572263703,44067221.139812,451,,,,,,,,,
0x90ed5bffbffbfc344aa1195572d89719a398b5bc,failstober,446823.08689448895,39635314.829464994,452,,,,,,,,,
0x03626d34381b0337387b0e8464c898f772009661,Axios,445485.6153643959,7319576.642407,453,,,,,,,,,
0x661daf6af6d884012dd6db73c09d72e8be224dc6,DOLLAR-PRINTER,444147.5119030133,24246814.336587,454,36734.83566146434,1141891.2285940002,585.0,1505.0233570686025,109464.57542300002,963.0,6816.883229984694,49048.056521,171.0
0xee0d153c17fe82b8866b484753b56a700ab457ab,BBPK,444092.5546968811,29277616.01879599,455,,,,,,,,,
0x3d6ac5150675a83e2090234414222e968888c2b5,brightshieldd,443557.64301909995,6935269.311635,456,,,,,,,,,
0x886c104feb466a5c8a389c0ef21a32017f709dc6,ibizionneree,442288.729587,850555.2492069999,457,,,,,,,,,
0x6916cc00aa1c3e75ecf4081df7cae7d2f3592fd4,x6916Cc00AA1c3e75ECf4081DF7caE7D2f3592fd4,442284.2960060398,141880448.79990405,458,,,,4652.404248676961,818883.975775,343.0,2142.968029022217,355862.45411700004,526.0
0xf1649daae29c44bdb406a4dbb7f1748eac398fa4,Jargs,442235.8772025487,20068555.682795994,459,,,,,,,,,
0xc97485a44146b5db0b8b121358f57cf297cdb33b,berbisminsk,441383.50672245224,16640126.894261,460,,,,,,,1196.04357129446,3671.1952049999995,876.0
0xb0c85813a7a4428f1139ff91d3118a92c391fe7f,Ceeeeeeb,440627.7227877057,9609255.777399,461,414075.20087744354,8191189.722107,65.0,,,,,,
0x7a0219bca476b3640c09fb2e6068176bf80d3b38,copa1970,440362.80799899995,1847778.08223,462,440362.80799899995,1847778.08223,60.0,,,,,,
0xd49c4579bbc25d1d1a26a1976c9576d806c98150,,440192.5049883077,31941537.545485996,463,,,,,,,,,
0xa5517ed74c6b07843946e0e69cad10a9fa94e050,SlotinCap,440158.14615437435,5652123.662612999,464,42134.660448,98468.448561,511.0,,,,,,
0x44de2a52d8d2d3ddcf39d58e315a10df53ba9c08,BlueHorseshoe86,440071.7884233285,2211094.4876729995,465,,,,,,,,,
0x9b979a065641e8cfde3022a30ed2d9415cf55e12,LlamaEnjoyer,439499.08850687696,94587690.30188602,466,,,,,,,,,
0x56acab44cfca2e88bb9b3406890aea7bfa0cd77e,dv-pm,437884.36703168607,13859999.24095,467,478733.4360292109,8659406.268792,56.0,,,,,,
0xbc1b1e935cf5a06f9378fe2b249338649dc29d59,shijiebeifacai,437237.8062692402,15659168.590727998,468,135947.67199531873,10197179.708822,176.0,,,,,,
0xcae693bcf9696a2ebf0a62de767719b45f354f85,geiyecapixie,436758.7991157036,18244868.090359997,469,63844.90797961177,2435902.1038329997,350.0,,,,,,
0x37e053beabee77acc15e641dfe8e395b2b2d024e,ChinesePro,436160.7402483697,94218024.72354203,470,146976.95870622538,27745502.082634997,163.0,,,,,,
0xfb1c3c1ab4fb2d0cbcbb9538c8d4d357dd95963e,,435660.10773851676,176107449.78086796,471,,,,11899.862577538752,279790.8689410001,112.0,8873.609244941319,107446.532021,135.0
0x18d2d4a6dbc9dac2432910dc05c61f33679681e0,simplema,435348.67777988955,10681501.764302,472,,,,,,,,,
0x0fe40e887acbd0022f89d996acce26ab428501b7,gobblewobble,435051.5625760379,36743450.71610501,473,,,,1479.4455810658983,276519.08311000007,975.0,,,
0xb6ce76828a51b382f7e88cbb9baa0f03f9c17a7d,black-rabbit,434856.77893044375,26298492.103053004,474,,,,,,,,,
0xdd225a03cd7ed89e3931906c67c75ab31cf89ef1,Euan,434704.14307162823,47353136.601387,475,,,,,,,,,
0x4cb5a6cf70340f068148a740f9ec96cbea75ef29,ZizzWizz,432385.118823,6093781.619635,476,509728.8334913928,5849747.588619,52.0,,,,,,
0x1521b47bf0c41f6b7fd3ad41cdec566812c8f23e,alliswell,432125.52470495825,115824518.61355197,477,,,,,,,,,
0xd426adbc3c4461c86099c26221c877f20e42334a,881112,430340.16405530664,16795554.502939004,478,,,,,,,,,
0x4df332e27f9ee3224f52ce30e3ce15c1075e788f,SunlineTicker,429662.9441319489,30627794.785117008,479,63515.807651170384,676790.361957,354.0,,,,,,
0x74471a007ddcc488f6d57b5e86dfb35a8d48a16d,tetrose,429461.21969471767,43601924.741564006,480,79333.52204958606,5640357.618904,288.0,,,,6035.230731032485,9718.284164,203.0
0x7f9e2d1df78614564a70becc7fa14aa9a6623a0e,nojnn,428955.57719255274,8935208.790696999,481,,,,23309.265024352648,38994.275165,64.0,,,
0xc57f19fd86e4531560980d1cd73310c9fbfbc909,CK61,428315.46053697995,3282336.105729,482,75728.67349996895,972037.4578499999,303.0,,,,,,
0x5bdd63899629bcfa0375496df6fdc271c18dc4cb,tussss1881,428051.46983099997,1220690.464029,483,,,,,,,,,
0x607fec58640fcea5cb837adb09d658747720592c,whopperlover,427111.8242441853,1196984.348316,484,,,,,,,,,
0x6e4ec81dce3c1c0713781bb392a14ec5dc50ec98,eastcoast,426193.90431706654,983869.959653,485,,,,,,,,,
0x7af9bac9328c7cec1f9d07786e59576b608db408,0x7AF9Bac9328c7ceC1F9D07786E59576b608Db408-1771787783556,425794.53852907126,22946824.156509,486,,,,,,,,,
0x22e4248bdb066f65c9f11cd66cdd3719a28eef1c,ProfessionalPunter,424316.2743060787,16302545.740986,487,43660.76370863016,932645.7327980001,498.0,4079.54413193416,66322.69407499999,387.0,,,
0x0f1b8f81fdcb47b6c3292b8dbf6c2c16b3c4d367,manwithahat,423860.4121308888,33536516.982746,488,,,,,,,,,
0xbdb05a6bf32b701e28338c13c873b43fcb1af688,trumppppp..,423469.9805387191,3284276.979627,489,,,,,,,,,
0x33acd201d6b02982b3a95b975b331bc225649334,goooofy,423206.4451655856,5482336.377551001,490,,,,,,,,,
0x580d9dcca035b1de4155be73c1804aef74ebeb6d,warluigi,421001.6691138257,12068403.339521999,491,317914.40124359424,9123293.004977,84.0,,,,,,
0x55eca3687ea7d69632ffe0f297ea3d5158bb8c7d,afkpnlucl,419829.0250116582,90544507.802104,492,,,,,,,31955.60464844357,35060.495226,34.0
0xf699a6477fa8e385987f8ae6a3657b2e106107e1,0x27cdfbea6aacf09f0b4daab6cab1df865fed4d3,419188.9571709391,14319890.422465,493,,,,,,,,,
0xe639e41094bbeae18f3e6d1790c17299183f082a,0xe639e41094bbeae18g3e6d1790c17299183f082a,417820.0065222548,42021355.640742,494,,,,,,,,,
0xe43c7b9adddeaf01ba16bc3c5b27f034407801ad,larpas,415974.45673364773,15940713.88916899,495,,,,,,,,,
0xc96e5287ab294ac0388c2ddb00180fc464cff1f9,wigglew,413112.4211534827,8427309.846198998,496,,,,,,,,,
0x18670d5a83b7b38d509398067c095d4c321992ca,Trapital,412664.35514026316,12165122.245405,497,,,,,,,,,
0x7dc64a570c7b76831cf25e31c526f2337a050fa2,hovan,412208.14742702135,1296374.6192909998,498,,,,,,,,,
0x903221b1098263779ae19486028c844e8c338717,0x903221b1,411728.23559912475,8014369.9889429975,499,42809.796270294864,3305074.8455870007,503.0,,,,,,
0x27aed7b479101b7436dcf04cd4a26f3d6bd8bf32,SuperApe,411036.44545730785,14406350.766763002,500,,,,,,,,,
0x054964a95e2cb3fc2105a62a1edf3da44979c052,COMEONDUDE,410639.6711587339,9912113.87455,501,,,,,,,,,
0x1d9af60c679cd0b577c3c4ccb4b1a4be4174426d,predictorxyz,410402.00021338795,540336.150517,502,,,,,,,,,
0x70ec235a31eb35f243e2618d6ea3b5b8962bbb5d,vague-sourdough,409954.4443579107,33008283.299522992,503,,,,,,,,,
0x31a56e9e690c621ed21de08cb559e9524cdb8ed9,0x31a56e9E61eD21De08Cbe9524Cdb8eD9-0765984,409882.0317836769,484416.52069,504,,,,,,,,,
0xed61f86bb5298d2f27c21c433ce58d80b88a9aa3,ewww1,409400.09016599995,6627180.621529999,505,,,,,,,,,
0xe34fa89ce3a484cb9543a6f116133ffad8b9d79c,vrooo0m,409197.0911699997,24903769.638917997,506,,,,,,,,,
0x198a38b9704cf3a5ed321f28c8a7836559676762,perincet555,408855.56774927163,4054067.491241002,507,,,,,,,,,
0x448861155279dbf833d041b963e3ac854599e319,Flipadelphia,408080.25826045865,68750085.333957,508,,,,,,,,,
0x3f3aa7005f8006bfcc367d43a25cde25509fe8fd,us391,407476.8388840634,28105151.505796,509,25076.67778349464,5118072.43578,817.0,,,,,,
0x6b88b6a431c5ec9b3afdb76e69393d0404909856,sweetspea,406866.2250285423,2785535.938906,510,34386.94811574649,726522.1120269999,618.0,,,,,,
0xe29aaa4696b824ae186075a4a1220262f2f7612f,Hunter-Biden,406723.5885531952,21593462.037145004,511,,,,,,,,,
0xe594336603f4fb5d3ba4125a67021ab3b4347052,0xE594336603F4fB5d3ba4125a67021ab3B4347052-1769022918519,406384.39629900025,133728855.94231302,512,,,,,,,,,
0x34f62ce5beaf9b3b325726ec4b6c733df8534535,PatienceCapital,406228.5880562479,5499854.129976001,513,,,,,,,,,
0x33f6e35dcbe0d5881f19d723335f87cb56f68003,xAjMk,405803.9710979886,3357882.378041,514,,,,,,,,,
0x2e69bb3db7ffcedc4f83b56fe3e6f93371d1858d,texasdolly,405593.62923640944,4230292.0972649995,515,,,,,,,,,
0x9f138019d5481fdc5c59b93b0ae4b9b817cce0fd,Bienville,405446.75773946755,37495068.59108,516,,,,,,,,,
0xc9966221540a89efa8063572555c2d690ee8bb65,CrispyPeppermint,405381.6625480052,25213364.521160994,517,,,,,,,,,
0xffa6b3c90514d7b861c87d7e51cc35fff34530fe,CypherCapital,405371.3257632455,1447498.8565349998,518,,,,,,,,,
0x3a847382ad6fff9be1db4e073fd9b869f6884d44,0x3A847382ad6FfF9be1db4e073FD9b869f6884D4,405325.66957104974,34867219.026499,519,,,,,,,,,
0x8df306b761d8e4f95ffa21a2d5d36fd330fe887a,492LdDfWP1,405290.0670826745,1679984.5645919999,520,,,,,,,,,
0xa4eb52229991c074bc560f825bf2776d77acd010,djijaij83jdo4jdlwjflsg,404857.0690774342,1870191.5309539998,521,,,,,,,,,
0x732f189193d7a8c8bc8d8eb91f501a22736af081,0x732F1,404238.62335703755,52786925.483557,522,,,,,,,,,
0x011f8c29ed82101e0d3dbbbc65821f495303b3df,pooffiee,403032.56658090476,6519842.367165001,523,,,,,,,,,
0x0224bb9eb0a5c9fd261ac9123a72cbdd5748292a,zb8,401684.2299894834,11564343.631115,524,113708.13467321116,2997328.679621,207.0,,,,,,
0xb85e5c96b0fa57aa9d5ce7ca6ea72409034b6e0f,0xb85e5c96b0fa57aa9d5ce7ca6ea72409034b6e0,401507.9959050001,20870153.378985003,525,,,,,,,,,
0x06dc51826bc524d9a83770e7de9dd7e005b04524,0x06dc51826bc524d9a83770e7de9dd7e005b0452,401221.908005296,80390426.87909004,526,49518.86612222169,17814675.462865002,459.0,,,,,,
0x0e1b30c63f6bac4fa1eacc7b852fa7e72e93ecaf,sjhfccha,400594.59272387833,32601170.503058013,527,,,,1858.3828025999246,62972.608312,797.0,1062.7148040317988,28450.647679,964.0
0xeffcc79a8572940cee2238b44eac89f2c48fda88,FirstOrder,399927.61780246586,24189398.821437996,528,,,,,,,,,
0xf387570fc0f9d8fa1f07ce798fc98ff909a361c0,SquareBobSpongePants,399513.5028830283,10218691.378456,529,119121.26799786754,2942110.852844001,197.0,,,,,,
0x7bc14171ccb0d3e6bac219ec6a76211826e28db4,coali10,399383.42748623824,20705176.396325998,530,,,,,,,4610.509313979059,170462.37561699998,265.0
0x05e26c775ecfe91b897d47f134c1bf5900ca6e12,Llalalala,399111.91670160485,9705551.006468,531,,,,,,,,,
0x5a181dcf3eb53a09fb32b20a5a9312fb8d26f689,chilling,397737.23066796706,7621590.866225,532,,,,,,,,,
0xfa53065aeda716621f6e2939bea2a00d75cd0149,BroadwaySlasher,396712.9377072078,669697.568638,533,,,,,,,,,
0xf6963d4cdbb6f26d753bda303e9513132afb1b7d,rename,396370.04172166757,26922393.542742997,534,,,,,,,,,
0xdfe3fedc5c7679be42c3d393e99d4b55247b73c4,cqs,395319.9424083767,15153679.286895,535,,,,,,,1426.724696166988,0.0,748.0
0x59f4a4b19fcaa99a4df2e7cdda4919aa5afbc1f1,BaccaratRoulette,394647.9219037646,6013831.937439,536,433672.18306930456,2188983.5025369995,62.0,34114.798732480995,194872.82373,40.0,23754.92734430512,100502.23533299999,51.0
0x17559efac103ac7f361be37ec0b93888d4c55aac,CamelUp,391261.6158159237,15666888.65953,537,,,,,,,5285.390353213414,53813.960449,231.0
0xd1ecfa3e7d221851663f739626dcd15fca565d8e,Scott8153,390112.32082147314,2844427.685722001,538,,,,,,,,,
0x3f2bebc298d6aac47c5ad5d49ac7d363c68727a9,razz,389837.1687547773,1643499.4043669999,539,,,,,,,,,
0xdbb36e465641957d32376f0e5d32a1f725ce76a9,xsaghav,389065.48128707544,12473499.968874,540,,,,,,,,,
0x40471b34671887546013ceb58740625c2efe7293,esports095,388075.0699525149,20466897.703201998,541,,,,,,,,,
0x0006af12cd4dacc450836a0e1ec6ce47365d8c63,stingo43,387965.3989121884,6435559.565149999,542,,,,,,,,,
0x1f0ebc543b2d411f66947041625c0aa1ce61cf86,0x1f0ebc543B2d411f66947041625c0Aa1ce61CF86-1772205597930,386131.8549558716,80548246.087794,543,,,,,,,,,
0xf7429705e25b619338412967f0a70260b6e1e039,unbribeableref,385983.789334359,11891965.657565001,544,255875.4017032589,8856884.626379002,103.0,,,,,,
0x818f214c7f3e479cce1d964d53fe3db7297558cb,livebreathevolatility,385802.4906933262,65765678.41887999,545,,,,,,,,,
0x8e9eedf20dfa70956d49f608a205e402d9df38e4,Siziriv,384082.8512707308,112684867.7134,546,,,,,,,,,
0x1abe1368601330a310162064e04d3c2628cb6497,,383518.74493151484,10780616.982945003,547,,,,,,,,,
0x93c22116e4402c9332ee6db578050e688934c072,0x93C22116E4402C9332Ee6Db578050e688934C072-1766959058103,382998.2119242527,54954885.842147,548,,,,,,,,,
0x9f2fe025f84839ca81dd8e0338892605702d2ca8,surfandturf,382692.657391828,165277878.46613613,549,,,,25667.952261191735,2101956.317898,58.0,20073.54778829444,2263.667072,65.0
0x9ec7da81a2da3d47a47dd281b1ecf2cf2b3a35c0,gaba4,382590.4744254353,1644429.0590400002,550,,,,,,,,,
0x961afce6bd9aec79c5cf09d2d4dac2b434b23361,CRYINGLITTLEBABY,381214.52695799945,66256440.57278299,551,,,,,,,,,
0x44c58184f89a5c2f699dc8943009cb3d75a08d45,JhonAlexanderHinestroza,380331.78892550775,37150689.747832015,552,157043.97128256527,4984978.387353001,155.0,,,,,,
0xb84304b56cb1e1d492708cd8c3c7796c08211b3f,0xCarneyAsada,380149.5498468984,12562535.796842,553,,,,,,,,,
0xbcd6358b674834ec8101c238ec0d52540f0c0790,inducedchance,376951.62384077325,1541695.5170379996,554,,,,,,,,,
0x9c82c60829df081d593055ee5fa288870c051f13,Vetch,376782.6635382526,4854138.258509001,555,159015.2423589797,1116974.324214,151.0,,,,,,
0x1cfc6f041b5b8dad3c14b867be8482a69d45b8e0,86shin,374153.28630828357,1798277.5846680002,556,,,,,,,,,
0x56e2c952f9b953521f08ef0eb0c15473a1fa4b88,SportsPsychology101,373317.8863583724,6885688.0064280005,557,,,,,,,,,
0x7d83c905cb7b0e790499392ce641bb867bd7be92,Sunguyen86,373110.2997757251,5611409.211561001,558,373110.2997757251,5611409.211561001,68.0,,,,,,
0x8c901f67b036b5eebab4e1f2f904b8676743a904,Marketing101,372850.65027210297,6596871.250680998,559,,,,,,,,,
0x2652dd1140c3b9e69c8852264cf8dbe727672a1d,Punisher2022,371412.1624577693,101583241.368472,560,,,,,,,,,
0x612f07e76abb9d4d1804264a088a37a666ecaa53,J-E-R,370920.90854350454,21448960.928423993,561,,,,1570.9343224741106,47973.612948,925.0,1755.0389318194198,14539.653740000002,622.0
0x9066aa36696ef7ad9efbf35ea2b2b5535197c20a,0x9066aa36696ef7ad9efbf35ea2b2b5535197c20,370838.05728083564,52268938.734088995,562,,,,,,,,,
0x0a6d26d31b28fd5a84c301f8b27296612f3b1d0a,Bikesarethebest,370672.83984014846,20401846.015612,563,,,,,,,,,
0xc72d7dcdb23597d143a83536fb97b1d7db7efc21,HongYunX,368094.7616889433,10320201.167761,564,135070.24938814496,5548700.7175900005,178.0,,,,,,
0xe542afd3881c4c330ba0ebbb603bb470b2ba0a37,leegunner,367816.9641521551,90869644.88072799,565,31843.836456237594,14228189.169205997,660.0,2576.226796424775,282750.316238,575.0,2113.191302070568,26710.760102,535.0
0x3c593aeb73ebdadbc9ce76d4264a6a2af4011766,eightpenguins,367037.14721328596,6285012.861864001,566,,,,,,,,,
0xd23f8c8aab13cfb2a35da40b67f8471faf9894a1,Corlys,366745.9317703515,13703299.069442999,567,244978.98966238223,5699728.725369,107.0,,,,6413.221511070395,209077.4181979999,186.0
0x1df231bd33dae91463e1682927e8096b82c289a0,pedroBala,366738.2146659927,23356604.628137,568,,,,,,,,,
0x06dcaa14f57d8a0573f5dc5940565e6de667af59,Big.Chungus,365348.2519926855,11409445.746193005,569,,,,,,,,,
0xaaf4acafbb7980ce93631d238eb10a5c4ca67883,Squee,364417.6018196484,40505182.639706,570,,,,,,,,,
0x1caa6a7ad0c6916aef7b67946de2e57ad24846a0,0x1caA6a7ad0c6916aeF7b67946De2e57Ad24846a0-1772054568088,364382.7868789307,2508467.4142790004,571,,,,,,,,,
0x29bc82f761749e67fa00d62896bc6855097b683c,BoshBashBish,364349.02481899963,56965970.76398198,572,,,,,,,,,
0x1a2f67124f12eaa88be0f6683a95abede555647a,uptime0724,363497.79200610804,15257581.944629,573,165329.42645783623,9775415.153286,144.0,,,,,,
0x510904c9a58f5c5ad799a1b44947077564175e9c,Logan.,362571.45507504215,24209419.876461994,574,23264.91041593897,301121.650778,883.0,1783.6740637552289,51485.794462000005,827.0,1283.7948111743804,26345.438655,810.0
0x93fb8127a1b21a112b11af936361225df0563e4a,LlamaLoco0000,361730.38011521316,25276956.197051004,575,664151.9615952787,1686516.6560189999,38.0,631899.8196220738,384143.305088,1.0,,,
0x0b0e9d2a53682baec053b9c6ef1e4f02a15878dd,HurricaneIvan,361150.35285757773,4238786.169964,576,,,,,,,,,
0x64310c79be3502dd17e88d9ca7df781700a66f1f,Sergeantx - 410,359627.05205547536,0.0,577,,,,4403.783522999997,0.0,365.0,4403.783522999997,0.0,279.0
0xe5a565a0564dc54159e503ca74925835f00585c3,deker,359303.925514,812787.1202229998,578,,,,,,,,,
0x45bc74efa620b45c02308acaecdff1f7c06f978b,poorersob,358888.0431162175,54819579.78202401,579,,,,,,,,,
0x42a6ddf7cf7032972b0bfe32775e8109c5171b64,MotherTheresa,356165.4767154892,30335617.08117101,580,,,,,,,,,
0x5e6e2c3f06686f2607b86c90e35f536e81a1be00,WARNINGWARNINGWARNING,354199.3419963472,25203590.866040003,581,309650.71679929434,2594683.651829,89.0,,,,,,
0x054ec2f0ccfdae941886a3ed306635068c716639,0x054eC2F0cCfdaE941886a3eD306635068c716639-1771949456168,354165.3177424995,1730357.964373,582,,,,,,,,,
0x68469ab9009f2783e243a1d0957f4cdd8939b797,jokerfucker,353458.23780722904,1934121.933285,583,,,,,,,,,
0xa022ba0a68e11a78348382ff168601012d4d77f8,yungstalin,352144.98732201796,28518157.176453,584,72310.06346493788,2299655.7377009997,317.0,31362.31112689344,212280.39846,46.0,30205.606305436333,522.578366,37.0
0xa697d0b3fff7d285a0f92d6ee03a7f97809e59d5,0xa697d0b3FFf7D285a0F92d6Ee03a7f97809E59d5-1774326306031,350988.9760718376,55721287.747133,585,105083.66313435878,10488531.406303002,218.0,,,,,,
0xdc71bed951076a6dfd27f6a341c441b8543ed033,0xDc71bED951076a6dfd27f6A341C441B8543ED033-1760135940099,349224.74648335454,1963560.5865490003,586,,,,,,,,,
0x45c3488fd5f78adb7cc59f3f87988e2bcbb859bf,ultrahypedmike,348299.71161905106,2732068.2100839997,587,348299.71161905106,2732068.2100839997,75.0,,,,,,
0x6a57d263cd7c8eba88b857edeb7103851f012afa,0x6a57D263cD7c8EbA88b857eDEB7103851F012AFa-1771530065496,348212.7487739998,9141278.410966,588,,,,,,,,,
0x674591467b6bbe47cd57c0f710ec8d53697d8534,Bobopower - 5272,346339.21225746826,0.0,589,,,,,,,,,
0xcc553b67cfa321f74c56515727ebe16dcb137cb3,hai15617,346301.26810704864,2543580.063543,590,,,,,,,,,
0xf5198df69e13937a40d1c76d6f72d9aa067d906b,sbimbg,343420.344028611,105098296.90765299,591,55969.19890075606,8713868.84027,395.0,,,,26703.592713812577,161766.91249800002,47.0
0x23d81ba9371e576015c1e562db09c689f56b0288,flawfence,342961.6898125203,16697769.607998997,592,119834.96064507807,4866409.175289,196.0,,,,,,
0x063aeee10fbfd55b6def10da28e87a601e7deb4b,noovd,342334.25123619265,26676274.438683,593,,,,,,,,,
0xa3c52f48fad1b6888d58c7aa30a5d1cefe786930,bubanana,340410.3133848986,2027825.6997419999,594,304522.5480438311,1534636.9844649998,92.0,,,,,,
0x84ad9c5c547a82ec9a08547b94bd922446e5bfb7,BillBenter2026,339671.15325248224,72730554.74167399,595,54084.92224278909,9522717.147619002,415.0,,,,,,
0xba264376d6fef08f23a44db4153d12d47f5f23c9,0xba264356d6fef08f23a44db4153d12d47f5,338933.40792601573,91509369.42044897,596,,,,,,,,,
0x09d3273fa76282ce09f4f35a87d6f087c05f4e84,fuego66,338734.42702575325,1258655.636793,597,,,,,,,,,
0xcbd899a4fb5f935cd40ab6a5aae9fd4ddfbbd0c6,harrycrisch,338627.2267403675,1454730.3646550002,598,338627.2267403675,1454730.3646550002,78.0,,,,,,
0x4c8cdcdd4c92bf44e74a642254f7414de14de36f,defillama7,336252.754988507,2395860.142565001,599,,,,,,,,,
0x090a0d3fc9d68d3e16db70e3460e3e4b510801b4,slight-,334850.90752773406,48207290.469281,600,,,,,,,,,
0x0f863d92dd2b960e3eb6a23a35fd92a91981404e,Qualitative,333416.0650608061,18878114.041214995,601,,,,,,,,,
0x4ce73141dbfce41e65db3723e31059a730f0abad,qrpenc,332566.8626998305,225756230.841421,602,,,,,,,,,
0xc2c89e23a69936da2991ddffdc7c99d4f0bd5471,MrDouche,332551.91820882744,65750708.00057497,603,79086.80248816541,13317770.133267999,289.0,,,,,,
0x04283f2fef49d70d8c55ab240450d17a65bf85b1,0x04283f2Fef49d70D8C55ab240450D17A65bF85b,330842.3212875882,44506154.53902501,604,,,,,,,,,
0x57c5de7efafb020e589f80e0da6e16e9b5c907aa,poptree,330458.7221241198,18205349.245606,605,,,,,,,,,
0x9f230af9ec25497012b268113006ea345a21bfe3,printa,330088.48587246827,26431846.148385998,606,,,,,,,,,
0xfd691577dc6a9d21e9611b93ef9177d36738a2e1,petanimal,329200.21758165373,31949951.901394,607,,,,,,,1332.5531176723716,35750.522502,779.0
0x31c518f864d1394361fec967b3daa9093a86ede4,BTCGambler247,329080.4436929219,10638977.929312004,608,,,,,,,,,
0x30ceffb3ac4ea49881e271d5a69883b60e0dfdce,LaGalaxyLover,329014.62234531814,7554409.133982,609,,,,,,,,,
0x2b46bb71681777202368d095196f266944a1684d,betdge,328978.0705236903,6028844.994726,610,38903.543455711915,201299.20015899997,556.0,,,,,,
0xfbfd14dd4bb607373119de95f1d4b21c3b6c0029,XAE12Archangel,327683.8135801216,362968976.492782,611,,,,,,,,,
0xb6bed94e75c333dae24eb9c80b3fef47ef3cfcfe,DickTurbin,326593.1753922623,54348309.114518,612,,,,,,,,,
0x2e0b70d482e6b389e81dea528be57d825dd48070,Trump2028,326551.46381195076,22089958.185888004,613,,,,,,,,,
0xd748c701ad93cfec32a3420e10f3b08e68612125,TealV,326359.1696127568,16064416.52998,614,,,,,,,,,
0x2d395d11014415644fe9a8599fe050e7f3a06053,minji,326178.9827027259,22238147.992394008,615,35414.60514920083,2871814.295488,601.0,,,,,,
0x09abc5845c024a4f9a3abff29d95057e6b20e832,5332321,325866.95647461683,4011106.3081909996,616,,,,,,,,,
0x3a6238d6a4d545e27dae2af2d04475efce8b1106,Peepe,325564.115402,863780.6652130001,617,,,,,,,,,
0xd5196bdf50199e195c58a6aff2114cc0e455932c,UpDownUpDown,325068.64635736943,14068384.724024,618,,,,,,,,,
0xf693bac0b9a42c5df41792673020ba7385ffe96c,btc-lu,324364.1163879887,4049378.733381999,619,,,,,,,,,
0x4f29e103339919c4baaea2a60195cf1c8bb27a7e,0x4f2,323985.24332670384,216043533.67336297,620,511066.5410073649,46479460.898157,51.0,,,,,,
0x411a2d42feff12a2c800766120e1f146d6c1bc76,0x411A2D42fefF12a2c800766120E1f146d6C1bC76-1730750767899,323840.80380969524,1766461.0372930001,621,,,,,,,,,
0xfbd8c9c22ca76b3662d0e53a4f79719fdc684027,0xfBd8C9C22cA76B3662d0e53A4f79719FDC684027-1779347618060,323510.94299455703,14877833.688147001,622,156428.71855336102,3148520.533954,156.0,,,,1489.527398901016,86952.79,724.0
0xf743f416caa37f672e8434a9132f681a8fa0ac84,ScarletRot,321435.2621259899,21030221.86487901,623,,,,,,,,,
0xb64f848897508c6f9b76934953758e10fa6b76d4,noobsoup,320406.243672,806235.9871989996,624,,,,,,,,,
0xac2519c4e68c4b58326eadd26d7373a4f7fb433f,nbacup,320352.55979466287,5252256.102593001,625,,,,,,,,,
0xf98dec26318d00d7863746d6aa2347691ee37adb,0xf98DEc26318D00d7863746D6Aa2347691EE37ADb-1765930953808,319286.06847100006,2607254.8200729997,626,,,,,,,,,
0x5431a20c76d561eced1b492c18a2a7229bf447e1,ASOEMFE,318670.87456097844,15044042.208200995,627,,,,,,,,,
0xeb6789ca6b1425ff908a69a2a5469c38532cd696,ExitLiquidty,318479.34176464693,2387471.548614,628,,,,,,,,,
0x6356fb47642a028bc09df92023c35a21a0b41885,fhantombets,318146.7472226003,129684597.69891801,629,,,,,,,,,
0xcb6ed9332a8fd1b930893c705dd234f37aa248e6,0xCb6Ed9332A8FD1b930893c705dd234f37aa248E6-1774405511911,317828.9310992899,2785559.883033,630,,,,,,,,,
0xfb79181a9d9dcaceda40803c0aeb55f6c58ec2c6,player1.eth,317791.705273608,5360055.914374,631,,,,,,,,,
0xe3c9c84c9917d21351902f3bfde3420543ea4b9c,DimSumConnoisseur.,316900.5489450953,6333678.660393001,632,,,,,,,,,
0xa01c0a5e4f8c1114e95c68ee97694bc95e51766c,0xa01c0A5E4F8c1114e95c68eE97694BC95E51766C-1782858480408,316801.2199651422,2967643.856294,633,317422.79765038425,2930033.433835,86.0,,,,,,
0x2d4bf8f846bf68f43b9157bf30810d334ac6ca7a,Gohst,316103.1370068295,1941875.9567080003,634,,,,,,,,,
0x19e27eeb3641ae664e77dbb80c86021f048ece3c,loserforever10,315522.7517931753,10354402.512068998,635,,,,,,,,,
0xf9e60f3fd62105dac25f15643979bd59eefb53ef,KOTech,315013.12216599996,2209103.501971,636,,,,,,,,,
0xd205ced392d30c050e42b0fe0a08787b7583859a,XRVIA,314555.5911493544,4214624.447821,637,,,,,,,,,
0x1b626635d9155f6366298c0f8dc2eac2e546db9c,IlikeVagina,314394.331292,491914.956494,638,,,,,,,,,
0xac4a1fabdac2438d6afa2a9e8e83845310a0bf1e,HerrieDavis,314375.5504250312,27231007.758347996,639,74479.36571264084,2617694.099006,309.0,6593.962657001404,354881.723702,223.0,12967.341305474733,93949.19123599998,91.0
0xf65506e2d5f55279d77bd67d3c80af6882ad7ea4,piratesfan1313,314198.66291901807,17615446.211895,640,,,,,,,,,
0x82dca3851445e005b8f21a2814db1439189f5700,white-rabbit,314150.4795277514,19200466.873777002,641,,,,,,,,,
0x578d665b6dd21abf12a393579699e35a2686fbb3,025d,313727.7244019016,27508138.428412,642,,,,,,,,,
0xecb14ac6e9ca447ce2f2912e6217b43d7b655da3,SaylorMoon,313034.84221172146,76002114.76874301,643,,,,2139.808957582487,94150.727515,708.0,,,
0x23073ad0c9dff45353cedb11760570b995663934,Deep7,312755.1712201303,16360843.559698999,644,,,,,,,,,
0x0f5801f1fe7dbadb5c1e92a310c9871447d90ff0,Nibiru2,311689.00498258305,19529364.498841003,645,,,,,,,,,
0xd69be738370bc835e854a447f2a8d96619f91ed8,,310932.8102030671,27564002.123382002,646,,,,,,,,,
0x7bb5686910e22c4348265ab86e38b06f7579db04,Tiger888-352,310902.171232,811047.7318290004,647,,,,,,,,,
0x68146921df11eab44296dc4e58025ca84741a9e7,LynxTitan,310728.7770808428,156192534.38317904,648,,,,,,,,,
0x336151559e8c8b048de5231dc8313e196b314363,0x336151559E8C8b048DE5231dC8313E196B31436,310346.0324026847,43304447.315328,649,,,,,,,,,
0x36a74fda8204b1e1680b8512613b0b520f7eb6e9,nerongod,310321.50479612953,3287574.29569,650,90189.49887259978,1127299.5684769999,259.0,,,,,,
0x08ce2678c929934de9edea698a998aea9dbc295e,scoobydoolover,310261.6900479128,29191693.628738,651,,,,,,,,,
0x76062e7bbfc0fb783487ff884960c4bc17962836,user7372829191,309611.41516452713,30364289.057703003,652,,,,,,,,,
0x748f8bc6db49da87f131e073f68aaefc4edbc80b,AgainstTheGrain,308795.726047,797938.26758,653,,,,,,,,,
0x0c8bc7db08d5fa2ceedb919c6a2d6ab60b7823de,flowjj,308258.213796903,1092280.1421349999,654,,,,,,,,,
0xdebbe89ceb32828a99648bca497684f5209ceedb,Lexington,307892.97844946646,8045784.7656510025,655,322095.71000233386,1400893.6064860001,82.0,,,,,,
0x87da2f16cf98af9b3e2f6ba6d9c4c470815b53d1,GeorgeRe,307613.58782044094,17765930.007989,656,88797.52388282989,3939268.5604840005,264.0,,,,,,
0xce41369f5db6f155fb6d2ae31f6d57052904fa02,Gambler2026,307601.0853575793,2162856.702921,657,,,,,,,,,
0x6979b1a23c14e5cf0c6d29310080841d19d4c2a3,CryptoVagabond,307469.0873714051,728943.8070999997,658,,,,,,,,,
0xbd0477e08d82d35a855ff19644a88a9213d8fbb0,yuhyuhyuhy352352,307133.0446462826,8518434.474031,659,63809.98948312747,1122198.0282100001,351.0,,,,,,
0xef51ebb7ed5c84e5049fc76e1ae4db3b5799c0d3,StakePilot,306642.69018487335,31490025.36295301,660,,,,,,,,,
0x48ae93e59028f2c67e7535573b7359642f3a85c4,Noob12345,305848.4474506161,1322959.967738,661,,,,,,,,,
0x7f3c8979d0afa00007bae4747d5347122af05613,LucasMeow,305719.2353523684,14065505.543288002,662,,,,,,,,,
0xd6b6f6924341b00626e603240f799644d4b6342b,sciuboi,305478.8178212969,12645208.629873998,663,,,,7177.191235278449,248419.09999999992,205.0,,,
0xad89f899f1524533adfd1e6a07da692fcd92f6e1,VivaMoldova,305408.97592230764,10080216.090868002,664,,,,,,,,,
0x45580feac3b916a88b7513929e26f86b3adea2b3,Nowhere-Man,305405.17915978085,33705153.90072501,665,,,,,,,,,
0x21064fd320bfd5a86f8c92a94d3209edf4154dea,rainbowlilies,304588.5183011376,62882445.72900601,666,37604.97832756733,6269158.346450999,573.0,,,,1534.255988777872,127035.58241099997,708.0
0x571c285a83eba5322b5f916ba681669dc368a61f,dustedfloor,304310.5857461025,16595601.199064001,667,,,,,,,,,
0x5487559b207c980f660774d06cd5ca144377a014,0x547889b207c980f660774D06CD5Ca144377A014,304284.45198912366,25169487.11378,668,,,,,,,,,
0xff12ffde498c958dc037def603dcbcc0052f09f9,Aceplus1,304214.6848004142,54687198.538470015,669,,,,,,,,,
0x71edffd0d70a1da823ff07a3c6fc81457294d338,pako,304141.27013169334,17803094.205914006,670,,,,,,,,,
0xa0f8b626bf42c179ccfb8abd67aba00f1363b80d,0x4815162342,303961.26868508477,500567.90069300006,671,,,,,,,,,
0xab8f0996d119c856e77f337eec7c66f69c09646f,dfhsgjnj - 2469,303751.3021583464,0.0,672,,,,,,,,,
0x885278f0e304bc2d53f805af2ab779cb6011c569,gabigol,303609.6299462823,23995678.203463998,673,27381.718231937673,3053034.859006999,745.0,5291.561404478096,406591.0676180001,295.0,3621.6509307295782,120022.08666199999,336.0
0x04b6d7e930cf9e493c5e6ef24b496294f95594c8,0x04b6D7E930cf9e493c5E6eF24B496294F95594C8-1774448369789,302666.6947697124,87838900.75306699,674,32204.159131878987,12813908.136957997,653.0,,,,,,
0x2c3eab37a5bfeeba3c8017049613d7a405163d75,mooseytunes0,302084.34870571643,3148750.2752130004,675,,,,,,,,,
0xd5ccdf772f795547e299de57f47966e24de8dea4,tsybka,300881.5885420218,41527635.254351996,676,,,,1775.6166978413057,67950.58901,832.0,1775.325244018557,0.0,616.0
0x72aaaaf9f6b0286e390de5b568af0f99a00c90e0,Donkoo,300650.14435765456,21686032.132454,677,,,,,,,,,
0xf5592765133941c40c77e52bc56bbe7ec167f462,0xf5592765133941c40C77e52Bc56bbe7EC167F462-1755612447740,299909.16959773307,9741401.178844001,678,193991.55371949958,1610216.820733,126.0,,,,,,
0x72e4daa9b93fd3786f231c3b73c1bdbc4c48740a,alienreal,299774.6732850151,9543175.857578002,679,,,,,,,,,
0x02d2b4fb6e7b8176fe70a103304ae4cdeb8cff27,space222,299568.66809299996,961085.584929,680,,,,,,,,,
0xbf6755d00d146b95374e6b950b274bd81d7bfe3d,kaharvaka,299475.7974434014,2146496.104683,681,299475.7974434014,2146496.104683,93.0,,,,,,
0x41e70a2195ac1a78f7a72445dcac2ce0e1e8de49,jft555,299417.77613799996,9632372.133332001,682,,,,,,,,,
0xf0ed9e68e6cd3ee712260abeaec32de56a7d47d8,LinaBell,299379.6664569336,12138353.364562,683,187745.2981860134,156438.72272200003,129.0,,,,,,
0xb5fd86fb9d64714f5158e13cada4b7103c958c6d,fhdsjj,299017.60927432944,3430355.191743,684,,,,,,,,,
0xcbed92a9dc14802a2957de4a7d81d3c6a038bbb9,0xCBED92A9dc14802a2957De4a7d81d3c6a038BbB9-1771998936959,298565.736456372,1317879.4156179999,685,,,,,,,,,
0xefe6520783a28b726c9c492ee13ada80ca011a7d,YesGambleYesCrypto,298395.56077754084,19381479.822079007,686,,,,,,,,,
0xef27152015c5313daf457804e7319e869ed3381b,superbeter007,298286.3067197457,10693672.303372001,687,,,,,,,,,
0x8e0b7ae246205b1ddf79172148a58a3204139e5c,synnet,297713.76605286764,8314377.315468,688,,,,,,,,,
0x05ab749a8554fb7c852238c271d384bae6798145,SeniorLaghetto,297629.26668600045,41020188.51447,689,,,,,,,,,
0x113d4c0b5a6702ab045ea2cba7c3f71d51fc3ce8,charles-de-g,297298.91977110563,53105966.46895798,690,,,,,,,,,
0x96e17ba97e081732a552f410eb35ee972cad50aa,0x96E17Ba97E081732a552F410eb35eE972Cad50aa-1754745531003,297032.0263963017,6576839.639815,691,125933.51335266017,332746.58999999997,190.0,,,,,,
0xedc8b2023897dad9df5b2f47ce79b2cdf1b6cca9,XORP,294561.72157111566,8169561.689646998,692,,,,,,,,,
0x4e25605fd905e9972efc0f4d8814530c655cd7a7,,294000.09857218084,68772329.438616,693,,,,,,,,,
0x75049bd489194be19c45c31ed311e556411c9c69,ro0k,293872.19307184854,25726258.989660002,694,,,,,,,,,
0x0e5bd76779e74304d08e759072abf126d87da593,JAHODA,293196.6905428924,71433127.76253101,695,,,,,,,,,
0xcd6482d6b4fd8f314384ad19f9e85ea0ce187445,beoakdd,291429.5215063195,2231851.1722290004,696,,,,,,,,,
0xa6cd8300ff70129ced69975180609e40a12b2f2c,lookaon,290512.1619988596,7441651.532386001,697,241397.9448442697,2801507.8341800002,108.0,,,,,,
0xc1b399b26020a4f689108e9640fd3dc8ffc8501c,CoffeeLover,290215.1452579001,16756012.726953,698,,,,,,,,,
0xc5373a35777b8da3cd0f18ab6848384b79be690d,Sniffy2,289940.537175,603306.1313739999,699,,,,,,,,,
0x6790a1b883a48eb09f2cc99acd45f054906f5e06,mathguy,289178.54616095044,5066000.585794,700,,,,,,,,,
0x07921379f7b31ef93da634b688b2fe36897db778,ewelmealt,288898.90029552666,8601491.365489004,701,,,,,,,,,
0x3585558d59c5ee4a53bb552c2db9f5c518fe7c02,0x3585558D59C5Ee4A53BB552C2dB9f5C518fE7c02-1768265321304,288860.06657950004,3911901.0815889994,702,,,,,,,,,
0x134a63b764ac7b008356e8db1857db94e6b09e42,Bertapotamous,288271.47053376253,26341826.932293,703,,,,1944.028434892163,518611.277501,768.0,,,
0x8f69269039b9a401de28a38c2f1c3001364b7df1,DumplingBMF,288127.65350336046,20782412.012224,704,,,,,,,1377.0236880228142,1975.9099669999998,765.0
0xf02008dd334fe83c8dad61dd9a54776d7fb03212,topdaddy1,288007.72969241836,2899625.523302,705,30808.05435181634,1280884.337622,675.0,,,,,,
0xfdc0bd67fbd71aa8edd00121eb2a7fcbddc34b85,oneheadedtiger,287166.32754776586,38009542.06846701,706,,,,,,,,,
0xd9be4e8f031a5beaa1f0d29ceff2826e3cc91d98,0x3694Cv236asm687309x22BfL120RDle62V8FK09,286871.5998730442,689692.3429900002,707,,,,,,,,,
0x59ee6c6a56d7b00223f0c30f8002c4df762b684d,undertaker,286474.44186489354,197598890.58012703,708,,,,,,,,,
0x162f6fff88a52864f2ecc9833e58089d5254798d,Valen9,284925.99374965916,27688465.78538201,709,,,,8172.445403668847,149011.60919,179.0,,,
0x05f6027ceb5b8db472bb716d3ed574c199118cec,islav900,284069.2671506976,6246903.922095,710,,,,,,,,,
0x1ff49fdcb6685c94059b65620f43a683be0ce7a5,ca6859f3c004bff161e3328d27ddba6c,283797.03920442006,38808962.158911996,711,,,,,,,,,
0xdb83e85ffd22faa4009273034770f96ffc5b1e50,sentrio,283362.7023488151,48963374.81493699,712,130858.86983161885,11711084.358846001,186.0,,,,,,
0xd44e974a3edb232aa4aedbdcc59792b76a5f67e2,KrackenSruster,283342.82773983805,7534542.484695999,713,,,,,,,1691.036059224838,17373.483466,654.0
0xbb903888f2d952a1845c90142267c61b4926ad7f,testocn,282975.10384897725,2225103.7985580005,714,,,,,,,,,
0x44d4c6f385f1b0b738369e5a0b4ae4030e401970,2312456331,282616.98695474525,7043452.766175001,715,,,,,,,,,
0xf088d3e04b955be470a221a3e7830d2282f9e6c4,0xf088d3e04b955be470a221A3e7830d2282F9e6C4-1778078728176,281997.22526379,520960.872968,716,294826.1221792275,271065.146388,94.0,,,,,,
0xf19d7d88cf362110027dcd64750fdd209a04276f,huhaoli,281867.3952425159,14887703.950419996,717,,,,,,,,,
0x9c76cdb43fb46454da005fbc82047a64a18ec926,Bagwell306,280996.784576869,17497599.479807,718,,,,,,,,,
0xe041d09715148a9a4a7a881a5580da2c0701f2e5,Lkjhgfdna,280200.16314700886,26285046.092295002,719,,,,,,,,,
0xb13d096b2e90411d0e5f42891d2e73ef4cea2e90,0xb13d096b2e90411d0e5f4891d3sdlk2j3s322e90,279849.4898322087,32146414.852677997,720,,,,,,,,,
0xafe905140163f87cd2e20229be796677a66c1113,Don22,279291.6323615808,970783.701059,721,,,,,,,,,
0x808da97104cb12a9f082ea746d1531d3a4b54689,uzumiru,279211.337902,603972.3690830002,722,,,,,,,,,
0xd1c769317bd15de7768a70d0214cf0bbcc531d2b,033033033,278907.10799704405,154133022.99797598,723,,,,1530.3965380000045,2515831.829999999,951.0,,,
0xe20a1538293903b746ffe6c4ce2d5c3c0300e469,gopatriots,277703.7734209703,121271939.04377201,724,,,,,,,,,
0x62d2bcd198bb6eab8b7eeb9d2061815dc02b9eb7,ANudeEgg,277623.4179873821,33177718.798289,725,,,,,,,,,
0x3b4484b6c8cbfdaa383ba337ab3f0d71055e264e,0xf1434f7d6de30bfbbdfeadd075a1f40f,277615.0630439469,4115282.440677,726,,,,,,,,,
0xe24838258b572f1771dffba3bcdde57a78def293,redskinrick,276951.74454076233,12748611.68211,727,,,,,,,,,
0x64108693c93f94b2d15f40fed8a134fb2cf61ff4,antifrag,275459.26466793043,15966392.989788998,728,,,,,,,,,
0x0f0223dc4b5c68f345ac4f0444f2955740b85bfb,0x0F0223dC4b5C68f345Ac4F0444f2955740B85bfB-1779940201096,275347.6971378003,3885441.347564,729,,,,,,,,,
0xe5fb6099bab03e79e442d879976cacc6f14284b5,0xf26854529997C4907225dfb6EC066e36,275198.9776466534,3988960.719672,730,,,,,,,,,
0xa9ee0279edee743ed85fb293c079994a24635a28,carney-pls-win,274519.0960406848,14566157.115245998,731,,,,,,,,,
0x6765c1c000e3b99c7fffea752c561cb868f1fa0d,JanAMEX,273356.36943783046,8813315.595332999,732,,,,,,,,,
0xa4f5650a655502b2e2bc66636d347a2fd8281079,,273081.44068400003,14895567.096151995,733,,,,,,,,,
0x54b56146656e7eef9da02b3a030c18e06e924b31,pup1,272799.5834282912,53169450.75256999,734,75643.46044320594,10246950.049106998,305.0,,,,,,
0x4ee29e4e7d4c380babeae5e22e5c02400c2246e1,IH2P,272442.1048604384,37022519.491165005,735,28964.34930534269,193020.18251400001,703.0,,,,,,
0xa61ef8773ec2e821962306ca87d4b57e39ff0abd,risk-manager,271542.01216676383,689590149.886166,736,,,,,,,,,
0xd5dca994eb0099f55b2dac334c7b9d76cb0411bb,hhg6557,271315.65052071575,2329115.87371,737,,,,,,,,,
0x8379b0550ae0f303564f492fb82b11f285a7ed71,Seasensez,270932.15758132533,1247099.598792,738,,,,,,,,,
0xf3531b23b504cf0aed4ff21325232b2a2d496685,powerwinner,270866.15972142306,29763338.311205994,739,146519.35198699497,17347317.493256,164.0,8355.015790737389,2293452.849994,172.0,2507.1517586427844,645345.036665,460.0
0xf9b5f7293b8258be8b0e1f03717c5d2ad94809ee,9sh8f,270854.57417460036,14515785.639521003,740,,,,,,,,,
0x1465b79bff7992bc703e1aafb3683b1089647072,JnStTrdrBnusFnd,268604.48843004525,5842752.689402999,741,405523.71772811876,2370488.783007,66.0,55632.885282652394,608299.040297,22.0,30935.215863901947,129831.45100000002,35.0
0xce0ebbbfb38babb8951c413f77a6e7d543a90d92,account001,268456.548898,933146.825279,742,,,,,,,,,
0x2537fa3357f0e42fa283b8d0338390dda0b6bff9,herewego446,268282.62552899995,8121394.69909,743,,,,,,,,,
0x034475def048324ad32d87c5fd90e99f0f7b2538,Yeueu,268055.28387070535,6547235.552433,744,,,,,,,,,
0xb595d09ce5bbc4d39e3b3d04e80c402d2c8d5922,0xB595d09Ce5bBc4d39E3b3D04E80C402d2C8D5922-1769777706105,267111.8845666651,24333482.241748992,745,59014.55496763867,2858763.81054,374.0,4563.848179866123,315435.673656,354.0,2188.525121806364,86142.390932,516.0
0xc5b5bbd42624a8f0c8dfa90221913007d8c77e80,Capman,266957.40453961364,5485477.298729001,746,,,,,,,,,
0xf0b6a8ebfa3a626337cc45e8eed30eaafb182fef,retordedgremlin125,266246.3940516877,3308754.2079109997,747,124016.84637319033,1233290.479388,192.0,4090.720706,9090.712677,385.0,4090.720706,9090.712677,293.0
0xc4086b708cd3a50880b7069add1a1a80000f4675,JJo,266217.5904770145,41097945.802956,748,,,,,,,,,
0x35bbbad2415fe5e39b12da9a316cdc80b022009b,MisTKy,265732.8446070539,59528011.65803699,749,,,,1700.0940422109677,541058.148677,865.0,2282.4008019999183,220633.566774,500.0
0xb30fe15964655f469c29a0b7b7a7305ff02a9505,Tylersbathtime,265564.3130875816,2962169.676845,750,,,,,,,,,
0xfefb4ab20c207f11278c222e5276546727f74b5d,dfsgretfewqrfew,265365.4759400087,42541859.782478996,751,,,,,,,,,
0x6597282ce8d8b81904621e6f75c9f3882a3bca42,unwoundmouse,264790.3741649223,1426618.874815,752,,,,,,,,,
0x9f5ffe76a818dce37c70f947998b52b70671a008,0x9F5fFE76a818DCE37c70F947998b52b70671A008-1772728605528,264425.7032743137,29596156.48639799,753,,,,,,,,,
0x397e4f7fae63e68fd7be7f318793f3fc4de43d84,MartyMcFox,264293.3333533575,5073676.177987,754,,,,,,,,,
0xce66940dfe6dc18bc151d66d52a66eb2121bcc64,cynical-reason,263905.49777726334,15253429.235125998,755,,,,,,,,,
0xfd66d7ed45d7962ad009e669cdaec9319e38fb6d,KING-VIP23,262881.38319354993,19101046.088361,756,,,,,,,,,
0x1cba7e44bcfd5acc4513f554ab9e86453d086a4c,MMousse,262748.41844819003,30025235.484429,757,,,,,,,,,
0x6f72fea92844c87b9d6683c415e7caef70ee83ad,trumpetplayer,262080.25052891485,24292943.302446004,758,,,,,,,,,
0xd2678dc3b152a54900f28b0e849afe2049df9dc6,xfile,262045.6702912043,12740405.963908,759,24622.99339332883,56336.615645000005,834.0,,,,,,
0x0af037c59ede5b3b2a6625f23923057d8296d425,Protruder,261970.55686067248,5116162.456262,760,203006.7291501985,835523.9153219999,122.0,,,,,,
0x421bf8e567f99bb544f317f38fe71719dbb6ac12,421bf8e567f99bB544f317F38FE71719dbb6ac12,261341.99497251166,22746084.101299003,761,,,,,,,,,
0x178dedcbe5f082b7344f233871e8cb9d3f9843fc,0x178deDCbe5f082b7344F233871e8cB9d3f9843fC-1773173939629,261233.00202942142,2514703.205531,762,,,,,,,,,
0x9b1e0334569aa1768a07705a859686aad58e82c9,FullPicks1,260741.6854807383,8109342.305697,763,,,,,,,,,
0x4f70929ba287ac85dc2431c85382ccd9e6b0d185,Lance Uppercut,260562.38729881585,0.0,764,,,,,,,,,
0x6c3aae17140c5e3cde62380daaa323e38575c459,AvrahamEisenberg - 10161,260230.86208764964,0.0,765,100287.227136,0.0,233.0,100287.227136,0.0,10.0,100287.227136,0.0,6.0
0x4bb5d3f54c76aa52f39d3150b2ea33293775942c,account0002,260071.26676,759955.662195,766,,,,,,,,,
0x40cfb29411d29f4fa0908f2a121297042cccd21d,whig,259988.78892220237,6566423.0138960015,767,,,,,,,,,
0x913c76e1edf609b3d6dd7d597d1f9afc6c6039b3,,259953.74183316715,14406836.003349004,768,,,,,,,,,
0x7485d661b858b117a66e1b4fcbecfaea87ac1393,1TickWonder2,259290.88415591637,18449299.609715,769,,,,,,,,,
0x969fae0a3a93778adc42178f72c612ed8c4e4d55,superstonksbro,259263.25753033606,12488361.863325998,770,28546.271114935807,1635164.893414,715.0,,,,1160.9155901546474,25651.155261999997,903.0
0x40ea9faef8f8eeac2b3262f2e1b75f9fbb16832f,wupplasaurus,258994.38633905057,9605873.427552,771,,,,,,,,,
0xecdbd79566a25693b9971c48d7de84bc05f7da79,BigMike11,258948.00229564734,117824644.93340702,772,,,,,,,,,
0x96c6740f9b58c5a38c9172147cd6266da06c34a2,just.some.guy,257791.20302958158,16716092.724190997,773,,,,,,,,,
0xf201a19b43471261a3c1ba9247335d55270e527e,0xF201A19b43471261A3c1Ba9247335d55270e527e-1763824114616,257608.88973536415,30065367.099851,774,,,,,,,,,
0x72a0d79b4325638bc2bcfc9a2b8a380c2d81c059,0x898ca742482eab3A4a015DA6928f8edC9BF3DA39-1782562025853,257608.80535706575,10652030.460896999,775,,,,,,,2610.8141430852265,61992.63984200001,439.0
0x3c918a8ef8c379304f744592120cbb4d76149af7,Vilgefortz,257527.02547220862,15529436.106541999,776,,,,5480.795293064924,15934.840815,281.0,,,
0x777fae71d2ff9ec48a1213d48ba1d9d91024a1bb,Albert 1953,257240.0287089702,10882768.487889001,777,,,,,,,,,
0x7e3a1f95c558f39a51ff334d789e3e039b553246,KaneAnalytics,257148.47414490592,6928978.060850998,778,,,,,,,,,
0x2863ce4d826552cc8b3d0a14e25b781eef2c0e3e,Gamblrx3,256873.4081522908,11239944.961887002,779,,,,,,,,,
0x780a7539200e74e882dde303952029bda21684f0,0x780A7539200E74E882ddE303952029bDA21684F0-1779685038655,256813.2807550905,7113777.954236,780,,,,,,,,,
0xbd027484ac08dd72d33de877fdb7b1d1fc59aba7,,256810.82123391668,20434226.78429,781,,,,,,,,,
0xab57cc188d8b0e3938005dcb55960e1768a2842b,big6big8,256808.25255789337,8313770.4094239995,782,,,,,,,,,
0x4c86cdfff0fcff0f6b56a9ddb9f805b4b28f6993,renzent,256781.8501256944,15820857.887600994,783,53811.869766727315,1895705.594351,417.0,,,,,,
0x72b40c0012682ef52228ad53ef955f9e4f177d67,nz7,256293.47158649834,43287502.733532995,784,,,,,,,,,
0x2785e7022dc20757108204b13c08cea8613b70ae,poorsob,256170.1233180442,252400419.6213849,785,,,,,,,,,
0x60073655845c95014a540ae3f7375b15801647a3,AnonHorse,255575.25423996986,7341576.152195999,786,,,,,,,,,
0x4851a13a61c99688c68191e8e8a8755ea5b81e94,big.bitch,255440.30359526287,15772063.482239,787,,,,,,,,,
0xca23f2f702140b5245c517aef5cd9888a6320e77,bbbxxxbbb,255347.292383,1482869.59601,788,,,,,,,,,
0x4f1d5ae26fc31472966e951af3183308736d8de2,e46m3,255342.43498818856,15117444.966185,789,,,,,,,2877.29219173474,24116.284932999995,409.0
0x1fa1be3eab546e06e4290839bf4c1d7abfbf1fa9,ElonfaX89678,254911.74253389207,4250088.141041999,790,,,,,,,,,
0x012267b4a71f2df482223870e94c293d7c66d4ef,account003,254257.58960800004,754137.889984,791,,,,,,,,,
0x1d5638f947558aaf585970117719e8541247f960,ReLoader9b,254098.6871420738,1516922.600318,792,,,,,,,,,
0x2eb5714ff6f20f5f9f7662c556dbef5e1c9bf4d4,0x2Eb5714FF6f20f5F9f7662c556DBEF5e1c9bf4D,253204.5331440011,53794672.046255,793,,,,,,,,,
0x08458f7e9d2858027de579e4c3ca305475496b6f,GollumGekko,252636.29025375267,28048126.659144,794,20480.852286794536,1653128.7489279998,971.0,,,,,,
0xe2cf7f3715640bdda625974ab3d3c83495edd1e7,3111111111111333333333313,252527.90331043265,2664902.7193030003,795,,,,,,,,,
0x848921be10e51b1547d50548a54b38a1778ec184,trevors4,252523.67232296095,3525654.0540400003,796,,,,,,,,,
0xe1055b4b4c1342281bf5cba7d18074f8126f9cb3,Bammer,252429.82161667457,6443346.684742999,797,,,,,,,,,
0x8980903d2a8f27323e4873178c7782d92cc8d4f4,emkayfd,252402.0302040574,3742812.7202500002,798,,,,,,,,,
0x68df8708aadb901618f11abf2471805a66a24815,TKD44,252321.53755270955,5003098.510016998,799,83423.68443511115,580174.2093919999,278.0,,,,,,
0xc8b9a30184244d427169cf62485dde6041b2b836,SnowLover7,251885.6880447024,3096344.667767,800,21644.924025047578,165070.79094900002,927.0,,,,,,
0x3078755a25620dfa7684f9a8b9513017d4473e11,mikuhatsune,251855.75459420975,33104902.573588997,801,,,,,,,,,
0x5d7639ed5fd3c5ebf0fc69d548e1046acd0f9168,yesmate,251413.81306784108,5811835.681495999,802,164395.45847112132,946925.707994,145.0,,,,,,
0x60c1f86859f2724effffffd4cae4bb0259190438,Woohx,251366.90095044966,2994079.678016,803,322040.1075809761,1017320.512809,83.0,,,,,,
0x87c67f878e93494918c1a2198fee747b4a1589b7,0x87C67f878e93494918c1a2198Fee747b4A1589B7-1723130577004,250673.66882579008,7335717.701136,804,259438.1771400001,450226.36,101.0,,,,,,
0x662244931c392df70bd064fa91f838eea0bfd7a9,Peanutbettor,250644.20858262363,4750264.018889001,805,111079.05137726244,2511958.9794520005,212.0,,,,,,
0xd830027529b0baca2a52fd8a4dee43d366a9a592,LDSIADAS,249382.19824,679726.77177,806,,,,,,,,,
0x571dbc37082936b2cb4a26e0d85ca835195d19d6,ahiamarillo,249153.747232,605264.0274330002,807,,,,,,,,,
0xc29629055861879e2b94f31becfe0e23e918c666,amgis,247090.162991,352906.37839100003,808,,,,,,,,,
0x4f2122d5d91257761c15161317f34d52d6640ec5,UShope1,246902.91785382753,2393114.849192,809,,,,,,,,,
0x60c58f40b05649f76b82b71b29200c20b9251c09,xxuoops,246822.05899999998,1323064.20429,810,,,,,,,,,
0x683a1b9966af05467ce87a6af003e3544c13792c,COMMA-luh,246518.688855,7913726.540410004,811,,,,,,,,,
0x65503c7f9e142ac88b1ce09df3363ff77f188451,oieshfn345,246298.57633962587,61678834.410725005,812,,,,4934.169499999994,317298.98926500004,322.0,2959.4871999999987,0.0,398.0
0xe613b515bd46b1585a8b137a4d291d9b80bd540e,Gucky-45,246185.42658830574,142342603.876503,813,,,,,,,21354.596399503294,269405.767254,60.0
0x44fd6c291a43287728329b9b59c0a75c02c9b634,quiteimprobable,245099.09225364722,4375236.881336001,814,,,,,,,,,
0xe0368af7f5777989b927b7ad0d420562fee8616c,unwillingly-public,244995.3681904073,2456938.959693,815,,,,,,,,,
0xdb15fbbcc1a8d1cbe112f7a2d74f6f752f2314f1,molmol2,244585.82042500004,1466964.0295399996,816,,,,,,,,,
0x06ecb7e739f5455922ce57e83284f132c7f0f845,Frosen,244582.1300804016,14459130.688488001,817,,,,,,,,,
0xf6ea56fa38789d4552b8e8a4d11d7f464e6e3ea8,NicholasWickerson,244336.01160122524,3077425.7732099993,818,,,,,,,,,
0x06f22ff6d9362ce82243f8ca594c97485d9c1269,vkvkgjerkgk,244332.8549845672,41109528.711991996,819,26369.039353726348,12133547.575505001,772.0,,,,,,
0xdbb9b3616f733e19278d1ca6f3207a8344b5ed8d,bigmoneyloser00,244261.55934810912,32984269.35813199,820,,,,,,,,,
0x6e021a82c12e01886444ab3e918114faaf11d70a,NonTificant,244203.30356244787,17520394.668335,821,132323.22991813067,3250353.371812,184.0,,,,,,
0x73afc8160c17830c0c7281a7bf570c871455b880,0xb0E43B885657a33B347A4af1D05Bd5f3c3A7E99,244198.98813375912,5256957.561644,822,35321.67782178851,845383.2945569998,603.0,2778.316091740524,181359.543296,539.0,1204.7802524264923,42350.656332,870.0
0x971a4bb4c480c7bbee0a4e1bee72459b21ac447d,0x971a4Bb4c480C7BbEE0A4e1BEe72459b21ac447d-1778884311892,243918.89371598043,800572.3304300001,823,,,,,,,,,
0xd0ee8005ad44501453bd5ee31ea863b1b038b834,izebel,242990.1617684797,2231157.003267,824,,,,,,,,,
0xda3a9b7afff7b44ad4fd75308723194e0a11381f,Gooooooollllllllll,242659.51479486786,12801238.917630995,825,,,,,,,,,
0x6a14233fb22785b5f147b260eef824d26ffae79f,monjkhkh,242640.33068757175,3826133.267648,826,,,,,,,,,
0x88712ac5d0f65592fcccb4708523c8fa6ee5830a,nogamblenocrypto,242552.36544972012,39252515.937494,827,,,,,,,,,
0xfa1991cd8082174eedce066381c6565d6fbd4f3c,TES-BDD,242476.7714765696,8658374.653301,828,,,,,,,,,
0x4e820a4b31acc9d0649fdef68f9239f0c997b85c,Sam18383,242064.3421231207,2891202.2089029998,829,,,,,,,,,
0xdb32d3d83ec2638be539f768e31a3cc89250b646,0xdb32d3d83ec2638be539f768e31a3cc89250b64,241797.32535500015,12229181.287095,830,,,,,,,,,
0x2e29fc8a478a458d63028c88f3bc1e89bfa66572,SpaceNatureStone,241140.55781499064,869846.614032,831,,,,,,,,,
0x906fd5683ec51f215164f55b06bbee2b0f1288b4,Moneyloverman,241131.12758587592,29670285.105303004,832,,,,,,,,,
0x83d9c8fe37f1b5141f3219219403d87f4513651b,4buc0,240984.48325911482,9112095.177732,833,,,,,,,,,
0xe52c0a1327a12edc7bd54ea6f37ce00a4ca96924,aff3,240802.28575819806,14218383.298729997,834,,,,,,,,,
0x335592400e402c26583ce8b56d12605e9548a126,ranger44,240494.74730022263,3479572.6869929996,835,,,,10226.154130192992,188292.157744,138.0,2928.8803917939986,187609.78,399.0
0xc6b13482e72f656519705d792a1f25587a6c78fd,damed21,239694.89961312505,7955484.487356,836,,,,,,,,,
0xc7d02944a76b9f83b199e9090ecc92c82d241f8a,0xc7D02944A76B9F83B199e9090ECC92C82d241F8a-1776944395495,239638.13773928964,15935361.32866,837,90571.69655439915,4987262.987675998,257.0,,,,4762.858470130823,173110.636251,256.0
0x04a39d068f4301195c25dcb4c1fe5a4f08a65213,lstxx,239493.9695,551961.00896,838,,,,,,,,,
0x4a64afa45a44a01890c2161be88d2b44751d4430,0x612007DBe58150122F839fEa096144c9PPCe21fA,239149.51517010407,21595317.234079003,839,,,,,,,,,
0xc8809a2756d80cbbf5c81a685f2ce113b3242c56,evm,238730.79847426002,3223552.941628,840,,,,,,,,,
0x323b16159312f463c45b3b02ab73c11ec17f9fe7,323b,238586.92512128738,29185465.799339,841,,,,,,,,,
0x659b7429200709bc5672609ca3ec00e6dcfdffbd,predoctora,238514.9844,289476.66826099996,842,249858.48453611447,13526.09692,105.0,,,,,,
0x5739ddf8672627ce076eff5f444610a250075f1a,hopedieslast,237855.05436845828,10160630.519238997,843,27174.21049141215,227299.674529,755.0,,,,,,
0x0435c4f3f81821697377c3e51445a5af8d217ffc,justapeeedoubleyou,237548.073383,529452.9648559999,844,,,,,,,,,
0xeb25989daa631877d17d5555a3386e2cd73523e1,TheEtherist,237507.368675,536836.742566,845,,,,,,,,,
0x97e12cc7391a50e49042b44a2d4a0cef54c8017b,BigBlackGorilla,237429.80276094523,24621787.626980998,846,,,,,,,,,
0x008bf350637ce1ea308b3622a0d44116f9f3b476,PollsR4Dummies,237217.31005859657,1927842.1681119993,847,,,,,,,,,
0xa8b202e6e9a4c2091b6860f1f5c9e9119bbc9a39,CongMingLabs,237118.21586045995,67596326.71946698,848,,,,,,,,,
0x43440ab002eaac9fede6f9d21bea96d84228f90d,M888,236886.09555611902,11052253.977466,849,,,,,,,,,
0x5ba14fa6711907d8f34b7903a94fb533a0c61171,comical-3278221,236387.8886150295,1370181.2850229999,850,,,,,,,,,
0x14a1147ae7d206b835c1ee8f901e4e2eec111149,Nuriols65Cuba,236123.22238218976,6981506.833442999,851,,,,,,,,,
0x5f390e4b7d6f06d6756a6c92afdbf7b3176aa78c,oVyg7f,235899.71236842143,44837179.876635,852,,,,,,,,,
0x88f46b9e5d86b4fb85be55ab0ec4004264b9d4db,PBot-1,235476.41929840948,21073059.183164995,853,,,,,,,,,
0x02e7f29f3e612a95a9ccca7131ce7dd5d56b59e5,CAR-GangVersion,235439.5206713946,80279005.06725898,854,,,,,,,,,
0x07046535ff9a910d7343a2c319a3e62234621858,HH168,235398.3210841494,9796560.922454,855,,,,,,,,,
0xf5fe759cece500f58a431ef8dacea321f6e3e23d,Stavenson,234939.83695361123,5650599.380704003,856,20165.53189256176,531789.5425459999,988.0,11923.941397548537,166469.60171199997,111.0,7601.47808785626,44886.01584799999,156.0
0xac0db77fa0f064601f5bcac4c0f1540481efb006,0xAc0DB77fa0f064601f5bcAC4C0F1540481eFb006-1761211599915,234615.23859999547,2186413.8877129997,857,,,,,,,,,
0x6fdc687773d4ba8753ea406f4eb2a403051a953f,purple-lamp-tree,234403.99230446643,33746114.24737891,858,,,,,,,,,
0x506bce138df20695c03cd5a59a937499fb00b0fe,a4385,234362.88173230502,2532908.4134899997,859,,,,,,,,,
0x38507eb687f0a07e4d8a23a3c96a01916f0fc4b4,lmeow11,234054.6246029195,5542243.294194001,860,,,,,,,,,
0xecc7c4d75bd75c9b9bec87e5599681c58178fb2a,Ringg,233771.7132,432910.58,861,,,,,,,,,
0x2d99e29c4f066ba32098c65e4c7454b277d94ca3,scout,233216.15951514224,47407323.023699,862,,,,5349.061571554105,225454.340428,290.0,,,
0x4c9df37296cbf4399cad2283d3f3b8ef7e1668dc,0x4c9dF37296cbf4399CaD2283D3F3b8ef7E1668Dc-1738251871217,232818.079169989,2066772.7938490002,863,,,,,,,,,
0x98db8cca55c32b24cfb414b5b43d273f4e1fdd17,Eulhunter,232604.95380978702,28935981.413661003,864,,,,5724.701873551821,391368.235695,266.0,,,
0x858d551d073e9c647c17079ad9021de830201047,flipfloppity,232526.618076558,3822790.787909,865,,,,,,,,,
0x6c3dd5b6b3c500ce7c217d7dbe6be52c278ad5e4,spain-1.5,232388.68779999999,315563.54000000004,866,232388.68779999999,315563.54000000004,109.0,,,,,,
0x40604cb1f958c03bea0b18aa43e4cb0d62f33ec3,C03B,232061.8110068738,27209208.047950998,867,24897.930206233246,4985489.351133001,822.0,,,,5459.427824939874,183728.615268,226.0
0x2326812917a7bfecb485bb768007c910ea31ab0e,upp,231896.60152472815,28632510.775882,868,,,,,,,,,
0x7789806c754eb0af4c3abeb026c218b4ba78f823,VibesGreaterRules,231739.00016435544,102720724.87095997,869,,,,,,,,,
0x29d683970afb6f722ea1f9d4417c7ee7057cd57f,Labtrador,231695.30377092402,6716854.103459,870,,,,,,,,,
0x5d89ad75f478bbcbc5cee98541288320d8eba2fe,Turnaround69,231658.08398975644,1627402.743485,871,,,,,,,,,
0x1a29b75d4bfb5d62b343e4abdd10b60c0ce19b2e,Casablanca10,231527.0693634437,5610503.550438,872,,,,,,,,,
0xa83be3f6a49604556f45089799f2b2096e71def4,ssd12199dfs,230905.82254480736,216990.03594600005,873,,,,,,,,,
0x132f78734e5fecba945c24d5c49cd84d8c0f453b,TurretOnX,230890.62069384812,2893911.902909,874,,,,,,,,,
0x96c4b0f5d839f5cb44ae07762441559ee2c2bfde,2024.,230460.91391213404,12482712.358389,875,,,,,,,,,
0x5388bc8cb72eb19a3bec0e8f3db6a77f7cd54d5a,TeemuTeemuTeemu,230312.19276223533,5810799.119893,876,,,,,,,,,
0xd202bf6d89dc6bab1b9f00ead175f75466348973,meoooow,230043.90038987843,16370340.235089999,877,59086.53267444827,2922310.694661,373.0,29058.651102000236,292992.340456,51.0,23479.285903000244,74869.463118,53.0
0x2e3c40fa47b27c676ddd573064162f57d51508ba,BookWarrior,230013.09986475587,25305343.339399,878,30801.63695828512,5554516.614359,676.0,,,,,,
0xc1c9269e2fb298be48a6842eb4c1a3b5f3b696d9,VerticalBar,229831.77246606853,1988706.3467379997,879,,,,,,,,,
0xc0a005750061e6b5c5699c395a09fd238116ac10,0xc0a005750061E6B5c5699c395A09FD238116aC10-1749642840055,229820.572997,447250.8380120001,880,,,,,,,,,
0xbcb6ebb4368dd51722d68d25c740cde2ef5fc7c9,Spice-511,229012.55814527662,29905602.215419006,881,,,,,,,,,
0x4762c329459b5bbf87e9fc9f65749efc7086ba70,1of1bray,228840.32016938095,3053343.5138319996,882,,,,,,,,,
0x00e2d8f88b39d9b430c136c679369f41101cd56a,bobbyboba,228677.53225494165,53315262.92733399,883,,,,,,,,,
0x7e5d2991c2647de2348287e2f499329fc6a6c4c3,aswfadq1555,228580.15189088127,20456285.398083,884,55186.803961579106,5274529.629341998,405.0,,,,,,
0xff34c2cc46e7624310f3549ea355540d57a4694b,,227969.8600346382,21789102.922389,885,,,,,,,,,
0xbdb0e406400033ada6ffe03f8915b5e23873f8ba,8a7sh2,227282.6782532714,5967548.373955,886,62994.37750857914,1940146.5962889998,358.0,2533.849595000007,281796.974878,591.0,2533.849595000007,61132.467177000006,457.0
0xa9b44dca52ed35e59ac2a6f49d1203b8155464ed,VvVv,227023.5235832929,80927633.85917,887,,,,,,,,,
0xf9c1190aa8184bcbe418e6f5321c53b0bfbc39e2,AdrianCronauer,226599.8053052578,17499501.562284,888,,,,,,,,,
0xe1e7036279433715711a65fc3254a8af558c5fb6,0xPolymath,225609.3231835214,17297807.652404,889,,,,,,,,,
0xd1ebe815f921b3ebbd8d9e0a4192c6ab18360f5c,0xd1ebE815f921b3EbBD8d9e0a4192C6Ab18360F5c-1772214308773,225564.6536515298,32765521.506672986,890,,,,,,,,,
0x7aa832fdc93406ea5b57b4382a7ca200d6c056db,rakqpmcx,225529.91516215954,18439914.811658006,891,,,,,,,,,
0x325f64edd42ac179213e12bc2a8c4f00764dd8ac,YAY-409,225446.7592046316,14263225.687681997,892,,,,,,,,,
0x5ad5c4608c4661361b91c92e1091d2c5b43c37b9,roberto73,224973.30286429904,2444983.3342839996,893,45295.097079296655,352344.33384300006,481.0,,,,,,
0xf0ca28d5b0141f0a8e7b251dea80fd881cb166ed,Hauchn,224662.6407280255,7178439.020419001,894,136570.03812248076,729991.7166230002,175.0,,,,,,
0xbf5bf2730e1d679eb9d6ee37ef48d03959e823ca,rbczz,224547.8041069347,19848565.279645,895,,,,,,,,,
0xf3c73f43afd680a35b4c65af727ebf7a495dc83b,Swooferdeluxe,224020.86979476613,20015840.694296,896,64332.71595949432,318936.16399699997,347.0,,,,,,
0x2aac99d0ee5b8d95fbd48e16ce37d90bbd7f1b36,lijialijia2020,224004.7104132652,7142662.075093001,897,,,,,,,,,
0x6a9b04663e24b275bf6258a53976eb1a516e4d6c,slurpslurpslurp,223563.33618648347,16068306.710810998,898,,,,,,,,,
0x94dc571f4b0d73ac86c23f6e52b4d1810ef6c779,justazubr,223225.97634738314,7255705.120639998,899,,,,,,,,,
0xa9650fe4301f45e7f090ada7252f9c1268183565,0xA9650de4301F45e7F090AdA7252F9c,223155.38209893618,35692610.18308599,900,,,,,,,,,
0x777d9f00c2b4f7b829c9de0049ca3e707db05143,05143,222971.63736097224,32103095.19234001,901,,,,,,,,,
0x7a6192ea6815d3177e978dd3f8c38be5f575af24,Gambler1968,222185.30087235544,5129130.108251999,902,,,,,,,,,
0xb2d7cebe60e8e667b177993e382ff3b95b81312c,Gilmanor,221982.6439828904,1774264.01411,903,,,,,,,,,
0xf5f232033c51448e17ced9f2ff7c91b78b620234,GP18,221561.467662151,11208340.079768,904,,,,,,,,,
0x1bdd0465aeb11a771950c8d44c71b60f600d23dc,0x1bdd0465AEb11A771950C8d44C71B60f600d23dc-1771877952086,220727.1887942369,2294036.9566740002,905,,,,,,,,,
0xd5f52231d2af24bba8021dbd102c2bddfbefea4e,,220566.23722499987,12910786.649687996,906,,,,,,,,,
0x9db82de5a71ae539bc82f4d9ac3a007c7d742eff,sulumos,220011.37898079323,7528447.486145001,907,178100.77906104576,3515143.2909489996,136.0,,,,3891.428046348912,124946.83436099999,307.0
0xd456646742a36c1d92f0bacba8a38d5e69157e8f,account004-324,219739.17663,659328.956486,908,,,,,,,,,
0x551c8f09fffa54889974a101e2af2b92c13dfe91,retarb,219645.5852884427,4766191.232886001,909,27661.04391336081,1349033.511852,739.0,,,,,,
0x05a381bab88ae0d4fdf818d7c222653980892672,,219489.43251322838,4856626.102106,910,,,,,,,,,
0xa36fcb6947c4ac1f09ee894aa1fd0756b90e180b,Shori888,219371.33178126343,1820200.5806459994,911,,,,34468.33211799996,121516.276144,39.0,33588.92652299997,67898.997943,30.0
0x52b4c780a1235a767ee188dd1887a196714834a8,howboutthemcookies,219249.02760227915,6326717.427561999,912,,,,,,,,,
0x23221712c1a21c104c5d32d82ae4b4f79e2913a3,timoty20,219031.649246,504206.53410600004,913,,,,,,,,,
0x8c818a866e6a4e5821a4faac8418903e33e3dcd3,Sharkbets.pro,218858.97177207345,8330282.037261997,914,,,,,,,,,
0x674887d1ac838099a48b629dff53f25b7b87ee08,nj23adsknml3,218785.6844328606,14884103.825733002,915,24525.567345402873,2308351.2178899995,837.0,,,,,,
0xccf25be5f62cb1e2fbdc6b0392aa50584e6e41b7,dqp,218658.2122194918,29944524.587159004,916,,,,,,,,,
0x80584be01a1dee8df189954c7413d0319139d023,Nyanto,218635.6977753883,4081959.949545,917,,,,,,,,,
0x61276aba49117fd9299707d5d573652949d5c977,MuseumOfBees,218412.28502555095,41859729.297258005,918,,,,,,,,,
0xdbf16bcffa41bd95faec2640daa2c95ab2bd86b5,UnderperformingForALiving,218386.81906817202,40519738.341767006,919,599032.9706326106,3294492.7127619996,43.0,1569.1058612659021,3398.738822,928.0,,,
0x24b1e0c01d30b6e02a4de1ee82011a69893248ee,masuclinehat,218165.37249084667,14944152.500796003,920,,,,,,,,,
0x1bfdf7224c358405a486b5fd8489f13c2adcb5f3,Rainiak,217253.955976416,47712278.85175101,921,,,,,,,,,
0xcb2952fd655813ad0f9ee893122c54298e1a975e,willi,217220.56314043223,1095311.339334,922,,,,,,,,,
0xd7375270e4769d3cc31885773070a5f12d5bbe95,Fernandoinfante,216982.52912760337,5915865.599609,923,,,,,,,,,
0xa2b5bafa01d0f81926a2a88e5628a95b59fc4582,BruceWayne77,216823.796658055,23866869.938663006,924,,,,,,,3278.29786259908,33415.091775,367.0
0xc284a6a980e12412923a91e688795c7b9a3655db,666eeeee,216451.59599263963,616787.978196,925,,,,,,,,,
0x47ab026767cc320ac6e62f6ec747d59cf4d795df,bosshog,215971.83518825634,26671759.011276994,926,,,,,,,,,
0xa45fe11dd1420fca906ceac2c067844379a42429,guh123,215900.73145297775,51535235.34894001,927,,,,,,,,,
0xa1d75a199ef084ee3ec9ae60dc986b439fe6e17e,TimeQuestion,215769.80804555042,177915601.31076193,928,,,,,,,,,
0x1f7105a18d9f36aef7c83e5df210e57cf487b2e4,Benymokambo,215634.59207596982,5562700.810492,929,142934.20316409608,3609906.291469,169.0,2872.6457001970266,224873.12846299997,523.0,1686.6649780000444,51921.85,658.0
0x7d5c8d502cdc2084d523d0138c1a2ac3165b0182,JohnLeftman,214910.601771871,15525921.992191004,930,,,,,,,,,
0x4c0340f93e3c590118fc6e35215d51ce7dc80cc1,terminalline - 20450,214081.8586606617,26600696.819028012,931,,,,,,,,,
0x20ad75e19b155f8518eb9e0486158f9884879c9a,anon-fake,213681.03030151624,18353546.81384699,932,,,,,,,,,
0xf3ef6ac0510c9eabc42fbb146b5c3c64edc1ca6b,239393828,213645.62412573324,31063683.896034006,933,34431.91006064543,7562361.563313998,617.0,6418.8947207664605,908523.62677,231.0,3215.242119016999,349512.594818,372.0
0xcc3e87226912d35893b678eaa8a39d57b6fe37ef,LadyLuck2,213585.79463883213,6137957.551987,934,,,,,,,,,
0x75253f58071564ba95f36258fcfb1e918552cde1,cynical.reason,213547.69879593528,7332506.845786001,935,,,,,,,,,
0xebc0df15e665da95bf819105b723ae90042ffa41,EdwardLewis,213514.3310895956,22291326.507466998,936,,,,,,,,,
0x1c3cdc2caa24eeb9434100f82ac32c22a26b1b01,frenchlaundry,213254.24765167484,7679146.462492999,937,,,,,,,,,
0x36901eb0f21519cc9055662a6d2483e96da1e16f,melchior1248,213241.37171497036,27601988.978019003,938,,,,,,,,,
0x274c45994bfa0912cf8bee503190952e6af7da86,0x274C45994BfA0912cf8bEe503190952E6Af7DA86-1772189577856,212876.00195519024,1022432.720952,939,23823.81455866534,51759.111121,865.0,,,,,,
0x7e97bd09c2ccc632fb728d91b7c37d8ec5f34d54,lfg321,212520.587502767,47658783.617627,940,,,,,,,,,
0xc0402e527a464e782bca96f802c77e5db8d8beac,23449,212496.79333867368,6318809.155959999,941,,,,,,,,,
0xc9d215499f36c66f6f7d9c8e712731d9a7ebd11f,BBP,212294.35724600003,417251.759553,942,,,,,,,,,
0x20d6436849f930584892730c7f96ebb2ac763856,0x20D6436849F930584892730C7F96eBB2Ac763856-1768642056357,212258.45766082796,47232451.156093985,943,,,,,,,,,
0x1ef153afde69f29e7803cafef81a577b8b103713,daepart87,212059.92419884485,1834326.30746,944,,,,,,,,,
0xef104cc70851a4246e8e06790d7fad9708190b43,fiankee,212028.18956293707,12160702.606379999,945,,,,2360.994945544924,21070.568923,640.0,1649.1650221675518,10125.818922999999,672.0
0xf4baccff188321440a1ed01a5d5fd89c3e1f5933,Treadmilled,211889.97745239086,13324201.834856004,946,,,,43702.5516591765,194853.274698,30.0,42966.219683645,6710.7300000000005,22.0
0xdaef2be2a19ad331737d06545f85615b094554e9,UCF-BIGGEST-FAN,211730.3902492477,15737590.721767,947,41900.97763205497,3460887.2032840005,518.0,5384.300927608582,408577.505824,288.0,,,
0x5e222c5667c429e79d0e36d580ed1110cc923993,0xeccdededcc,211416.41103557928,17909516.463882998,948,,,,,,,,,
0xd99f3bec8e060ada0aef0c4057695dd5bc22fcdc,NotBakerMcKenzie,211400.93503276596,93617757.60040902,949,,,,,,,,,
0x9524e6caca4da8aa811b57564a0a5a6d9fc286cf,Crock95,211350.54680670667,5680750.059386,950,,,,,,,,,
0x220ce36c47fa467152b3bd8d431af74f232243c8,numbersandletters,211284.11134187572,9078963.616127,951,,,,,,,,,
0x336bf6f91a4619d54f0711a20fe468adf4d71233,ArturitoFilito,211235.8997116063,24011876.05897399,952,173487.48803854722,7242486.577911001,140.0,,,,,,
0xb47adfafc08e77ec77b03a6d1496066675ae6d60,0xfree-money,211230.44666197017,1332169.2767069999,953,,,,8968.061459679986,0.0,159.0,,,
0x66fbe4344c1a9f6029a4e40ffd5ca7848e189f72,0x32CbT8814d8F7C2125A3c43FFD3Ca78F1E185b25,211158.28692817636,14635725.640462002,954,,,,,,,,,
0x5fbda3012b33020fd58265779b2836575d8cfb37,6557a,210658.41373575758,8921516.435362,955,,,,,,,,,
0x75cc3b63a2f2423085e10706c78b494017b93ce1,,210359.73567257437,9297843.724518998,956,,,,1758.399096119072,262617.4235529999,837.0,,,
0x92d8a88f0a9fef812bdf5628770d6a0ecee39762,pfk.bgd,210341.69543536616,4078885.0708320006,957,31338.44963770226,202893.40496,667.0,,,,,,
0x69378489c322133b285a669963d058dd5c5c085d,hotdog44,210313.7927088646,2411810.0834869994,958,,,,,,,,,
0x6028325fcab0eedbbf7a3ea0111e9391adfd10ee,enokizu,209831.42899308825,4958692.589422,959,,,,,,,,,
0x8806a6f1a847ba4360599ce0f54ce96167712e83,spendingmoney,209769.4232173255,9271477.350220999,960,112975.82535732343,4101015.651491,208.0,,,,,,
0xad3e2be07448adf31ce8a2e3c5c24c8ca6fe4422,buffalobill-789,209673.95878685347,7329296.510748999,961,,,,,,,,,
0x6832c74809f5b0ace45acacfed7ffa9195b0831f,0x6832c74809F5b0aCe45acAcFeD7Ffa9195b0831F-1773664958328,209646.82706496672,11135592.379358,962,,,,,,,,,
0xfc2f4f50ce2f6045d35558a5e2d8d4b2ac6610c7,0xFc2F4f50ce2F6045d35558A5E2D8d4b2aC6610c7-1769097007451,209394.35372519845,53635728.400407,963,47636.34974025792,1468879.1360209999,468.0,,,,,,
0x2974bd0059e48f215c391882976e0f1b4c8c9c23,65765757,209344.7701335576,7113608.619154,964,,,,12630.326675192067,200205.14882300003,104.0,,,
0xe0229e10a858860218b6132f4234602c47bd6603,JetFadil,209209.51760196,18882882.323269,965,24842.849483790254,2345428.94,823.0,,,,,,
0x3da89a55cdd4b5c69f80e5cd3ef1782a3e0480c3,0x3DA89a55CdD4b5c69F80E5Cd3ef1782a3E0480c3-1777119032461,208975.3726851142,5551467.017527999,966,50806.53783031264,1711650.9817569999,451.0,12901.525341658475,139543.011322,101.0,17429.744611375827,62128.138263,74.0
0x5d1d9cfd66ee3068c2a8a57dedf1e1b006dcafd2,,208929.24219128533,25420268.773449004,967,,,,,,,,,
0xe3084ecc131468c9e12bff1a6f66a90a0cc225cd,melonaire,208710.31707962224,11764245.337899998,968,,,,,,,,,
0xb1a279adb096d316b1b168993e8ed976d3cd372a,TwoEyes,208598.9916118043,16014195.386608003,969,,,,,,,,,
0x904ed7c7820a434ea9b11e7333ed69190d850bec,RandomGameBet,208572.3815949594,25965067.85722901,970,29725.245738211346,5662776.175376,689.0,4208.732459829277,746578.6970900003,373.0,1677.5070417209718,276840.963383,659.0
0xf7bd9f758e100426a134ebf6d7f0b2eec90f2a37,RRRPhantom,208284.05552167504,8880997.517080002,971,,,,,,,,,
0xa7b38015ffb0f3fe69e3a71d904ff9f3452892f8,0xA7B38015ffB0f3Fe69E3A71D904ff9F3452892F8-1742507298572,208280.8494347111,1729279.853587,972,,,,,,,,,
0x9ba8d25a054044bb66d0ca4e250a16dbfb64cdb3,GoldenAlpha168,207579.31951327808,4955515.901695998,973,310156.39429388515,1297157.6272230002,88.0,,,,1158.897272089962,0.0,904.0
0xc631d9d610b9939f0b915b1916864e9b806876f6,EGH,207066.57562069446,12640688.426540002,974,,,,,,,,,
0x23c8a4c266d10ba5846837eac391fea89ed6f293,Netrol,207033.4237726746,17230577.9777,975,307445.4674257608,1737704.5544949998,91.0,5208.205642056331,409889.962635,301.0,,,
0xec8d7bf83a1db5f06b9535985e58ffd17708dd71,gardiner,206830.88128339476,6093221.4765139995,976,,,,,,,,,
0x1c144e30f405a25f991cbd8baa15d40599090869,bernardbulletin,206655.40318214268,5198139.769586,977,,,,,,,,,
0x37c94ea1b44e01b18a1ce3ab6f8002bd6b9d7e6d,abrak25,206199.25617571909,14586029.047484,978,,,,,,,,,
0x71ca04d689bc38c5e4dcda8a4d743f279c5a3501,Ronaldo2100,206102.71168043048,12723928.321175002,979,,,,,,,,,
0x6b3d278a0a62230364f55f1684ad24c1c12d76dd,sigh,205955.59930048508,21757672.037228994,980,,,,,,,,,
0x9fad8308ef6b6ed5320e53a290a3bd4ad91f5a9f,Dingwin,205917.47801451568,42689701.65929999,981,,,,,,,,,
0xad2b18343919cf24b56b6f822360937ab322f091,b324u,205559.4053769023,5884585.978974999,982,27350.87670600001,75990.69999999998,747.0,,,,,,
0x4231e98f3b1044c3b34bf19cb27b9441d157f63e,Pahzek,205377.02721215633,12306537.294169998,983,,,,,,,,,
0x15ae79d7cd60b2a7f06ae46eb4c7a0eb16096ffd,humiliating piglet,205139.03739360065,370356.173336,984,,,,,,,,,
0x1986a3e555dd2a334c33c34b0168170cff54ef06,luciousleft,205089.37642812444,5661161.2145690005,985,,,,,,,,,
0xd44e29936409019f93993de8bd603ef6cb1bb15e,sherlockhomie,204947.0225988874,110879075.62710997,986,,,,,,,,,
0xee148cad5504462909bb8f50878990712e4b8055,skkjhgda,204810.4176925873,6231355.9375640005,987,,,,,,,,,
0x68558d37cafd9e6612ab32863f55ccdd798f655a,25xp,204792.05184597388,1049336.555567,988,,,,2904.6342734000064,0.0,512.0,2323.707418720005,0.0,493.0
0x0540f430df85c770e0a4fb79d8499d71ebc298eb,brr69420,204498.19218933635,105391811.227319,989,,,,,,,,,
0x912a58103662ebe2e30328a305bc33131eca0f92,ratue,203526.7233919181,14232115.956675999,990,,,,2011.8136239135492,80651.240292,746.0,1320.8026547440497,20670.594345,787.0
0xfcf2378f20cf408d077c21e731272f21cccea469,Roflan-ludoman,203411.03695728042,30736387.214189,991,,,,,,,,,
0x424eb20fcd25113e3b98f42522a54580350b263b,0x424eb20Fcd25113e3b98f42522A54580350b263b-1774330621025,203143.91745187074,31361756.677670002,992,,,,,,,,,
0x4f798b911568ff98e6e05c6f32bb62dc1ce9020d,Toro1-995,203072.92501957522,664155.6366150001,993,,,,,,,,,
0xead02f1568144be782d762e2b6a719302830f3ba,,203040.71709108588,33611403.855243996,994,,,,,,,,,
0x45c9c799e0e6ddf19c50e9dac5ab5a925f9b414b,Uzim000,202972.3615,512880.065,995,,,,,,,,,
0x4cbfc0c337dde457f7963b62fb57678ca1286cf0,Luckygambler,202545.98154446777,1546128.914798,996,,,,,,,,,
0xc4f8b9cfffec674b34ba2679a920ef5498ec96a4,feiqiu,202495.8836725981,775901.8434369998,997,,,,,,,,,
0x27653cd5aab78f00563f50a03c12504a9b877ee4,ColdW,202416.97280339606,14135675.812227992,998,,,,,,,,,
0x998154d8eb4ba7c4b34b10d76b9742d922d7dec4,EscalateFund,202217.7755593325,12874595.871766001,999,,,,,,,,,
0xa8cf2ed8751f4e58ad039e1b68a8b58b4395031f,,202116.004425,0.0,1000,85547.41699299993,0.0,272.0,85547.41699299996,0.0,13.0,85547.41699299986,0.0,8.0
0xd9adcbd32369f4335885d6b8ffafdd2522a3a55c,0xD9ADcbD32369F4335885d6b8FFAfdd2522A3A55c-1775785513253,202041.25177,865634.4152200001,1001,,,,,,,,,
0x54525ee78bd513b0bf75f94e560158f6fc35d448,DavidShekel,201810.35683923392,19726191.016482003,1002,68885.86432528707,2474964.091252,328.0,,,,,,
0x537494c54dee9162534675712f2e625c9713042e,q44tech,201793.20042030854,38771135.879102,1003,,,,,,,,,
0xc0ff6a9ac424210cf218fda5c5753324c34a9953,Runaround,201582.85577545536,7130994.1802969985,1004,,,,,,,,,
0x5924ca480d8b08cd5f3e5811fa378c4082475af6,late-to-tomorrow,201370.00096142653,9326231.135604002,1005,,,,,,,,,
0x21d0a97aac03917e752857a551bbe5103a00e8d7,PBot-6,201339.53226787568,14473281.122332001,1006,,,,6200.404479911813,202135.53793000005,237.0,5046.083859371254,54167.55078099998,249.0
0x6c979ffcc3528a5d2395a2f7c89135711da0988c,7G-MAN,201106.5246837418,33176075.500188,1007,,,,,,,,,
0x1b5e20a28d7115f10ce6190a5ae9a91169be83f8,565s8d8g89I98fd99ww2,201075.2635234288,9792048.054933,1008,,,,,,,,,
0x067f7f6e3d5363f1cf962499d1be2ca6de8be041,SappySeal67,201024.8676311728,78558952.816188,1009,,,,,,,,,
0x80a0da00fbdc8440b0ef601341f14c3e24795708,de5nuts,201017.3109477531,7300690.7080689985,1010,32093.90971533831,585009.013794,657.0,,,,2644.576043827614,23073.555526999997,434.0
0x02295cb6e8c96e8e9c66044d0f102438cd81ea6c,prematch,200841.61839133425,2637995.5290929996,1011,,,,,,,,,
0x60a92c8620846d81f5ea17b0564e0d4b7c545a71,paddaa,200816.30229357368,11791054.464381995,1012,21253.913812428225,1079309.5109529998,936.0,,,,,,
0x2cc0cf0cc582efde79f3f9fc2b0cd7fa5eadd2d0,0x696,200806.72589999996,1010114.55536,1013,,,,,,,,,
0xc23dc0eca9e1c2e293de8911b9ac254f0bcd82c8,ZaiZoiBele,200393.41498295285,13293000.553015001,1014,25454.8781410845,2541801.0290010003,803.0,,,,,,
0x122b758a408246a180efeb5ba654e21b553fac59,6kke1t,200014.9130546817,11308120.492984002,1015,149152.150306996,6016051.583763001,161.0,6734.082713357086,258666.912345,216.0,6734.082713357086,258543.482345,176.0
0xde7cdcab3e0c5b0e8315da358e80c7d80a12c933,thebug44,199877.74616100153,7071674.871687001,1016,,,,,,,,,
0x6157d529ae129fe08f22a27ed42e741d2eaa9fb4,DaBossHogg,199840.0195354312,6758943.214436,1017,,,,,,,,,
0x5234c8687fbc415e8c255b3a90afa8cf47de4c4f,0x5234c8687FbC415e8c255b3a90AFa8CF47de4c4F-1777743586273,199800.32792937057,3816435.3882239996,1018,,,,,,,,,
0x3c3ff2c7c85278fd53ef0bd6bed3bfc9ff2e75cf,TimmyTurner123,199674.50347042154,3721690.2749350006,1019,,,,,,,,,
0x82d2e4dbb0a849ff8e2f5380719769145648beea,lma0o0o0o,199225.80791555526,6095011.350153002,1020,,,,8691.4368554494,175607.783408,163.0,9640.025537066569,131267.654057,125.0
0x27b0dceebc77ebc59573b818144743b9f1a2209b,yuahldj,199189.24823679,984413.2660500002,1021,,,,,,,,,
0xc44f432b014f36679e13615f95996eac32bbd49f,Zywoo123,198947.4085817939,29645345.616311993,1022,,,,1972.7186565789452,110767.713987,758.0,3909.5818661789526,49958.739858,305.0
0x52911b9d1d9da4d4783fb3280c0ccd6e73f0d4b6,0x5453da42Cd33b0ED6B796d03d2395f278C779F9F-1773916108628,198746.18553638633,3658093.6851089997,1023,,,,,,,,,
0xf6683d202f76fc9b79e5be716ce8519dab5b5c69,0xf6683D202f76FC9B79E5BE716CE8519DAb5b5c69-1765800503123,198697.57695203775,31069905.887836,1024,,,,4688.277067543007,177259.55000999998,340.0,4571.4579123099975,57999.98622100001,270.0
0xac75b6e590720a394364f2a1580b68a2fbe51319,monkeyfish69,198642.3555044046,9922618.285090003,1025,,,,,,,,,
0x1f9e15f39bbd5d163b0eacf0fbef647ced9e4f1a,JustAnAussie,198340.8354609436,1924227.9695749998,1026,40157.68659830361,509751.52407999994,537.0,5945.982039838288,79930.966263,256.0,1594.6109909225834,20911.537868,687.0
0x784feec38475dc47e63c3a16cbd24b905dab5df9,diadjaid,198280.3809237848,15251347.110365003,1027,,,,38516.54803534413,2100.0,36.0,38440.556253545175,0.0,28.0
0x088ffbbc6f2c0b3839d2832e75f37e1bcecbc9e7,MisTKy3,198169.21813274472,35566578.07783902,1028,,,,,,,,,
0xb9fc8078fd6c0275c631ec10fcf8d5cc52d6da76,0xb9fe8078fd6c0275c631ec10fcf8d5cc52d6da,197489.59253658916,30785812.511750005,1029,,,,,,,,,
0xe1000ddb5f5025849765e29d051dfff78f5d4d41,TopGleaguepick,197321.62846719287,2571225.226276,1030,,,,,,,,,
0x6d7776a0f954be1a7c975a1e8244de6268f7b72c,humanbeans,197131.5359554671,45514068.67573399,1031,,,,,,,,,
0xe3726a1b9c6ba2f06585d1c9e01d00afaedaeb38,cry.eth2,196925.36026188498,125354492.906202,1032,,,,,,,,,
0x48ac40fc545cf327edd5365435c3a9f385614a7e,BoneOhio,196844.80316869964,31393809.351434987,1033,76076.97486695406,7570407.547024999,300.0,8342.402163100109,1726286.4863890002,173.0,6250.413106232067,603735.7378940004,192.0
0x98511fc5bd3bd0d55342063a477eb07ab500b49f,wanyewest69,196771.06915545405,1338783.4877550001,1034,,,,,,,,,
0x51dbdd2b19427dc8e88bb15a4046a38d8427f9b3,0x51DBDd2b19427DC8e88Bb15a4046a38d8427f9b3-1769514699917,196599.58546823263,51632497.469844,1035,,,,,,,,,
0xe62d0223966f7cee8cc77065150a2db417bcc34d,0xe62d0223966f7cee8cc77065150a2db417bcc34,196533.58725255146,15283857.684621995,1036,,,,,,,,,
0x8f7a4b414417911e7e9bd738399874792cdbdb40,duderr,196218.578828599,34165432.40181399,1037,,,,,,,,,
0xf1f9a438f2697381b4ac8eb283d6f4dd772d1245,tunatyler,196199.28236486125,13496327.227402,1038,,,,,,,,,
0x8a053495aa2f8ea8930367d7cca1f17578235c62,Hasbullahr,195973.7956468732,4208577.565628,1039,,,,,,,,,
0x8f23aead02f055b69c7f7db51a2d74187bb2c7d0,DumbMoney1,195795.16100629384,13556157.180035,1040,,,,,,,,,
0x908c3ee8ec6eeca18c37fced0c548ebcab7dd502,MMVL - 9387,195363.187935,0.0,1041,,,,,,,,,
0x2a21fec355312b609b9ac97ce4eda3e93ec3d307,jj12345,194878.15678611505,6056527.865567999,1042,,,,,,,,,
0x9ac2536ed93f8fe8ce91d9662b03bcbb19ccbe3d,ChloeT1,194782.2160581356,17648815.860439003,1043,,,,,,,,,
0x38fa3750d2adf66081ec958d0915b785e7750aac,rCwvKzZ8N3J0tX0L,194389.38873410542,3959272.9729740005,1044,,,,,,,,,
0x39fcd0aafb7047035e9323e6d1f99cd46f43e2f2,shoemanhere,194318.6606048962,5348950.228076999,1045,,,,9856.066241691271,90178.492713,142.0,5056.678759413195,28195.704092,248.0
0xf0b0ef1d6320c6be896b4c9c54dd74407e7f8cab,daroghi,193956.17387601442,112078929.35012199,1046,,,,,,,,,
0xfb334229be3446e7197c993e32f48101ea8dd6c0,precision,193541.14017871884,23866984.025918998,1047,,,,,,,,,
0xd06f0f7719df1b3b75b607923536b3250825d4a6,commeowder,193500.1579946169,11845208.736038001,1048,,,,,,,,,
0xe7e1eb9e47ef36bc3e6cc28841c3ba81a8f3ec43,Lolol12345,193495.06386959934,4827405.629523,1049,,,,,,,,,
0xb532895e91e79422299d365c6bd0367ac35a916b,SCD-807,193280.18529200586,18514566.374366,1050,,,,,,,,,
