wallet_name,entry_ts,exit_ts,entry_price,exit_price,size,hold_hrs,title,topic
?,2024-09-25 11:52:35,2024-09-25 14:06:36,0.9536065448,0.992,209.73,2.233611111111111,"Will Zelensky say ""Putin"" during his UN address?",geopol_other
?,2024-09-25 11:53:55,2024-09-25 14:06:22,0.7606477262,0.99,460.13,2.2075,"Will Zelensky say ""Russia"" 10 or more times during his UN address?",geopol_other
?,2024-09-28 03:48:04,2024-10-04 05:28:26,0.4183608031,0.998,1585.0,145.67277777777778,Solana above $155 on October 4?,other
?,2024-09-30 09:43:23,2024-10-04 05:27:48,0.4412079841,0.993,0.23,91.74027777777778,"Ethereum above $2,600 on October 4?",crypto
?,2024-10-11 15:29:14,2024-10-11 15:55:12,0.209292458,0.0248264964,2389.0,0.43277777777777776,Solana above $145 on October 11?,other
?,2024-10-16 16:43:37,2024-10-18 00:23:38,0.019,0.005,15789.473683,31.666944444444443,Will Trump launch a coin before the election?,election
?,2024-10-16 16:51:09,2024-10-27 22:13:08,0.08,0.0627634,1000.0,269.3663888888889,Will the Florida Panthers win the 2025 Stanley Cup?,other
?,2024-10-16 16:51:21,2024-10-27 22:13:26,0.07,0.06,630.0,269.36805555555554,Will the New Jersey Devils win the 2025 Stanley Cup?,other
?,2024-10-16 16:51:55,2024-10-27 22:13:30,0.0701156031,0.06,998.35,269.3597222222222,Will the New York Rangers win the 2025 Stanley Cup?,other
?,2024-10-16 16:52:09,2024-10-27 22:13:36,0.06,0.06,540.0,269.3575,Will the Toronto Maple Leafs win the 2025 Stanley Cup?,other
?,2024-10-16 16:52:21,2024-10-27 22:15:38,0.06,0.05,1000.0,269.3880555555556,Will the Colorado Avalanche win the 2025 Stanley Cup?,other
?,2024-10-16 16:54:05,2024-10-27 22:14:24,0.014,0.015,5.0,269.3386111111111,Will the Detroit Red Wings win the 2025 Stanley Cup?,other
?,2024-10-16 16:55:35,2024-10-27 22:14:36,0.013,0.0232884445,5.0,269.31694444444446,Will the Minnesota Wild win the 2025 Stanley Cup?,other
?,2024-10-16 17:04:27,2024-10-18 00:23:38,0.02,0.005,4989.5,31.31972222222222,Will Trump launch a coin before the election?,election
?,2024-10-16 18:11:39,2024-10-20 13:22:18,0.3338662416,0.49,86.8611,91.1775,Will Max Verstappen win the United States Grand Prix?,sports
?,2024-10-16 18:25:25,2024-10-20 13:22:18,0.22,0.49,400.0,90.94805555555556,Will Max Verstappen win the United States Grand Prix?,sports
?,2024-10-16 18:28:13,2024-10-20 13:22:18,0.23,0.49,400.0,90.90138888888889,Will Max Verstappen win the United States Grand Prix?,sports
?,2024-10-16 18:31:49,2024-10-20 13:22:18,0.23,0.49,400.0,90.84138888888889,Will Max Verstappen win the United States Grand Prix?,sports
?,2024-10-16 18:35:31,2024-10-20 13:22:18,0.24,0.49,24.62889999999993,90.77972222222222,Will Max Verstappen win the United States Grand Prix?,sports
?,2024-10-16 23:45:09,2024-10-18 00:23:38,0.0129897985,0.005,14703.846152,24.64138888888889,Will Trump launch a coin before the election?,election
?,2024-10-16 23:45:21,2024-10-18 00:23:38,0.014,0.005,15.0,24.638055555555557,Will Trump launch a coin before the election?,election
?,2024-10-17 19:06:54,2024-10-19 09:58:00,0.56,0.64,20.0,38.85166666666667,Will Lando Norris win the United States Grand Prix?,other
?,2024-10-17 19:16:22,2024-10-27 21:51:08,0.41,0.2826723448,171.0,242.57944444444445,Will Russia recapture Sudzha before December?,geopol_other
?,2024-10-18 00:03:34,2024-10-18 00:23:38,0.003,0.005,8233.333333,0.33444444444444443,Will Trump launch a coin before the election?,election
?,2024-10-18 00:08:52,2024-10-18 00:23:38,0.004,0.005,10000.0,0.2461111111111111,Will Trump launch a coin before the election?,election
?,2024-10-18 00:18:34,2024-10-18 00:23:38,0.006,0.005,16666.656831999993,0.08444444444444445,Will Trump launch a coin before the election?,election
?,2024-10-21 16:15:48,2024-10-22 18:33:36,0.2668291608,0.3077509287,3477.88,26.296666666666667,Will Pump.fun launch a token in 2024?,other
?,2024-10-22 21:00:08,2024-10-27 21:51:08,0.3090116893,0.2826723448,1517.741934,120.85,Will Russia recapture Sudzha before December?,geopol_other
?,2024-10-22 21:43:50,2024-10-24 00:50:57,0.6999999998,0.7788656285,352.53,27.11861111111111,"Will Gold close over $3,000 at the end of 2024?",other
?,2024-10-22 23:32:16,2024-10-22 23:58:51,0.99,0.999,219.35,0.44305555555555554,"Will Trump say ""Tax"" 15 or more times during North Carolina rally Octo",trump_admin
?,2024-10-23 00:19:37,2024-10-23 00:32:47,0.8766839971,0.99,228.13,0.21944444444444444,"Will Trump say ""beach"" during North Carolina rally October 22?",trump_admin
?,2024-10-23 22:10:08,2024-10-25 14:27:56,0.5051926287,0.57,117.24,40.29666666666667,Will Trump do better in Florida or Alaska?,trump_admin
?,2024-10-23 22:32:29,2024-10-27 20:52:02,0.26,0.01,100.0,94.32583333333334,Will Max Verstappen win the Mexico City Grand Prix?,sports
?,2024-10-23 22:48:45,2024-10-27 20:52:02,0.31,0.01,500.0,94.05472222222222,Will Max Verstappen win the Mexico City Grand Prix?,sports
?,2024-10-24 00:52:27,2024-10-24 00:57:44,0.93,0.9,22.0,0.08805555555555555,"Will Trump say ""Kamala"" 25 or more times during Georgia rally on Octob",trump_admin
?,2024-10-24 00:52:27,2024-10-24 01:40:40,0.93,0.999,0.003756999999993127,0.8036111111111112,"Will Trump say ""Kamala"" 25 or more times during Georgia rally on Octob",trump_admin
?,2024-10-24 00:52:27,2024-10-24 00:58:00,0.93,0.91,53.05,0.0925,"Will Trump say ""Kamala"" 25 or more times during Georgia rally on Octob",trump_admin
?,2024-10-24 00:52:27,2024-10-24 00:57:54,0.93,0.9,80.0,0.09083333333333334,"Will Trump say ""Kamala"" 25 or more times during Georgia rally on Octob",trump_admin
?,2024-10-24 00:52:27,2024-10-24 00:57:50,0.93,0.9,42.0,0.08972222222222222,"Will Trump say ""Kamala"" 25 or more times during Georgia rally on Octob",trump_admin
?,2024-10-24 00:52:27,2024-10-24 00:57:42,0.93,0.9,12.0,0.0875,"Will Trump say ""Kamala"" 25 or more times during Georgia rally on Octob",trump_admin
?,2024-10-24 00:52:27,2024-10-24 00:57:40,0.93,0.9,6.0,0.08694444444444445,"Will Trump say ""Kamala"" 25 or more times during Georgia rally on Octob",trump_admin
?,2024-10-24 00:58:24,2024-10-24 01:40:40,0.9655324552,0.999,103.56975,0.7044444444444444,"Will Trump say ""Kamala"" 25 or more times during Georgia rally on Octob",trump_admin
?,2024-10-24 00:58:30,2024-10-24 01:40:40,0.98,0.999,489.7959,0.7027777777777777,"Will Trump say ""Kamala"" 25 or more times during Georgia rally on Octob",trump_admin
?,2024-10-24 00:58:32,2024-10-24 01:40:40,0.98,0.999,6.1224,0.7022222222222222,"Will Trump say ""Kamala"" 25 or more times during Georgia rally on Octob",trump_admin
?,2024-10-24 01:12:00,2024-10-24 01:40:40,0.99,0.999,570.9581930000002,0.4777777777777778,"Will Trump say ""Kamala"" 25 or more times during Georgia rally on Octob",trump_admin
?,2024-10-24 13:59:39,2024-10-27 20:52:02,0.23,0.01,143.07000000000005,78.87305555555555,Will Max Verstappen win the Mexico City Grand Prix?,sports
?,2025-01-18 03:58:17,2025-01-18 13:30:33,0.107791716,0.0402718967,28284.27,9.537777777777778,Was Trump hacked?,trump_admin
?,2025-01-18 04:50:13,2025-01-18 13:30:33,0.0612136462,0.0402718967,16330.835713,8.672222222222222,Was Trump hacked?,trump_admin
?,2025-01-18 05:42:31,2025-01-18 13:30:33,0.08,0.0402718967,2999.9942869999977,7.8005555555555555,Was Trump hacked?,trump_admin
?,2025-12-26 17:46:11,2025-12-26 17:46:29,0.906093846,0.893,5.51,0.005,Will Trump meet with Zelenskyy by December 31?,trump_admin
?,2025-12-27 18:16:15,2025-12-27 19:00:21,0.55,0.14,148.55,0.735,Pittsburgh vs. East Carolina,other
?,2025-12-27 19:49:15,2025-12-27 19:50:01,0.64,0.6949122807,57.0,0.012777777777777779,Connecticut vs. Army,other
?,2025-12-27 19:50:33,2025-12-27 23:19:25,0.7,0.999,730.0,3.4811111111111113,Connecticut vs. Army,other
?,2025-12-27 19:52:47,2025-12-27 23:19:25,0.7194605263,0.999,760.0,3.443888888888889,Connecticut vs. Army,other
?,2025-12-27 19:55:51,2025-12-27 23:19:25,0.73,0.999,780.0,3.392777777777778,Connecticut vs. Army,other
?,2025-12-27 20:07:11,2025-12-27 23:19:25,0.6776666667,0.999,10.0,3.203888888888889,Connecticut vs. Army,other
?,2025-12-27 20:07:11,2025-12-28 00:09:35,0.6776666667,0.999,620.0,4.04,Connecticut vs. Army,other
?,2025-12-27 20:08:35,2025-12-28 00:09:35,0.6499947458,0.999,479.99,4.016666666666667,Connecticut vs. Army,other
?,2025-12-27 22:01:31,2025-12-28 01:00:09,0.81,0.999,70.0,2.977222222222222,Texans vs. Chargers,other
?,2025-12-27 22:01:31,2025-12-27 22:04:19,0.81,0.8,1030.0,0.04666666666666667,Texans vs. Chargers,other
?,2025-12-27 22:02:39,2025-12-28 01:00:09,0.7892718447,0.999,1030.0,2.9583333333333335,Texans vs. Chargers,other
?,2025-12-27 22:17:57,2025-12-28 01:00:09,0.81,0.999,1095.0,2.703333333333333,Texans vs. Chargers,other
?,2025-12-27 23:05:39,2025-12-28 01:00:09,0.79,0.999,485.0,1.9083333333333334,Texans vs. Chargers,other
?,2025-12-27 23:06:23,2025-12-28 01:00:09,0.79,0.999,339.0,1.896111111111111,Texans vs. Chargers,other
?,2025-12-27 23:35:15,2025-12-27 23:41:53,0.5099019608,0.25,50.0,0.11055555555555556,Georgia Tech vs. BYU,other
?,2025-12-27 23:35:15,2025-12-27 23:43:05,0.5099019608,0.24,19.0,0.13055555555555556,Georgia Tech vs. BYU,other
?,2025-12-28 00:05:05,2025-12-28 01:00:09,0.79,0.999,856.27,0.9177777777777778,Texans vs. Chargers,other
?,2025-12-28 00:56:57,2025-12-28 02:06:01,0.73,0.999,750.0,1.1511111111111112,Rangers vs. Islanders,other
?,2025-12-28 00:58:01,2025-12-28 02:06:01,0.73,0.999,1500.0,1.1333333333333333,Rangers vs. Islanders,other
?,2025-12-28 01:01:31,2025-12-28 02:06:01,0.73,0.999,1500.0,1.075,Rangers vs. Islanders,other
?,2025-12-28 01:01:33,2025-12-28 02:06:01,0.73,0.999,1500.0,1.0744444444444445,Rangers vs. Islanders,other
?,2025-12-28 01:03:11,2025-12-28 02:06:01,0.73,0.999,3000.0,1.0472222222222223,Rangers vs. Islanders,other
?,2025-12-28 01:52:11,2025-12-28 03:47:23,0.74,0.999,324.0,1.92,Lightning vs. Panthers,other
?,2025-12-28 12:57:23,2025-12-28 12:58:11,0.17,0.15,142.68,0.013333333333333334,LoL: Oh My God vs LNG Esports (BO5),other
?,2025-12-28 18:20:03,2025-12-28 18:38:43,0.39,0.55,330.0,0.3111111111111111,Jaguars vs. Colts,other
?,2025-12-28 18:20:25,2025-12-28 18:38:43,0.39,0.55,495.0,0.305,Jaguars vs. Colts,other
?,2025-12-28 18:21:11,2025-12-28 18:38:43,0.39,0.55,175.0,0.2922222222222222,Jaguars vs. Colts,other
?,2025-12-28 18:50:27,2025-12-28 21:56:13,0.56,0.999,1225.0,3.096111111111111,Jaguars vs. Colts,other
?,2025-12-28 18:51:23,2025-12-28 21:56:13,0.58,0.999,1225.0,3.0805555555555557,Jaguars vs. Colts,other
?,2025-12-28 18:51:53,2025-12-28 21:56:13,0.59,0.999,1225.0,3.0722222222222224,Jaguars vs. Colts,other
?,2025-12-28 18:51:53,2025-12-28 22:09:27,0.59,0.999,525.0,3.292777777777778,Jaguars vs. Colts,other
?,2025-12-28 18:52:29,2025-12-28 22:09:27,0.59,0.999,1475.0,3.2827777777777776,Jaguars vs. Colts,other
?,2025-12-28 18:52:29,2025-12-28 22:15:09,0.59,0.999,1025.0,3.3777777777777778,Jaguars vs. Colts,other
?,2025-12-28 19:25:31,2025-12-28 22:43:03,0.6935719481,0.999,385.0,3.292222222222222,Buccaneers vs. Dolphins,other
?,2025-12-28 19:52:19,2025-12-28 22:15:09,0.7347006076,0.999,475.0,2.3805555555555555,Jaguars vs. Colts,other
?,2025-12-28 19:52:19,2025-12-28 22:28:41,0.7347006076,0.999,1500.0,2.6061111111111113,Jaguars vs. Colts,other
?,2025-12-28 19:53:27,2025-12-28 22:28:41,0.73,0.999,1875.0,2.587222222222222,Jaguars vs. Colts,other
?,2025-12-28 19:54:15,2025-12-28 22:28:41,0.73,0.999,1125.0,2.573888888888889,Jaguars vs. Colts,other
?,2025-12-28 20:11:45,2025-12-28 21:05:25,0.67,0.0375409836,610.0,0.8944444444444445,Saints vs. Titans,other
?,2025-12-28 21:29:51,2025-12-29 00:08:59,0.64,0.14,101.72,2.652222222222222,Eagles vs. Bills,other
?,2025-12-28 21:54:35,2025-12-29 00:36:23,0.53,0.999,1075.0,2.6966666666666668,Eagles vs. Bills,other
?,2025-12-28 21:55:09,2025-12-29 00:36:23,0.51,0.999,1025.0,2.687222222222222,Eagles vs. Bills,other
?,2025-12-28 21:56:27,2025-12-29 00:36:23,0.53,0.999,1100.0,2.6655555555555557,Eagles vs. Bills,other
?,2025-12-28 21:56:53,2025-12-29 00:36:23,0.5288738667,0.999,1125.0,2.658333333333333,Eagles vs. Bills,other
?,2025-12-28 21:57:29,2025-12-29 00:36:23,0.5298666667,0.999,2250.0,2.6483333333333334,Eagles vs. Bills,other
?,2025-12-28 21:58:03,2025-12-29 00:36:23,0.5279627907,0.999,2150.0,2.638888888888889,Eagles vs. Bills,other
?,2025-12-28 22:14:11,2025-12-29 00:36:23,0.57,0.999,1200.0,2.37,Eagles vs. Bills,other
?,2025-12-28 22:14:43,2025-12-29 00:36:23,0.57,0.999,2350.0,2.361111111111111,Eagles vs. Bills,other
?,2025-12-28 22:25:23,2025-12-29 00:36:23,0.6124219259,0.999,1350.0,2.183333333333333,Eagles vs. Bills,other
?,2025-12-28 22:28:09,2025-12-29 00:36:23,0.6098470588,0.999,1275.0,2.1372222222222224,Eagles vs. Bills,other
?,2025-12-28 22:40:27,2025-12-29 00:36:23,0.77,0.999,4550.0,1.9322222222222223,Eagles vs. Bills,other
?,2025-12-28 22:44:59,2025-12-28 23:03:23,0.44,0.45,450.0,0.30666666666666664,Islanders vs. Blue Jackets,other
?,2025-12-28 23:18:09,2025-12-29 00:36:23,0.71,0.999,1420.0,1.3038888888888889,Eagles vs. Bills,other
?,2025-12-28 23:19:51,2025-12-29 00:36:23,0.7,0.999,580.0,1.2755555555555556,Eagles vs. Bills,other
?,2025-12-29 00:55:49,2025-12-29 01:04:59,0.9977717928,0.999,2432.0,0.1527777777777778,Canadiens vs. Lightning,other
?,2025-12-29 01:09:27,2025-12-29 01:17:51,0.53,0.35,1075.0,0.14,Maple Leafs vs. Red Wings,other
?,2025-12-29 01:27:09,2025-12-29 01:47:51,0.68,0.46,143.4,0.345,Maple Leafs vs. Red Wings,other
?,2025-12-29 19:20:51,2025-12-29 19:42:49,0.83,0.88,625.0,0.3661111111111111,Georgia Southern vs. Appalachian State,other
?,2025-12-30 01:07:33,2025-12-30 01:13:57,0.52,0.56,86.0,0.10666666666666667,Blue Jackets vs. Senators,other
?,2025-12-30 01:07:33,2025-12-30 03:08:55,0.52,0.999,334.0,2.022777777777778,Blue Jackets vs. Senators,other
?,2025-12-30 01:09:15,2025-12-30 03:08:55,0.53,0.999,128.0,1.9944444444444445,Blue Jackets vs. Senators,other
?,2025-12-30 01:10:29,2025-12-30 03:08:55,0.54,0.999,538.0,1.9738888888888888,Blue Jackets vs. Senators,other
?,2025-12-30 01:10:29,2025-12-30 03:28:01,0.54,0.999,197.0,2.292222222222222,Blue Jackets vs. Senators,other
?,2025-12-30 01:54:19,2025-12-30 02:37:13,0.472563252,0.1,615.0,0.715,Blue Jackets vs. Senators,other
?,2025-12-30 01:58:59,2025-12-30 03:28:01,0.64,0.999,303.0,1.4838888888888888,Blue Jackets vs. Senators,other
?,2025-12-30 01:58:59,2025-12-30 03:35:45,0.64,0.999,267.0,1.6127777777777779,Blue Jackets vs. Senators,other
?,2025-12-30 02:02:33,2025-12-30 03:35:45,0.59,0.999,490.0,1.5533333333333332,Blue Jackets vs. Senators,other
?,2025-12-30 02:05:37,2025-12-30 03:35:45,0.6499068901,0.999,243.0,1.5022222222222221,Blue Jackets vs. Senators,other
?,2025-12-30 03:35:19,2025-12-30 03:36:45,0.8,0.8,550.0,0.02388888888888889,Wild vs. Golden Knights,other
?,2025-12-30 03:36:07,2025-12-30 04:11:13,0.83,0.86,0.44999999999998863,0.585,Kings vs. Avalanche,other
?,2025-12-30 03:36:07,2025-12-30 04:09:59,0.83,0.84,308.2,0.5644444444444444,Kings vs. Avalanche,other
?,2025-12-30 03:36:07,2025-12-30 04:10:25,0.83,0.84,69.0,0.5716666666666667,Kings vs. Avalanche,other
?,2025-12-30 15:34:33,2025-12-30 15:45:43,0.45,0.43,65.0,0.18611111111111112,Will Nigeria win on 2025-12-30?,other
?,2025-12-30 22:50:59,2025-12-30 22:56:47,0.31,0.32,290.0,0.09666666666666666,Tennessee vs. Illinois,other
?,2025-12-30 22:51:53,2025-12-30 22:56:47,0.3,0.32,145.0,0.08166666666666667,Tennessee vs. Illinois,other
?,2025-12-30 22:51:53,2025-12-31 02:15:11,0.3,0.999,290.0,3.388333333333333,Tennessee vs. Illinois,other
?,2025-12-30 22:55:09,2025-12-30 23:29:17,0.69,0.66,100.0,0.5688888888888889,Tennessee vs. Illinois,other
?,2025-12-30 22:55:09,2025-12-30 23:30:11,0.69,0.651,50.0,0.5838888888888889,Tennessee vs. Illinois,other
?,2025-12-30 22:55:09,2025-12-30 22:55:43,0.69,0.69,15.0,0.009444444444444445,Tennessee vs. Illinois,other
?,2025-12-30 23:39:03,2025-12-31 02:15:11,0.52,0.999,630.0,2.602222222222222,Tennessee vs. Illinois,other
?,2025-12-31 00:34:27,2025-12-31 02:15:11,0.65,0.999,885.0,1.6788888888888889,Tennessee vs. Illinois,other
?,2025-12-31 00:35:07,2025-12-31 02:15:11,0.64,0.999,885.0,1.6677777777777778,Tennessee vs. Illinois,other
?,2025-12-31 01:00:03,2025-12-31 02:53:33,0.47,0.999,950.0,1.8916666666666666,Canadiens vs. Panthers,other
?,2025-12-31 01:01:29,2025-12-31 02:53:33,0.47,0.999,1108.5900000000001,1.8677777777777778,Canadiens vs. Panthers,other
?,2025-12-31 01:22:17,2025-12-31 02:43:09,0.68,0.999,455.0,1.3477777777777777,Devils vs. Maple Leafs,other
?,2025-12-31 02:03:43,2025-12-31 02:55:37,0.43,0.42,692.0,0.865,Flyers vs. Canucks,other
?,2025-12-31 03:10:17,2025-12-31 03:29:49,0.5,0.45,62.0,0.32555555555555554,USC vs. TCU,other
?,2026-01-02 02:47:09,2026-01-02 02:52:51,0.99,0.999,3000.0,0.095,Red Wings vs. Penguins,other
?,2026-01-02 19:52:21,2026-01-02 20:00:45,0.66,0.66,13.17,0.14,Will Rayo Vallecano de Madrid vs. Getafe CF end in a draw?,other
?,2026-01-02 19:52:21,2026-01-02 20:12:15,0.66,0.63,0.17,0.33166666666666667,Will Rayo Vallecano de Madrid vs. Getafe CF end in a draw?,other
?,2026-01-03 14:31:33,2026-01-03 14:36:09,0.21,0.21,760.33,0.07666666666666666,Will Heart of Midlothian FC win on 2026-01-03?,other
?,2026-01-03 17:00:21,2026-01-03 19:01:57,0.22,0.999,5936.0,2.026666666666667,Will Juventus FC win on 2026-01-03?,other
?,2026-01-04 22:41:03,2026-01-04 22:49:05,0.99,0.999,4992.0,0.1338888888888889,Penguins vs. Blue Jackets,other
?,2026-01-05 21:07:09,2026-01-06 00:19:47,0.4,0.999,0.88,3.2105555555555556,Columbia Lions vs. Cornell Big Red,other
?,2026-01-05 23:29:43,2026-01-06 01:38:27,0.42,0.999,2206.3,2.1455555555555557,Nebraska Cornhuskers vs. Ohio State Buckeyes,other
?,2026-01-07 04:46:35,2026-01-07 05:06:15,0.7,0.69,814.0,0.3277777777777778,Blue Jackets vs. Sharks,other
?,2026-01-07 17:22:13,2026-01-07 19:35:39,0.26,0.999,13700.0,2.223888888888889,Will SSC Napoli win on 2026-01-07?,other
?,2026-01-07 17:22:17,2026-01-07 19:35:39,0.26,0.999,5388.97,2.222777777777778,Will SSC Napoli win on 2026-01-07?,other
?,2026-01-07 17:25:35,2026-01-07 19:35:39,0.26,0.999,1421.0,2.167777777777778,Will SSC Napoli win on 2026-01-07?,other
?,2026-01-07 19:37:35,2026-01-07 21:42:49,0.26,0.001,5.0,2.087222222222222,Will FC Internazionale Milano win on 2026-01-07?,other
?,2026-01-07 19:37:35,2026-01-07 21:41:07,0.26,0.001,5.0,2.0588888888888888,Will FC Internazionale Milano win on 2026-01-07?,other
?,2026-01-07 23:15:55,2026-01-08 03:04:21,0.7377519302,0.999,21500.0,3.8072222222222223,Bulls vs. Pistons,other
?,2026-01-08 15:02:28,2026-01-08 15:46:58,0.39,0.37,305.8,0.7416666666666667,Will Al Nassr Saudi Club win on 2026-01-08?,other
?,2026-01-08 15:55:50,2026-01-08 16:29:18,0.39,0.38,238.4,0.5577777777777778,Will Al Nassr Saudi Club win on 2026-01-08?,other
?,2026-01-08 22:25:06,2026-01-08 23:59:16,0.51,0.5,19500.0,1.5694444444444444,Panthers vs. Canadiens,other
?,2026-01-08 22:25:08,2026-01-08 23:59:16,0.51,0.5,19500.0,1.568888888888889,Panthers vs. Canadiens,other
?,2026-01-09 02:47:22,2026-01-09 02:52:00,0.73,0.73,217.19,0.07722222222222222,Oilers vs. Jets,other
?,2026-01-09 02:47:22,2026-01-09 03:02:56,0.73,0.74,482.34,0.2594444444444444,Oilers vs. Jets,other
?,2026-01-09 16:01:36,2026-01-09 18:04:02,0.79,0.999,1982.02,2.0405555555555557,LoL: HMBLE vs P11 Esports (BO1),other
?,2026-01-09 19:40:46,2026-01-09 22:35:00,0.3337038093,0.999,2700.22,2.903888888888889,Will BV Borussia 09 Dortmund win on 2026-01-09?,geopol_other
?,2026-01-09 22:43:02,2026-01-10 02:16:46,0.789681962,0.999,14447.91,3.562222222222222,Raptors vs. Celtics,other
?,2026-01-10 15:53:26,2026-01-10 16:02:12,0.97,0.999,1818.0,0.1461111111111111,Over $70M committed to the Ranger public sale?,other
?,2026-01-10 19:31:04,2026-01-10 21:46:32,0.75,0.999,96.44,2.2577777777777777,Will Atalanta BC vs. Torino FC end in a draw?,other
?,2026-01-10 21:26:44,2026-01-11 00:49:38,0.82,0.999,44800.0,3.381666666666667,Rams vs. Panthers,other
?,2026-01-10 21:29:14,2026-01-11 00:49:38,0.82,0.999,1400.0,3.34,Rams vs. Panthers,other
?,2026-01-11 01:51:04,2026-01-11 02:27:56,0.13,0.25,1053.0,0.6144444444444445,Mavericks vs. Bulls,other
?,2026-01-11 01:53:30,2026-01-11 02:27:56,0.09,0.25,4200.0,0.5738888888888889,Mavericks vs. Bulls,other
?,2026-01-11 01:58:26,2026-01-11 04:50:14,0.72,0.999,2234.0,2.8633333333333333,Panthers vs. Senators,other
?,2026-01-11 02:17:56,2026-01-11 04:50:14,0.7391709756,0.999,410.0,2.5383333333333336,Panthers vs. Senators,other
?,2026-01-11 02:18:28,2026-01-11 04:50:14,0.7474780488,0.999,2050.0,2.5294444444444446,Panthers vs. Senators,other
?,2026-01-11 02:19:18,2026-01-11 04:50:14,0.75,0.999,1217.0,2.5155555555555558,Panthers vs. Senators,other
?,2026-01-11 02:19:40,2026-01-11 04:50:14,0.7558755981,0.999,418.0,2.5094444444444446,Panthers vs. Senators,other
?,2026-01-11 02:20:22,2026-01-11 04:50:14,0.75,0.999,415.0,2.497777777777778,Panthers vs. Senators,other
?,2026-01-11 02:20:50,2026-01-11 04:50:14,0.75,0.999,415.0,2.49,Panthers vs. Senators,other
?,2026-01-11 02:42:32,2026-01-11 04:50:18,0.63,0.999,550.0,2.1294444444444443,Blackhawks vs. Predators,other
?,2026-01-11 02:43:12,2026-01-11 04:50:18,0.64,0.999,283.0,2.118333333333333,Blackhawks vs. Predators,other
?,2026-01-11 02:44:16,2026-01-11 04:50:18,0.64,0.999,517.0,2.1005555555555557,Blackhawks vs. Predators,other
?,2026-01-11 02:44:44,2026-01-11 04:50:18,0.65,0.999,41.0,2.0927777777777776,Blackhawks vs. Predators,other
?,2026-01-11 02:44:52,2026-01-11 04:50:18,0.65,0.999,580.0,2.0905555555555555,Blackhawks vs. Predators,other
?,2026-01-11 02:45:32,2026-01-11 04:50:18,0.65,0.999,493.84,2.0794444444444444,Blackhawks vs. Predators,other
?,2026-01-11 02:46:00,2026-01-11 04:50:18,0.66,0.999,42.0,2.0716666666666668,Blackhawks vs. Predators,other
?,2026-01-11 03:11:04,2026-01-11 04:50:18,0.6716349206,0.999,630.0,1.653888888888889,Blackhawks vs. Predators,other
?,2026-01-11 03:11:58,2026-01-11 04:50:18,0.73,0.999,730.0,1.6388888888888888,Blackhawks vs. Predators,other
?,2026-01-11 03:18:06,2026-01-11 04:50:18,0.68,0.999,640.0,1.5366666666666666,Blackhawks vs. Predators,other
?,2026-01-11 03:19:08,2026-01-11 04:50:18,0.68,0.999,538.0,1.5194444444444444,Blackhawks vs. Predators,other
?,2026-01-11 03:19:40,2026-01-11 04:50:18,0.686,0.999,75.0,1.5105555555555557,Blackhawks vs. Predators,other
?,2026-01-11 04:13:58,2026-01-11 05:02:46,0.37,0.39,1208.0,0.8133333333333334,Kings vs. Oilers,other
?,2026-01-11 04:13:58,2026-01-11 05:01:18,0.37,0.39,86.56,0.7888888888888889,Kings vs. Oilers,other
?,2026-01-11 15:18:14,2026-01-11 15:19:36,0.13,0.13,7914.99,0.02277777777777778,Will FC Bayern München win on 2026-01-11?,other
?,2026-01-12 20:30:55,2026-01-12 21:05:51,0.23,0.28,241.0,0.5822222222222222,Will Paris Saint-Germain FC win on 2026-01-12?,other
?,2026-01-12 20:30:55,2026-01-12 22:07:07,0.23,0.999,1059.0,1.6033333333333333,Will Paris Saint-Germain FC win on 2026-01-12?,other
?,2026-01-13 00:17:41,2026-01-13 02:47:15,0.34,0.999,6764.0,2.492777777777778,Celtics vs. Pacers,other
?,2026-01-13 01:48:07,2026-01-13 02:44:27,0.04,0.001038572,200.0,0.9388888888888889,76ers vs. Raptors,other
?,2026-01-13 02:48:51,2026-01-13 02:58:39,0.67,0.71,46.65,0.16333333333333333,Devils vs. Wild,other
?,2026-01-14 19:05:26,2026-01-14 23:25:22,0.75,0.999,5.0,4.332222222222223,Will TSG 1899 Hoffenheim vs. Borussia Mönchengladbach end in a draw?,geopol_other
?,2026-01-14 19:05:26,2026-01-14 23:28:48,0.75,0.999,27995.0,4.389444444444444,Will TSG 1899 Hoffenheim vs. Borussia Mönchengladbach end in a draw?,geopol_other
?,2026-01-14 19:12:22,2026-01-14 23:28:48,0.75,0.999,44000.0,4.273888888888889,Will TSG 1899 Hoffenheim vs. Borussia Mönchengladbach end in a draw?,geopol_other
?,2026-01-16 08:04:36,2026-01-16 08:16:10,0.31,0.3,382.48,0.19277777777777777,Big Bash League: Sydney Sixers vs Sydney Thunder (Game 1),other
?,2026-01-17 17:06:14,2026-01-17 19:28:52,0.39,0.999,3447.87,2.377222222222222,Will Arsenal FC win on 2026-01-17?,other
?,2026-01-17 19:38:42,2026-01-17 19:40:28,0.36,0.36,2477.0,0.029444444444444443,Will Juventus FC win on 2026-01-17?,other
?,2026-01-18 16:00:18,2026-01-18 18:20:10,0.39,0.999,4100.0,2.331111111111111,Will Stade Rennais FC 1901 win on 2026-01-18?,other
?,2026-01-18 16:03:38,2026-01-18 18:20:10,0.39,0.999,7609.0,2.2755555555555556,Will Stade Rennais FC 1901 win on 2026-01-18?,other
?,2026-01-18 19:21:00,2026-01-18 19:24:24,0.24,0.24,6600.0,0.056666666666666664,Will AC Milan win on 2026-01-18?,other
?,2026-01-18 19:21:00,2026-01-18 19:32:52,0.24,0.24,6393.74,0.19777777777777777,Will AC Milan win on 2026-01-18?,other
?,2026-01-18 19:21:00,2026-01-18 19:32:52,0.24,0.24,2003.69,0.19777777777777777,Will AC Milan win on 2026-01-18?,other
?,2026-01-18 19:21:04,2026-01-18 19:32:52,0.24,0.24,238.0,0.19666666666666666,Will AC Milan win on 2026-01-18?,other
?,2026-01-19 14:07:06,2026-01-19 14:07:50,0.41,0.41,75.5,0.012222222222222223,LoL: EDward Gaming vs Ninjas in Pyjamas (BO3),other
?,2026-01-19 14:48:40,2026-01-19 17:05:44,0.53,0.999,21500.0,2.2844444444444445,LoL: Natus Vincere vs Fnatic (BO1),other
?,2026-01-19 14:49:06,2026-01-19 17:05:44,0.53,0.999,264.0,2.277222222222222,LoL: Natus Vincere vs Fnatic (BO1),other
?,2026-01-19 14:49:06,2026-01-19 18:19:58,0.53,0.999,0.160000000000025,3.5144444444444445,LoL: Natus Vincere vs Fnatic (BO1),other
?,2026-01-19 19:55:52,2026-01-19 20:32:32,0.25,0.04,9248.55,0.6111111111111112,Bucks vs. Hawks,other
?,2026-01-22 04:11:44,2026-01-22 05:05:58,0.7987117668,0.999,472.43,0.9038888888888889,Penguins vs. Flames,other
?,2026-01-22 04:12:50,2026-01-22 05:05:58,0.79,0.999,4950.0,0.8855555555555555,Penguins vs. Flames,other
?,2026-01-22 17:19:30,2026-01-22 19:46:22,0.43,0.999,100.0,2.4477777777777776,Will FC Porto win on 2026-01-22?,other
?,2026-01-23 21:39:44,2026-01-23 21:41:38,0.59,0.61,5.0,0.03166666666666667,Call of Duty: Toronto KOI vs Paris Gentle Mates (BO5),other
?,2026-01-24 17:02:10,2026-01-24 19:26:06,0.46,0.999,9250.0,2.398888888888889,Will Liverpool FC win on 2026-01-24?,other
?,2026-01-24 17:05:32,2026-01-24 19:26:06,0.46,0.999,980.0,2.3427777777777776,Will Liverpool FC win on 2026-01-24?,other
?,2026-01-24 19:27:50,2026-01-24 21:54:48,0.47,0.998,100.0,2.4494444444444445,Nicholls Colonels vs. Southeastern Louisiana Lions: O/U 141.5,other
?,2026-01-24 19:27:50,2026-01-24 22:09:46,0.47,0.999,33.0,2.698888888888889,Nicholls Colonels vs. Southeastern Louisiana Lions: O/U 141.5,other
?,2026-01-24 19:27:50,2026-01-24 22:16:40,0.47,0.999,0.46,2.813888888888889,Nicholls Colonels vs. Southeastern Louisiana Lions: O/U 141.5,other
?,2026-01-25 03:29:10,2026-01-25 03:56:02,0.74,0.999,11550.0,0.4477777777777778,"UFC 324: Lewis vs. Cortes-Acosta (Heavyweight, Main Card)",other
?,2026-01-25 10:13:54,2026-01-25 10:45:08,0.72,0.999,892.0,0.5205555555555555,LoL: T1 vs BNK FEARX (BO3) - LCK Cup Group Stage,other
?,2026-01-25 15:17:16,2026-01-25 15:19:58,0.13,0.13,289.0,0.045,Will FC Barcelona win on 2026-01-25?,other
?,2026-01-25 17:17:28,2026-01-25 17:28:56,0.52,0.51,87.0,0.19111111111111112,Will CD Castellón win on 2026-01-25?,other
?,2026-01-25 17:17:28,2026-01-25 17:31:22,0.52,0.5,445.0,0.23166666666666666,Will CD Castellón win on 2026-01-25?,other
?,2026-01-25 17:24:52,2026-01-25 20:17:16,0.44,0.999,38.64,2.8733333333333335,Spread: South Florida Bulls (-6.5),other
?,2026-01-25 18:59:18,2026-01-25 21:54:36,0.44,0.999,2948.0,2.921666666666667,Chicago State Cougars vs. Mercyhurst Lakers: O/U 129.5,other
?,2026-01-25 21:11:00,2026-01-25 21:31:34,0.66,0.67,49.0,0.3427777777777778,Warriors vs. Timberwolves,other
?,2026-01-26 17:52:43,2026-01-26 18:09:57,0.3786881212,0.999,1650.0,0.2872222222222222,LoL: Team Vitality vs Fnatic (BO1) - LEC Versus Regular Season,other
?,2026-01-26 17:55:51,2026-01-26 18:09:57,0.6,0.999,1750.0,0.235,LoL: Team Vitality vs Fnatic (BO1) - LEC Versus Regular Season,other
?,2026-01-26 18:00:35,2026-01-26 18:09:57,0.9,0.999,1899.71,0.15611111111111112,LoL: Team Vitality vs Fnatic (BO1) - LEC Versus Regular Season,other
?,2026-01-26 18:00:55,2026-01-26 18:09:57,0.91,0.999,3824.73,0.15055555555555555,LoL: Team Vitality vs Fnatic (BO1) - LEC Versus Regular Season,other
?,2026-01-26 18:32:25,2026-01-26 21:12:17,0.68,0.999,291.49,2.6644444444444444,LoL: Natus Vincere vs Karmine Corp (BO1) - LEC Versus Regular Season,other
?,2026-01-26 19:56:29,2026-01-26 20:00:23,0.66,0.67,87.0,0.065,LoL: Movistar KOI vs GIANTX (BO1) - LEC Versus Regular Season,other
?,2026-01-27 08:37:07,2026-01-27 11:21:55,0.59,0.999,498.28,2.7466666666666666,LoL: Weibo Gaming vs Top Esports (BO3) - LPL Group Ascend,other
?,2026-01-28 00:46:13,2026-01-28 02:58:25,0.67,0.999,2514.15,2.203333333333333,Predators vs. Bruins,other
?,2026-01-28 00:48:21,2026-01-28 02:58:25,0.66,0.999,29.8,2.167777777777778,Predators vs. Bruins,other
?,2026-01-28 07:31:43,2026-01-28 07:40:05,0.45,0.45,38.15,0.13944444444444445,LoL: OKSavingsBank BRION vs DRX - Game 1 Winner,other
?,2026-01-28 10:05:39,2026-01-28 10:07:13,0.32,0.31,68.0,0.026111111111111113,LoL: Oh My God vs LNG Esports - Game 1 Winner,other
?,2026-01-28 23:34:20,2026-01-28 23:34:58,0.36,0.35,57.15,0.010555555555555556,Spread: Islanders (-1.5),other
?,2026-01-29 16:03:04,2026-01-29 16:59:08,0.1121953966,0.09,961.41,0.9344444444444444,LoL: Colossal Gaming vs Deacoy (BO5) - LIT Playoffs,other
?,2026-01-29 16:03:04,2026-01-29 17:57:42,0.1121953966,0.19,320.0,1.9105555555555556,LoL: Colossal Gaming vs Deacoy (BO5) - LIT Playoffs,other
?,2026-01-29 16:03:04,2026-01-29 18:58:20,0.1121953966,0.1012696957,3217.7,2.921111111111111,LoL: Colossal Gaming vs Deacoy (BO5) - LIT Playoffs,other
?,2026-01-29 18:07:16,2026-01-29 19:31:20,0.53,0.001,807.66,1.4011111111111112,Call of Duty: Paris Gentle Mates vs Toronto KOI - Game 2 Winner,other
?,2026-01-30 03:26:36,2026-01-30 03:27:04,0.9976113057,0.999,1999.0,0.0077777777777777776,Capitals vs. Red Wings,other
?,2026-01-31 12:56:02,2026-01-31 16:31:04,0.34,0.999,0.3,3.5838888888888887,Will Real Oviedo win on 2026-01-31?,other
?,2026-01-31 21:35:36,2026-01-31 23:08:50,0.45,0.999,12890.43,1.5538888888888889,"UFC 325: Sebastian Szalay vs. Keiichiro Nakamura (Featherweight, Early",other
?,2026-01-31 21:46:54,2026-01-31 23:08:50,0.45,0.999,11000.0,1.3655555555555556,"UFC 325: Sebastian Szalay vs. Keiichiro Nakamura (Featherweight, Early",other
?,2026-02-01 01:09:10,2026-02-01 01:09:38,0.77,0.77,22500.0,0.0077777777777777776,"UFC 325: Brundage vs. Rowston (Middleweight, Prelims)",other
?,2026-02-01 01:09:10,2026-02-01 01:29:04,0.77,0.999,20382.0,0.33166666666666667,"UFC 325: Brundage vs. Rowston (Middleweight, Prelims)",other
?,2026-02-01 02:41:26,2026-02-01 03:03:48,0.74,0.999,19250.0,0.37277777777777776,"UFC 325: Tuivasa vs. Teixeira (Heavyweight, Main Card)",other
?,2026-02-01 02:50:44,2026-02-01 03:03:48,0.67,0.999,225.0,0.21777777777777776,"UFC 325: Tuivasa vs. Teixeira (Heavyweight, Main Card)",other
?,2026-02-01 21:15:20,2026-02-01 21:17:34,0.63,0.64,1136.0,0.03722222222222222,Bulls vs. Heat,other
?,2026-02-01 21:15:20,2026-02-02 00:53:26,0.63,0.999,20.06,3.635,Bulls vs. Heat,other
?,2026-02-02 16:30:32,2026-02-02 17:31:06,0.64,0.999,4589.08,1.0094444444444444,LoL: SK Gaming vs GIANTX (BO1) - LEC Versus Regular Season,other
?,2026-02-02 16:58:34,2026-02-02 17:22:06,0.43,0.999,22.72,0.39222222222222225,Counter-Strike: BC.Game Esports vs FaZe - Map 2 Winner,other
?,2026-02-03 01:50:08,2026-02-03 01:50:58,0.63,0.63,193.91,0.013888888888888888,Blues vs. Predators,other
?,2026-02-03 03:34:06,2026-02-03 03:35:44,0.64,0.64,271.95,0.02722222222222222,Red Wings vs. Avalanche,other
?,2026-02-03 03:39:34,2026-02-03 03:41:18,0.69,0.69,100.0,0.028888888888888888,Maple Leafs vs. Flames,other
?,2026-02-03 10:18:28,2026-02-03 11:21:32,0.62,0.999,1361.93,1.051111111111111,Dota 2: Team Spirit vs Natus Vincere (BO1) - BLAST Slam Group Stage,other
?,2026-02-03 11:26:04,2026-02-03 11:27:36,0.51,0.48,300.0,0.025555555555555557,International T20 Series: Nepal vs UAE (Game 1),other
?,2026-02-04 03:15:56,2026-02-04 04:07:56,0.6476882759,0.999,290.0,0.8666666666666667,Maple Leafs vs. Oilers,other
?,2026-02-04 03:16:30,2026-02-04 04:07:56,0.65,0.999,2900.0,0.8572222222222222,Maple Leafs vs. Oilers,other
?,2026-02-04 03:16:34,2026-02-04 04:07:56,0.65,0.999,2900.0,0.8561111111111112,Maple Leafs vs. Oilers,other
?,2026-02-05 23:24:53,2026-02-06 02:49:51,0.44,0.999,1790.0,3.4161111111111113,Spread: Pistons (-13.5),other
?,2026-02-05 23:24:55,2026-02-06 02:49:51,0.44,0.999,1384.44,3.4155555555555557,Spread: Pistons (-13.5),other
?,2026-02-05 23:35:27,2026-02-06 02:49:51,0.42,0.999,515.0,3.24,Spread: Pistons (-13.5),other
?,2026-02-05 23:35:57,2026-02-06 02:49:51,0.42,0.999,820.0,3.2316666666666665,Spread: Pistons (-13.5),other
?,2026-02-08 02:37:13,2026-02-08 03:31:59,0.76,0.999,4500.0,0.9127777777777778,"UFC Fight Night: Kyoji Horiguchi vs. Amir Albazi (Flyweight, Main Card",other
?,2026-02-08 02:37:15,2026-02-08 03:31:59,0.76,0.999,4500.0,0.9122222222222223,"UFC Fight Night: Kyoji Horiguchi vs. Amir Albazi (Flyweight, Main Card",other
?,2026-02-08 02:37:19,2026-02-08 03:31:59,0.76,0.999,4500.0,0.9111111111111111,"UFC Fight Night: Kyoji Horiguchi vs. Amir Albazi (Flyweight, Main Card",other
?,2026-02-08 02:43:05,2026-02-08 03:31:59,0.76,0.999,13700.0,0.815,"UFC Fight Night: Kyoji Horiguchi vs. Amir Albazi (Flyweight, Main Card",other
?,2026-02-08 02:46:11,2026-02-08 03:31:59,0.76,0.999,3930.0,0.7633333333333333,"UFC Fight Night: Kyoji Horiguchi vs. Amir Albazi (Flyweight, Main Card",other
?,2026-02-08 03:05:53,2026-02-08 03:31:59,0.76,0.999,1067.0,0.435,"UFC Fight Night: Kyoji Horiguchi vs. Amir Albazi (Flyweight, Main Card",other
?,2026-02-08 03:07:37,2026-02-08 03:31:59,0.76,0.999,1050.0,0.4061111111111111,"UFC Fight Night: Kyoji Horiguchi vs. Amir Albazi (Flyweight, Main Card",other
?,2026-02-08 20:06:01,2026-02-08 22:31:55,0.45,0.999,10000.0,2.4316666666666666,Spread: Raptors (-9.5),other
?,2026-02-10 08:42:05,2026-02-10 08:42:49,0.033,0.04,30.03,0.012222222222222223,T20 World Cup: New Zealand vs UAE (Game 1),sports
?,2026-02-10 09:22:11,2026-02-10 14:09:25,0.51,0.999,45.98,4.787222222222222,Counter-Strike: ENCE vs CYBERSHOKE Esports (BO3) - IEM Atlanta: Global,other
?,2026-02-10 14:15:27,2026-02-10 14:39:37,0.36,0.37,152.82,0.4027777777777778,Women's Group B - Italy vs. Germany,other
?,2026-02-10 23:01:15,2026-02-10 23:17:05,0.51,0.5,40000.0,0.2638888888888889,Dallas Open: Aleksandar Kovacevic vs Reilly Opelka,other
?,2026-02-11 01:05:41,2026-02-11 05:57:13,0.4592882625,0.999,2164.0,4.858888888888889,Spread: Rockets (-7.5),other
?,2026-02-11 01:07:57,2026-02-11 05:57:13,0.46,0.999,2704.0,4.821111111111111,Spread: Rockets (-7.5),other
?,2026-02-11 14:33:39,2026-02-11 15:33:15,0.31,0.22,635.71,0.9933333333333333,T20 World Cup: England vs West Indies (Game 1),sports
?,2026-02-11 14:33:39,2026-02-11 18:22:51,0.31,0.999,3714.29,3.82,T20 World Cup: England vs West Indies (Game 1),sports
?,2026-02-11 14:35:03,2026-02-11 18:22:51,0.3281376,0.999,4500.0,3.796666666666667,T20 World Cup: England vs West Indies (Game 1),sports
?,2026-02-11 14:36:29,2026-02-11 18:22:51,0.3487161935,0.999,1550.0,3.772777777777778,T20 World Cup: England vs West Indies (Game 1),sports
?,2026-02-11 15:05:01,2026-02-11 18:22:51,0.39,0.999,812.03,3.297222222222222,T20 World Cup: England vs West Indies (Game 1),sports
?,2026-02-11 15:05:57,2026-02-11 18:22:51,0.43,0.999,45.29,3.2816666666666667,T20 World Cup: England vs West Indies (Game 1),sports
?,2026-02-11 15:09:19,2026-02-11 18:22:51,0.4399322723,0.999,2953.0,3.2255555555555557,T20 World Cup: England vs West Indies (Game 1),sports
?,2026-02-11 16:13:03,2026-02-11 18:22:51,0.5296212084,0.999,6455.0,2.1633333333333336,T20 World Cup: England vs West Indies (Game 1),sports
?,2026-02-11 16:14:23,2026-02-11 18:22:51,0.56,0.999,295.0,2.141111111111111,T20 World Cup: England vs West Indies (Game 1),sports
?,2026-02-11 22:51:09,2026-02-11 22:55:27,0.46,0.46,1548.0,0.07166666666666667,Hawks vs. Hornets: O/U 234.5,other
?,2026-02-12 09:11:45,2026-02-12 13:05:33,0.31,0.999,24939.99,3.8966666666666665,T20 World Cup: Italy vs Nepal (Game 1),sports
?,2026-02-12 10:08:33,2026-02-12 10:09:17,0.51,0.52,30.61,0.012222222222222223,LoL: BNK FEARX vs DN Freecs - Game 3 Winner,other
?,2026-02-13 06:25:59,2026-02-13 10:39:41,0.18,0.999,52.74,4.2283333333333335,T20 World Cup: Australia vs Zimbabwe (Game 1),sports
?,2026-02-13 06:26:39,2026-02-13 10:39:41,0.2077383709,0.999,2414.41,4.217222222222222,T20 World Cup: Australia vs Zimbabwe (Game 1),sports
?,2026-02-13 06:27:17,2026-02-13 10:39:41,0.2,0.999,2386.25,4.206666666666667,T20 World Cup: Australia vs Zimbabwe (Game 1),sports
?,2026-02-13 06:27:57,2026-02-13 10:39:41,0.2291459097,0.999,2575.84,4.195555555555556,T20 World Cup: Australia vs Zimbabwe (Game 1),sports
?,2026-02-13 06:28:57,2026-02-13 10:39:41,0.22,0.999,2356.0,4.178888888888889,T20 World Cup: Australia vs Zimbabwe (Game 1),sports
?,2026-02-13 06:29:05,2026-02-13 10:39:41,0.22,0.999,2582.18,4.176666666666667,T20 World Cup: Australia vs Zimbabwe (Game 1),sports
?,2026-02-13 06:29:39,2026-02-13 10:39:41,0.23,0.999,421.0,4.167222222222223,T20 World Cup: Australia vs Zimbabwe (Game 1),sports
?,2026-02-13 06:32:53,2026-02-13 10:39:41,0.2395546238,0.999,1478.75,4.113333333333333,T20 World Cup: Australia vs Zimbabwe (Game 1),sports
?,2026-02-13 06:35:53,2026-02-13 10:39:41,0.25,0.999,658.0,4.0633333333333335,T20 World Cup: Australia vs Zimbabwe (Game 1),sports
?,2026-02-13 06:37:11,2026-02-13 10:39:41,0.25,0.999,1636.35,4.041666666666667,T20 World Cup: Australia vs Zimbabwe (Game 1),sports
?,2026-02-13 06:37:53,2026-02-13 10:39:41,0.25,0.999,650.0,4.03,T20 World Cup: Australia vs Zimbabwe (Game 1),sports
?,2026-02-13 06:38:25,2026-02-13 10:39:41,0.24,0.999,771.25,4.021111111111111,T20 World Cup: Australia vs Zimbabwe (Game 1),sports
?,2026-02-13 06:40:57,2026-02-13 10:39:41,0.2480790741,0.999,2700.0,3.9788888888888887,T20 World Cup: Australia vs Zimbabwe (Game 1),sports
?,2026-02-13 06:44:23,2026-02-13 10:39:41,0.228881735,0.999,2951.0,3.921666666666667,T20 World Cup: Australia vs Zimbabwe (Game 1),sports
?,2026-02-13 14:20:33,2026-02-13 16:42:07,0.5336919565,0.999,4600.0,2.3594444444444442,Rotterdam Open: Alex de Minaur vs Botic van de Zandschulp,other
?,2026-02-13 17:01:35,2026-02-13 17:40:37,0.5593804348,0.43,537.0,0.6505555555555556,Argentina Open: Alejandro Tabilo vs Tomas Etcheverry,other
?,2026-02-13 20:32:39,2026-02-13 20:48:49,0.619999394,0.999,165.01,0.26944444444444443,Valorant: Gentle Mates vs BBL Esports (BO5) - VCT EMEA Kickoff Playoff,other
?,2026-02-13 20:33:55,2026-02-13 20:48:49,0.78,0.999,39.99,0.24833333333333332,Valorant: Gentle Mates vs BBL Esports (BO5) - VCT EMEA Kickoff Playoff,other
?,2026-02-13 20:34:35,2026-02-13 20:48:49,0.8096227269,0.999,265.06,0.23722222222222222,Valorant: Gentle Mates vs BBL Esports (BO5) - VCT EMEA Kickoff Playoff,other
?,2026-02-13 20:36:03,2026-02-13 20:48:49,0.7463152,0.999,500.0,0.2127777777777778,Valorant: Gentle Mates vs BBL Esports (BO5) - VCT EMEA Kickoff Playoff,other
?,2026-02-14 21:24:57,2026-02-14 21:30:17,0.51,0.49,4978.0,0.08888888888888889,New Orleans Privateers vs. Houston Christian Huskies,other
?,2026-02-14 22:50:27,2026-02-14 23:43:39,0.47,0.999,5107.83,0.8866666666666667,Dota 2: Team Yandex vs Natus Vincere (BO5) - BLAST Slam Playoffs,other
?,2026-02-15 13:01:03,2026-02-15 15:26:53,0.49,0.999,975.0,2.4305555555555554,Dubai Duty Free Tennis Championships: Liudmila Samsonova vs Leylah Fer,sports
?,2026-02-15 13:03:11,2026-02-15 15:26:53,0.49,0.999,945.0,2.395,Dubai Duty Free Tennis Championships: Liudmila Samsonova vs Leylah Fer,sports
?,2026-02-15 15:48:43,2026-02-15 15:59:51,0.12,0.04,2200.0,0.18555555555555556,Rotterdam Open: Alex de Minaur vs Felix Auger-Aliassime,other
?,2026-02-15 18:08:29,2026-02-15 22:19:17,0.46,0.999,2117.37,4.18,Spread: Marist Red Foxes (-1.5),other
?,2026-02-15 19:00:39,2026-02-15 22:19:17,0.44,0.999,156.0,3.3105555555555557,Spread: Marist Red Foxes (-1.5),other
?,2026-02-15 19:03:45,2026-02-15 19:04:11,0.46,0.45,30.3,0.007222222222222222,Spread: Illinois State Redbirds (-1.5),other
?,2026-02-15 22:37:17,2026-02-15 22:42:49,0.57,0.6,95.9,0.09222222222222222,Team World vs. Team USA Stripes,other
?,2026-02-16 14:25:55,2026-02-16 16:48:11,0.18,0.999,2318.2,2.371111111111111,T20 World Cup: Australia vs Sri Lanka (Game 1),sports
?,2026-02-16 14:26:21,2026-02-16 16:48:11,0.18,0.999,233.32,2.363888888888889,T20 World Cup: Australia vs Sri Lanka (Game 1),sports
?,2026-02-16 14:28:05,2026-02-16 16:48:11,0.16,0.999,10.0,2.335,T20 World Cup: Australia vs Sri Lanka (Game 1),sports
?,2026-02-16 14:45:29,2026-02-16 16:48:11,0.2,0.999,3750.0,2.045,T20 World Cup: Australia vs Sri Lanka (Game 1),sports
?,2026-02-16 14:50:47,2026-02-16 16:48:11,0.23,0.999,3130.77,1.9566666666666668,T20 World Cup: Australia vs Sri Lanka (Game 1),sports
?,2026-02-16 14:52:11,2026-02-16 16:48:11,0.2,0.999,37.75,1.9333333333333333,T20 World Cup: Australia vs Sri Lanka (Game 1),sports
?,2026-02-16 14:59:37,2026-02-16 16:48:11,0.26,0.999,6750.0,1.8094444444444444,T20 World Cup: Australia vs Sri Lanka (Game 1),sports
?,2026-02-16 15:03:15,2026-02-16 16:48:11,0.28,0.999,4200.0,1.748888888888889,T20 World Cup: Australia vs Sri Lanka (Game 1),sports
?,2026-02-16 15:07:19,2026-02-16 16:48:11,0.3099773243,0.999,4410.0,1.681111111111111,T20 World Cup: Australia vs Sri Lanka (Game 1),sports
?,2026-02-16 15:11:01,2026-02-16 16:48:11,0.36,0.999,39.13,1.6194444444444445,T20 World Cup: Australia vs Sri Lanka (Game 1),sports
?,2026-02-16 15:34:23,2026-02-16 16:48:11,0.33,0.999,1644.78,1.23,T20 World Cup: Australia vs Sri Lanka (Game 1),sports
?,2026-02-16 15:35:25,2026-02-16 16:48:11,0.35,0.999,1470.0,1.2127777777777777,T20 World Cup: Australia vs Sri Lanka (Game 1),sports
?,2026-02-16 15:36:13,2026-02-16 16:48:11,0.37,0.999,48.6,1.1994444444444445,T20 World Cup: Australia vs Sri Lanka (Game 1),sports
?,2026-02-16 15:38:07,2026-02-16 16:48:11,0.35,0.999,10.0,1.1677777777777778,T20 World Cup: Australia vs Sri Lanka (Game 1),sports
?,2026-02-16 16:15:31,2026-02-16 16:48:11,0.749,0.999,450.0,0.5444444444444444,T20 World Cup: Australia vs Sri Lanka (Game 1),sports
?,2026-02-17 10:09:35,2026-02-17 10:10:13,0.45,0.45,5.0,0.010555555555555556,T20 World Cup: Ireland vs Zimbabwe (Game 1),sports
?,2026-02-17 10:16:31,2026-02-17 10:21:57,0.55,0.56,634.18,0.09055555555555556,T20 World Cup: Ireland vs Zimbabwe (Game 1),sports
?,2026-02-17 13:22:19,2026-02-17 14:35:53,0.48,0.999,459.79,1.2261111111111112,Dubai Duty Free Tennis Championships: Paula Badosa vs Elina Svitolina,sports
?,2026-02-17 13:49:37,2026-02-17 14:35:35,0.28,0.22,90.0,0.7661111111111111,T20 World Cup: Nepal vs Scotland (Game 1),sports
?,2026-02-17 16:52:17,2026-02-18 00:43:33,0.6098288931,0.999,584.43,7.854444444444445,LoL: Senshi Esports Club vs The Bandits (BO5) - Road Of Legends Playof,other
?,2026-02-17 16:53:13,2026-02-18 00:43:33,0.6199737464,0.999,3809.0,7.838888888888889,LoL: Senshi Esports Club vs The Bandits (BO5) - Road Of Legends Playof,other
?,2026-02-17 16:53:35,2026-02-17 22:58:27,0.56,0.999,500.0,6.081111111111111,LoL: Senshi Esports Club vs The Bandits - Game 1 Winner,other
?,2026-02-17 22:50:13,2026-02-18 00:12:47,0.41,0.999,1220.0,1.376111111111111,Rio Open: Juan Manuel Cerundolo vs Luciano Darderi,other
?,2026-02-17 22:53:45,2026-02-18 00:12:47,0.4,0.999,900.0,1.3172222222222223,Rio Open: Juan Manuel Cerundolo vs Luciano Darderi,other
?,2026-02-18 02:12:35,2026-02-18 14:15:50,0.86,0.999,794.86,12.054166666666667,T20 World Cup: Namibia vs Pakistan (Game 1),sports
?,2026-02-18 09:14:42,2026-02-18 10:12:28,0.3194896855,0.3,92.0,0.9627777777777777,New Delhi: Oliver Crawford vs Ilya Ivashka,other
?,2026-02-18 22:17:40,2026-02-18 23:28:48,0.31,0.9925023529,2900.0,1.1855555555555555,Rio Open: Francisco Cerundolo vs Thiago Agustin Tirante,iran_israel
?,2026-02-18 22:25:28,2026-02-18 23:28:48,0.33,0.9925023529,42.0,1.0555555555555556,Rio Open: Francisco Cerundolo vs Thiago Agustin Tirante,iran_israel
?,2026-02-18 22:29:14,2026-02-18 23:28:48,0.3887933781,0.9925023529,207.19,0.9927777777777778,Rio Open: Francisco Cerundolo vs Thiago Agustin Tirante,iran_israel
?,2026-02-18 22:31:12,2026-02-18 23:28:48,0.41,0.9925023529,700.0,0.96,Rio Open: Francisco Cerundolo vs Thiago Agustin Tirante,iran_israel
?,2026-02-19 11:09:28,2026-02-19 17:04:48,0.3065615142,0.999,317.0,5.9222222222222225,Women's Knockout - Switzerland vs. Sweden,other
?,2026-02-19 11:32:18,2026-02-19 13:02:26,0.13,0.999,2486.76,1.5022222222222221,T20 World Cup: Sri Lanka vs Zimbabwe (Game 1),sports
?,2026-02-19 11:36:06,2026-02-19 13:02:26,0.13,0.999,704.98,1.4388888888888889,T20 World Cup: Sri Lanka vs Zimbabwe (Game 1),sports
?,2026-02-19 12:03:12,2026-02-19 13:02:26,0.26,0.999,400.86,0.9872222222222222,T20 World Cup: Sri Lanka vs Zimbabwe (Game 1),sports
?,2026-02-19 12:03:50,2026-02-19 13:02:26,0.26,0.999,1031.86,0.9766666666666667,T20 World Cup: Sri Lanka vs Zimbabwe (Game 1),sports
?,2026-02-19 12:12:44,2026-02-19 13:02:26,0.15,0.999,110.46,0.8283333333333334,T20 World Cup: Sri Lanka vs Zimbabwe (Game 1),sports
?,2026-02-19 13:12:28,2026-02-19 17:04:48,0.3,0.999,273.02,3.8722222222222222,Women's Knockout - Switzerland vs. Sweden,other
?,2026-02-19 19:44:54,2026-02-19 19:59:18,0.59,0.58,30.14,0.24,Will ACF Fiorentina win on 2026-02-19?,other
?,2026-02-20 22:15:08,2026-02-21 02:23:32,0.6596689479,0.999,5503.96,4.14,Call of Duty: Toronto KOI vs Los Angeles Thieves - Game 2 Winner,other
?,2026-02-20 22:15:08,2026-02-21 02:25:00,0.6596689479,0.999,969.04,4.164444444444444,Call of Duty: Toronto KOI vs Los Angeles Thieves - Game 2 Winner,other
?,2026-02-20 22:16:38,2026-02-21 02:25:00,0.659229584,0.999,649.0,4.139444444444444,Call of Duty: Toronto KOI vs Los Angeles Thieves - Game 2 Winner,other
?,2026-02-22 07:38:50,2026-02-22 07:40:20,0.5794578853,0.58,60.6,0.025,T20 World Cup: Sri Lanka vs England,sports
?,2026-02-27 23:18:01,2026-02-27 23:18:47,0.27,0.27,753.42,0.012777777777777779,Cavaliers vs. Pistons,other
?,2026-02-28 00:02:15,2026-02-28 04:00:51,0.46,0.999,19500.0,3.9766666666666666,Spread: Pistons (-7.5),other
?,2026-02-28 00:02:45,2026-02-28 04:00:51,0.4748114201,0.999,3009.07,3.9683333333333333,Spread: Pistons (-7.5),other
?,2026-02-28 00:03:13,2026-02-28 04:00:51,0.47,0.999,508.0,3.9605555555555556,Spread: Pistons (-7.5),other
?,2026-03-01 16:53:01,2026-03-01 16:59:11,0.07,0.07,10.0,0.10277777777777777,Dota 2: Tundra Esports vs Aurora (BO5) - DreamLeague Playoffs,other
?,2026-03-02 17:34:33,2026-03-02 19:45:25,0.5560177825,0.999,1994.09,2.181111111111111,Counter-Strike: NIP vs M80 (BO3) - ESL Pro League Stage 1,other
?,2026-03-02 18:43:15,2026-03-02 22:09:31,0.29,0.999,14100.0,3.437777777777778,Will Real Madrid CF win on 2026-03-02?,other
?,2026-03-02 18:43:17,2026-03-02 22:09:31,0.29,0.999,4663.06,3.437222222222222,Will Real Madrid CF win on 2026-03-02?,other
?,2026-03-03 10:24:25,2026-03-03 11:04:41,0.6,0.81,191.0,0.6711111111111111,Counter-Strike: FUT Esports vs Astralis (BO3) - ESL Pro League Stage 1,other
?,2026-03-03 10:24:25,2026-03-03 14:05:05,0.6,0.999,64798.0,3.6777777777777776,Counter-Strike: FUT Esports vs Astralis (BO3) - ESL Pro League Stage 1,other
?,2026-03-03 10:25:17,2026-03-03 14:05:05,0.6,0.999,5000.0,3.6633333333333336,Counter-Strike: FUT Esports vs Astralis (BO3) - ESL Pro League Stage 1,other
?,2026-03-03 10:25:35,2026-03-03 14:05:05,0.6,0.999,1999.0,3.658333333333333,Counter-Strike: FUT Esports vs Astralis (BO3) - ESL Pro League Stage 1,other
?,2026-03-03 10:25:55,2026-03-03 14:05:05,0.6,0.999,200.0,3.6527777777777777,Counter-Strike: FUT Esports vs Astralis (BO3) - ESL Pro League Stage 1,other
?,2026-03-03 10:50:33,2026-03-03 11:42:49,0.44,0.999,65.26,0.8711111111111111,LoL: T1 Academy vs Nongshim Esports Academy - Game 4 Winner,other
?,2026-03-03 10:53:15,2026-03-03 11:42:49,0.3789762386,0.999,7912.0,0.8261111111111111,LoL: T1 Academy vs Nongshim Esports Academy - Game 4 Winner,other
?,2026-03-03 11:03:21,2026-03-03 14:05:05,0.8,0.999,205.6,3.028888888888889,Counter-Strike: FUT Esports vs Astralis (BO3) - ESL Pro League Stage 1,other
?,2026-03-05 10:56:11,2026-03-05 12:04:03,0.29,0.44,1792.01,1.1311111111111112,LoL: Weibo Gaming vs Anyone's Legend (BO5) - LPL Playoffs,other
?,2026-03-05 11:09:09,2026-03-05 12:04:03,0.3020713578,0.44,20.8900000000001,0.915,LoL: Weibo Gaming vs Anyone's Legend (BO5) - LPL Playoffs,other
?,2026-03-06 03:08:01,2026-03-06 12:18:31,0.6093303859,0.5,2501.59,9.175,Counter-Strike: WW Team vs Eternal Fire (BO3) - CCT Europe Closed Qual,other
?,2026-03-06 11:19:23,2026-03-06 11:33:03,0.6699045084,0.51,528.0,0.22777777777777777,Counter-Strike: FUT Esports vs Astralis - Map 2 Winner,other
?,2026-03-06 11:19:49,2026-03-06 11:24:57,0.39,0.3830914765,153.81,0.08555555555555555,Counter-Strike: FUT Esports vs Astralis (BO3) - ESL Pro League Stage 2,other
?,2026-03-07 13:53:49,2026-03-07 13:54:21,0.2899787515,0.29,8424.2,0.008888888888888889,Will RB Leipzig win on 2026-03-07?,other
?,2026-03-07 13:53:49,2026-03-07 14:29:33,0.2899787515,0.28,5675.799949999999,0.5955555555555555,Will RB Leipzig win on 2026-03-07?,other
?,2026-03-07 13:53:51,2026-03-07 14:29:33,0.29,0.28,4645.56,0.595,Will RB Leipzig win on 2026-03-07?,other
?,2026-03-07 15:06:41,2026-03-07 16:07:25,0.31,0.280280112,0.8899999999999864,1.0122222222222221,First Round Pool A: Canada vs. Colombia,other
?,2026-03-07 15:06:41,2026-03-07 16:06:33,0.31,0.28,161.61,0.9977777777777778,First Round Pool A: Canada vs. Colombia,other
?,2026-03-07 15:06:41,2026-03-07 16:05:31,0.31,0.29,194.0,0.9805555555555555,First Round Pool A: Canada vs. Colombia,other
?,2026-03-07 15:06:41,2026-03-07 16:04:15,0.31,0.29,32.75,0.9594444444444444,First Round Pool A: Canada vs. Colombia,other
?,2026-03-07 15:25:47,2026-03-07 16:07:25,0.31,0.280280112,356.11,0.6938888888888889,First Round Pool A: Canada vs. Colombia,other
?,2026-03-07 22:42:51,2026-03-07 22:53:17,0.32,0.999,40.0,0.1738888888888889,"UFC 326: Rodolfo Bellato vs. Luke Fernandez (Light Heavyweight, Early ",other
?,2026-03-08 01:35:47,2026-03-08 01:42:17,0.41,0.4141983985,4808.0,0.10833333333333334,"UFC 326: Cody Garbrandt vs. Xiao Long (Bantamweight, Prelims)",other
?,2026-03-08 01:35:47,2026-03-08 01:42:37,0.41,0.41,699.7299999999996,0.11388888888888889,"UFC 326: Cody Garbrandt vs. Xiao Long (Bantamweight, Prelims)",other
?,2026-03-08 19:42:39,2026-03-08 22:14:31,0.48,0.999,9124.72,2.531111111111111,Knicks vs. Lakers: O/U 226.5,other
?,2026-03-08 20:04:31,2026-03-08 21:41:51,0.48,0.999,19200.0,1.6222222222222222,Dota 2: Team Falcons vs Team Spirit (BO3) - PGL Wallachia Group Stage,other
?,2026-03-08 20:04:33,2026-03-08 21:41:51,0.48,0.999,12827.83,1.6216666666666666,Dota 2: Team Falcons vs Team Spirit (BO3) - PGL Wallachia Group Stage,other
?,2026-03-08 20:27:23,2026-03-08 22:06:37,0.73,0.999,3037.87,1.653888888888889,Call of Duty: Toronto KOI vs Boston Breach (BO5) - Call of Duty League,other
?,2026-03-09 09:21:17,2026-03-09 09:39:41,0.28,0.29,1086.0,0.30666666666666664,First Round Pool C: Australia vs. South Korea,other
?,2026-03-09 10:12:55,2026-03-09 12:18:23,0.46,0.999,43.1,2.091111111111111,Dota 2: Aurora vs Tundra Esports (BO3) - PGL Wallachia Group Stage,other
?,2026-03-09 14:47:13,2026-03-09 18:55:27,0.53,0.999,37.32,4.137222222222222,Counter-Strike: Astralis vs FaZe (BO3) - ESL Pro League Stage 2,other
?,2026-03-10 07:54:23,2026-03-10 08:05:19,0.24,0.24,10.0,0.18222222222222223,Dota 2: BetBoom Team vs Yellow Submarine - Game 1 Winner,other
?,2026-03-10 14:16:43,2026-03-10 14:48:45,0.4789766971,0.48,5.0,0.5338888888888889,Dota 2: Heroic vs Natus Vincere (BO3) - PGL Wallachia Group Stage,other
?,2026-03-10 14:16:43,2026-03-10 14:52:23,0.4789766971,0.47,587.2,0.5944444444444444,Dota 2: Heroic vs Natus Vincere (BO3) - PGL Wallachia Group Stage,other
?,2026-03-10 14:46:51,2026-03-10 14:52:23,0.4799519498,0.47,229.01,0.09222222222222222,Dota 2: Heroic vs Natus Vincere (BO3) - PGL Wallachia Group Stage,other
?,2026-03-10 22:06:33,2026-03-10 22:18:13,0.61,0.61,4674.3,0.19444444444444445,First Round Pool D: Netherlands vs. Israel,iran_israel
?,2026-03-10 23:31:31,2026-03-10 23:39:11,0.09,0.09,631.0,0.12777777777777777,Pistons vs. Nets,other
?,2026-03-11 15:02:03,2026-03-11 15:06:17,0.28,0.32,37.95,0.07055555555555555,Dota 2: PARIVISION vs Tundra Esports (BO3) - PGL Wallachia Group Stage,other
?,2026-03-11 15:03:57,2026-03-11 15:06:17,0.29,0.32,168.39,0.03888888888888889,Dota 2: PARIVISION vs Tundra Esports (BO3) - PGL Wallachia Group Stage,other
?,2026-03-11 15:09:41,2026-03-11 18:04:23,0.52,0.999,42000.0,2.9116666666666666,Dota 2: PARIVISION vs Tundra Esports - Game 2 Winner,other
?,2026-03-11 15:11:47,2026-03-11 18:04:23,0.51,0.999,1270.3,2.8766666666666665,Dota 2: PARIVISION vs Tundra Esports - Game 2 Winner,other
?,2026-03-12 09:00:07,2026-03-12 09:13:25,0.44,0.48,24.0,0.22166666666666668,Dota 2: Heroic vs BetBoom Team - Game 2 Winner,other
?,2026-03-12 11:49:07,2026-03-12 12:46:13,0.65,0.999,33000.0,0.9516666666666667,Dota 2: Team Spirit vs Vici Gaming - Game 2 Winner,other
?,2026-03-12 11:50:37,2026-03-12 12:46:13,0.65,0.999,3536.0,0.9266666666666666,Dota 2: Team Spirit vs Vici Gaming - Game 2 Winner,other
?,2026-03-12 11:53:21,2026-03-12 12:46:13,0.6489502695,0.999,4528.21,0.8811111111111111,Dota 2: Team Spirit vs Vici Gaming - Game 2 Winner,other
?,2026-03-12 14:05:11,2026-03-12 15:47:27,0.48,0.999,6967.4,1.7044444444444444,Dota 2: Aurora vs Team Yandex - Game 2 Winner,other
?,2026-03-12 14:05:11,2026-03-12 14:19:09,0.48,0.49,100.0,0.23277777777777778,Dota 2: Aurora vs Team Yandex - Game 2 Winner,other
?,2026-03-12 14:16:39,2026-03-12 14:19:17,0.26,0.26,10.76,0.04388888888888889,Dota 2: Aurora vs Team Yandex (BO3) - PGL Wallachia Playoffs,other
?,2026-03-12 15:46:45,2026-03-12 15:57:19,0.4897587078,0.42,11257.72,0.1761111111111111,Dota 2: Aurora vs Team Yandex (BO3) - PGL Wallachia Playoffs,other
?,2026-03-12 15:47:43,2026-03-12 15:57:19,0.5,0.42,1046.1200000000008,0.16,Dota 2: Aurora vs Team Yandex (BO3) - PGL Wallachia Playoffs,other
?,2026-03-13 09:07:31,2026-03-13 10:04:07,0.4281768565,0.999,33419.97,0.9433333333333334,Dota 2: Heroic vs Vici Gaming - Game 2 Winner,other
?,2026-03-13 09:13:01,2026-03-13 10:04:07,0.439441239,0.999,32930.0,0.8516666666666667,Dota 2: Heroic vs Vici Gaming - Game 2 Winner,other
?,2026-03-14 08:19:55,2026-03-14 09:00:33,0.4901243425,0.999,4021.15,0.6772222222222222,Dota 2: Tundra Esports vs Team Spirit - Game 1 Winner,other
?,2026-03-14 08:20:49,2026-03-14 09:00:33,0.5,0.999,2839.8,0.6622222222222223,Dota 2: Tundra Esports vs Team Spirit - Game 1 Winner,other
?,2026-03-14 14:17:03,2026-03-14 16:34:49,0.49,0.999,631.6,2.296111111111111,Dota 2: BetBoom Team vs Team Yandex (BO3) - PGL Wallachia Playoffs,other
?,2026-03-14 14:19:31,2026-03-14 16:34:49,0.51,0.999,1896.0,2.255,Dota 2: BetBoom Team vs Team Yandex (BO3) - PGL Wallachia Playoffs,other
?,2026-03-14 21:28:23,2026-03-14 22:44:23,0.63,0.999,15757.04,1.2666666666666666,"UFC Fight Night: Luan Lacerda vs. Hecher Sosa (Bantamweight, Prelims)",other
?,2026-03-14 21:28:23,2026-03-14 22:44:25,0.63,0.999,761.0,1.2672222222222222,"UFC Fight Night: Luan Lacerda vs. Hecher Sosa (Bantamweight, Prelims)",other
?,2026-03-14 21:28:23,2026-03-14 22:44:23,0.63,0.999,1200.0,1.2666666666666666,"UFC Fight Night: Luan Lacerda vs. Hecher Sosa (Bantamweight, Prelims)",other
?,2026-03-14 21:28:23,2026-03-14 22:44:23,0.63,0.999,12275.96,1.2666666666666666,"UFC Fight Night: Luan Lacerda vs. Hecher Sosa (Bantamweight, Prelims)",other
?,2026-03-14 21:28:23,2026-03-14 22:44:21,0.63,0.999,1015.0,1.2661111111111112,"UFC Fight Night: Luan Lacerda vs. Hecher Sosa (Bantamweight, Prelims)",other
?,2026-03-14 21:28:23,2026-03-14 22:44:21,0.63,0.999,1040.0,1.2661111111111112,"UFC Fight Night: Luan Lacerda vs. Hecher Sosa (Bantamweight, Prelims)",other
?,2026-03-14 21:28:23,2026-03-14 22:44:21,0.63,0.999,985.0,1.2661111111111112,"UFC Fight Night: Luan Lacerda vs. Hecher Sosa (Bantamweight, Prelims)",other
?,2026-03-14 21:28:23,2026-03-14 22:44:21,0.63,0.999,1210.0,1.2661111111111112,"UFC Fight Night: Luan Lacerda vs. Hecher Sosa (Bantamweight, Prelims)",other
?,2026-03-14 21:28:45,2026-03-14 22:44:25,0.63,0.999,339.0,1.261111111111111,"UFC Fight Night: Luan Lacerda vs. Hecher Sosa (Bantamweight, Prelims)",other
?,2026-03-14 23:21:23,2026-03-14 23:23:43,0.34,0.34,2794.0,0.03888888888888889,"UFC Fight Night: Vitor Petrino vs. Steven Asplund (Heavyweight, Prelim",other
?,2026-03-15 09:05:33,2026-03-15 09:06:05,0.34,0.35205456,87.61,0.008888888888888889,Dota 2: BetBoom Team vs Team Liquid (BO3) - PGL Wallachia Playoffs,other
?,2026-03-15 10:57:15,2026-03-15 12:25:51,0.42,0.999,35600.0,1.4766666666666666,Dota 2: BetBoom Team vs Team Liquid - Game 2 Winner,other
?,2026-03-15 11:02:57,2026-03-15 12:25:51,0.43,0.999,62.63,1.3816666666666666,Dota 2: BetBoom Team vs Team Liquid - Game 2 Winner,other
?,2026-03-15 11:06:43,2026-03-15 12:25:51,0.3099209736,0.999,1265.4,1.318888888888889,Dota 2: BetBoom Team vs Team Liquid - Game 2 Winner,other
?,2026-03-15 11:07:49,2026-03-15 12:25:51,0.31,0.999,463.02,1.3005555555555555,Dota 2: BetBoom Team vs Team Liquid - Game 2 Winner,other
?,2026-03-15 11:08:17,2026-03-15 12:25:51,0.29,0.999,50.0,1.2927777777777778,Dota 2: BetBoom Team vs Team Liquid - Game 2 Winner,other
?,2026-03-15 17:45:43,2026-03-15 18:50:51,0.47,0.999,232.0,1.0855555555555556,Dota 2: Team Yandex vs Team Liquid - Game 3 Winner,other
?,2026-03-15 19:07:25,2026-03-15 21:56:33,0.48,0.999,2545.16,2.818888888888889,Mavericks vs. Cavaliers: O/U 235.5,other
?,2026-03-15 19:09:35,2026-03-15 21:56:33,0.48,0.999,117.24,2.7827777777777776,Mavericks vs. Cavaliers: O/U 235.5,other
?,2026-03-15 19:14:41,2026-03-15 21:56:37,0.44,0.999,7512.27,2.698888888888889,Spread: Bucks (-9.5),other
?,2026-03-15 19:15:11,2026-03-15 21:56:37,0.44,0.999,1080.0,2.6905555555555556,Spread: Bucks (-9.5),other
?,2026-03-15 19:17:01,2026-03-15 21:56:37,0.44,0.999,1431.0,2.66,Spread: Bucks (-9.5),other
?,2026-03-16 19:36:55,2026-03-16 21:58:09,0.37,0.999,1325.0,2.3538888888888887,Will Brentford FC win on 2026-03-16?,other
?,2026-03-16 19:38:43,2026-03-16 21:58:09,0.37,0.999,1044.0,2.323888888888889,Will Brentford FC win on 2026-03-16?,other
?,2026-03-16 23:31:27,2026-03-16 23:37:27,0.44,0.44,282.98,0.1,Spread: Trail Blazers (-9.5),other
?,2026-03-17 22:49:35,2026-03-18 01:52:45,0.47,0.999,2430.94,3.0527777777777776,Thunder vs. Magic: O/U 223.5,other
?,2026-03-17 23:10:01,2026-03-18 01:52:45,0.48,0.999,18322.88,2.712222222222222,Thunder vs. Magic: O/U 223.5,other
?,2026-03-18 14:51:31,2026-03-18 15:26:11,0.69,0.999,24671.75,0.5777777777777777,LoL: Bilibili Gaming vs G2 Esports - Game 3 Winner,other
?,2026-03-18 14:55:53,2026-03-18 15:26:11,0.68,0.999,10495.32,0.505,LoL: Bilibili Gaming vs G2 Esports - Game 3 Winner,other
?,2026-03-18 15:33:07,2026-03-18 16:24:47,0.4,0.25,23.0,0.8611111111111112,Game Handicap: BFX (-2.5) vs Team Secret Whales (+2.5),other
?,2026-03-18 16:34:11,2026-03-18 16:38:43,0.11,0.1,1377.77,0.07555555555555556,LoL: BNK FEARX vs Team Secret Whales - Game 2 Winner,other
?,2026-03-19 15:14:29,2026-03-19 15:14:59,0.05,0.05,22971.0,0.008333333333333333,LoL: JD Gaming vs LOUD (BO5) - First Stand Group B,other
?,2026-03-19 19:58:13,2026-03-19 22:08:31,0.64,0.999,37698.0,2.171666666666667,Will VfB Stuttgart win on 2026-03-19?,other
?,2026-03-19 19:59:39,2026-03-19 22:08:31,0.64,0.999,864.0,2.147777777777778,Will VfB Stuttgart win on 2026-03-19?,other
?,2026-03-19 23:45:51,2026-03-19 23:46:07,0.47,0.46,5.0,0.0044444444444444444,Spread: Heat (-2.5),other
?,2026-03-20 00:11:29,2026-03-20 01:04:19,0.49,0.46,88.0,0.8805555555555555,Bucks vs. Jazz: O/U 228.5,other
?,2026-03-20 00:11:29,2026-03-20 01:05:09,0.49,0.46,4544.5,0.8944444444444445,Bucks vs. Jazz: O/U 228.5,other
?,2026-03-20 00:11:29,2026-03-20 00:50:49,0.49,0.47,630.0,0.6555555555555556,Bucks vs. Jazz: O/U 228.5,other
?,2026-03-20 00:11:29,2026-03-20 01:02:25,0.49,0.46,100.0,0.8488888888888889,Bucks vs. Jazz: O/U 228.5,other
?,2026-03-20 09:59:15,2026-03-20 15:55:31,0.35,0.999,25800.32,5.937777777777778,Game Handicap: BFX (-1.5) vs G2 Esports (+1.5),other
?,2026-03-20 10:00:53,2026-03-20 15:55:17,0.18,0.999,62146.83,5.906666666666666,LoL: G2 Esports vs BNK FEARX (BO5) - First Stand Group A,other
?,2026-03-20 13:47:05,2026-03-20 15:55:17,0.3752845732,0.999,6841.65,2.1366666666666667,LoL: G2 Esports vs BNK FEARX (BO5) - First Stand Group A,other
?,2026-03-21 13:13:55,2026-03-21 13:47:21,0.11,0.999,3000.0,0.5572222222222222,LoL: Gen.G vs G2 Esports - Game 1 Winner,other
?,2026-03-21 14:08:13,2026-03-21 14:38:27,0.16,0.999,2292.02,0.5038888888888889,LoL: Gen.G vs G2 Esports - Game 2 Winner,other
?,2026-03-21 14:43:45,2026-03-21 15:29:59,0.23,0.999,4477.85,0.7705555555555555,LoL: Gen.G vs G2 Esports - Game 3 Winner,other
?,2026-03-22 10:42:59,2026-03-22 14:04:31,0.41,0.999,2067.56,3.358888888888889,Will Newcastle United FC win on 2026-03-22?,other
?,2026-03-22 10:47:59,2026-03-22 14:04:31,0.4,0.999,362.0,3.2755555555555556,Will Newcastle United FC win on 2026-03-22?,other
?,2026-03-22 10:48:31,2026-03-22 14:04:31,0.39,0.999,332.0,3.2666666666666666,Will Newcastle United FC win on 2026-03-22?,other
?,2026-03-22 14:16:03,2026-03-22 14:55:17,0.5651625044,0.999,10051.11,0.6538888888888889,LoL: G2 Esports vs Bilibili Gaming - Game 2 Winner,other
?,2026-03-23 13:02:35,2026-03-23 13:07:01,0.58,0.59,369.85,0.07388888888888889,Counter-Strike: Team Falcons vs FURIA - Map 1 Winner,other
?,2026-03-23 13:02:35,2026-03-23 13:06:21,0.58,0.59,404.84,0.06277777777777778,Counter-Strike: Team Falcons vs FURIA - Map 1 Winner,other
?,2026-03-23 13:02:35,2026-03-23 13:06:09,0.58,0.6114285714,35.0,0.059444444444444446,Counter-Strike: Team Falcons vs FURIA - Map 1 Winner,other
?,2026-03-23 13:02:35,2026-03-23 13:05:11,0.58,0.6006896552,145.0,0.043333333333333335,Counter-Strike: Team Falcons vs FURIA - Map 1 Winner,other
?,2026-03-23 18:40:43,2026-03-23 20:28:51,0.59,0.001,10.0,1.8022222222222222,LoL: Berlin International Gaming vs Karmine Corp Blue - Game 2 Winner,other
?,2026-03-23 20:40:43,2026-03-23 21:43:21,0.38,0.999,24300.0,1.0438888888888889,Counter-Strike: TheMongolz vs Spirit - Map 1 Winner,other
?,2026-03-23 23:02:27,2026-03-24 01:30:51,0.46,0.999,5912.26,2.473333333333333,Spread: Spurs (-4.5),other
?,2026-03-23 23:07:05,2026-03-24 01:30:51,0.46,0.999,18500.0,2.3961111111111113,Spread: Spurs (-4.5),other
?,2026-03-23 23:07:23,2026-03-24 01:30:51,0.46,0.999,9835.86,2.391111111111111,Spread: Spurs (-4.5),other
?,2026-03-23 23:08:07,2026-03-24 01:30:51,0.46,0.999,5068.52,2.378888888888889,Spread: Spurs (-4.5),other
?,2026-03-25 00:02:49,2026-03-25 01:55:51,0.73,0.999,3750.0,1.883888888888889,Blackhawks vs. Islanders,other
?,2026-03-25 00:02:53,2026-03-25 01:55:51,0.73,0.999,191.4,1.8827777777777779,Blackhawks vs. Islanders,other
?,2026-03-25 00:05:37,2026-03-25 01:55:51,0.74,0.999,245.69,1.8372222222222223,Blackhawks vs. Islanders,other
?,2026-03-25 00:06:33,2026-03-25 01:55:51,0.75,0.999,634.56,1.8216666666666668,Blackhawks vs. Islanders,other
?,2026-03-25 00:49:47,2026-03-25 01:55:53,0.74,0.999,2243.0,1.1016666666666666,Hurricanes vs. Canadiens,other
?,2026-03-27 12:05:29,2026-03-27 12:09:57,0.47,0.47,930.26,0.07444444444444444,Dota 2: MOUZ vs Xtreme Gaming - Game 1 Winner,other
?,2026-03-27 12:05:45,2026-03-27 12:12:35,0.44,0.46,100.0,0.11388888888888889,Dota 2: MOUZ vs Xtreme Gaming (BO3) - ESL One Birmingham Playoffs,other
?,2026-03-27 20:25:53,2026-03-27 21:23:21,0.16,0.42,1732.0,0.9577777777777777,Dota 2: Team Spirit vs Xtreme Gaming (BO3) - ESL One Birmingham Playof,other
?,2026-03-27 20:25:53,2026-03-27 23:34:17,0.16,0.999,468.53999999999996,3.14,Dota 2: Team Spirit vs Xtreme Gaming (BO3) - ESL One Birmingham Playof,other
?,2026-03-27 20:30:15,2026-03-27 23:34:17,0.1735091618,0.999,1709.81,3.067222222222222,Dota 2: Team Spirit vs Xtreme Gaming (BO3) - ESL One Birmingham Playof,other
?,2026-03-27 20:31:37,2026-03-27 23:34:17,0.18,0.999,186.0,3.0444444444444443,Dota 2: Team Spirit vs Xtreme Gaming (BO3) - ESL One Birmingham Playof,other
?,2026-03-27 21:58:37,2026-03-27 23:34:17,0.4194197864,0.999,618.91,1.5944444444444446,Dota 2: Team Spirit vs Xtreme Gaming (BO3) - ESL One Birmingham Playof,other
?,2026-03-27 23:46:39,2026-03-27 23:47:11,0.47,0.47,1000.0,0.008888888888888889,Spread: Thunder (-19.5),other
?,2026-03-28 13:50:23,2026-03-28 15:31:21,0.8,0.999,6013.81,1.6827777777777777,LoL: GIANTX vs Fnatic (BO3) - LEC Group Stage,other
?,2026-03-28 13:50:49,2026-03-28 15:31:21,0.8,0.999,10600.0,1.6755555555555555,LoL: GIANTX vs Fnatic (BO3) - LEC Group Stage,other
?,2026-03-28 13:50:57,2026-03-28 15:31:21,0.8,0.999,8815.06,1.6733333333333333,LoL: GIANTX vs Fnatic (BO3) - LEC Group Stage,other
?,2026-03-28 13:51:11,2026-03-28 15:31:21,0.8,0.999,8220.06,1.6694444444444445,LoL: GIANTX vs Fnatic (BO3) - LEC Group Stage,other
?,2026-03-28 13:53:13,2026-03-28 15:31:21,0.8,0.999,4469.82,1.6355555555555557,LoL: GIANTX vs Fnatic (BO3) - LEC Group Stage,other
?,2026-03-28 20:03:30,2026-03-28 21:03:16,0.3645953559,0.999,10880.55,0.9961111111111111,Dota 2: Xtreme Gaming vs PARIVISION - Game 2 Winner,other
?,2026-03-28 20:07:34,2026-03-28 21:03:16,0.43,0.999,8.0,0.9283333333333333,Dota 2: Xtreme Gaming vs PARIVISION - Game 2 Winner,other
?,2026-03-28 20:12:22,2026-03-28 21:03:16,0.45,0.999,54600.0,0.8483333333333334,Dota 2: Xtreme Gaming vs PARIVISION - Game 2 Winner,other
?,2026-03-28 20:20:38,2026-03-28 21:03:16,0.3566754681,0.999,41.66,0.7105555555555556,Dota 2: Xtreme Gaming vs PARIVISION - Game 2 Winner,other
?,2026-03-29 00:21:50,2026-03-29 00:54:06,0.43,0.999,31579.56,0.5377777777777778,UFC Fight Night: Yousri Belgaroui vs. Mansur Abdul-Malik (Middleweight,other
?,2026-03-29 20:58:06,2026-03-29 23:16:58,0.53,0.999,145901.0,2.3144444444444443,Spread: Heat (-9.5),other
?,2026-03-29 21:03:42,2026-03-29 23:17:48,0.47,0.999,94.07,2.235,Heat vs. Pacers: O/U 246.5,other
?,2026-03-30 18:27:47,2026-03-30 19:06:49,0.5503847486,0.999,259.91,0.6505555555555556,LoL: Team Heretics vs Team Vitality - Game 1 Winner,other
?,2026-04-02 22:42:11,2026-04-02 22:43:13,0.45,0.45,5.0,0.017222222222222222,Suns vs. Hornets: O/U 225.5,other
?,2026-04-03 21:26:05,2026-04-03 21:29:17,0.4665345162,0.47,1.34,0.05333333333333334,Spread: 76ers (-4.5),other
?,2026-04-03 21:27:05,2026-04-03 21:29:25,0.43,0.43,5.0,0.03888888888888889,Spread: 76ers (-5.5),other
?,2026-04-03 22:03:01,2026-04-03 23:13:09,0.47,0.47,2291.53,1.1688888888888889,Timberwolves vs. 76ers: O/U 235.5,other
?,2026-04-04 14:18:43,2026-04-04 18:56:03,0.37,0.999,47147.8,4.622222222222222,Will Real Madrid CF win on 2026-04-04?,other
?,2026-04-04 14:20:17,2026-04-04 18:56:03,0.37,0.999,15664.616,4.596111111111111,Will Real Madrid CF win on 2026-04-04?,other
?,2026-04-04 14:21:07,2026-04-04 18:56:03,0.37,0.999,3175.26,4.582222222222223,Will Real Madrid CF win on 2026-04-04?,other
?,2026-04-04 14:22:33,2026-04-04 18:56:03,0.3681653139,0.999,3034.43162,4.558333333333334,Will Real Madrid CF win on 2026-04-04?,other
?,2026-04-04 14:32:59,2026-04-04 18:56:03,0.41,0.999,1303.39646,4.384444444444444,Will Real Madrid CF win on 2026-04-04?,other
?,2026-04-04 22:03:29,2026-04-04 22:57:09,0.54,0.999,39496.9432,0.8944444444444445,"UFC Fight Night: Hailey Cowan vs. Alice Pereira (Women's Bantamweight,",other
?,2026-04-04 22:04:25,2026-04-04 22:57:09,0.54,0.999,553.2956,0.8788888888888889,"UFC Fight Night: Hailey Cowan vs. Alice Pereira (Women's Bantamweight,",other
?,2026-04-04 22:05:03,2026-04-04 22:57:09,0.54,0.999,396.7392,0.8683333333333333,"UFC Fight Night: Hailey Cowan vs. Alice Pereira (Women's Bantamweight,",other
?,2026-04-04 23:19:33,2026-04-04 23:21:51,0.5,0.5,2745.1,0.03833333333333333,"UFC Fight Night: Thomas Petersen vs. Guilherme Pat (Heavyweight, Preli",other
?,2026-04-05 00:08:15,2026-04-05 00:18:23,0.65,0.65,3189.69,0.1688888888888889,"UFC Fight Night: Jose Delano vs. Robert Ruchala (Featherweight, Prelim",other
?,2026-04-05 00:08:15,2026-04-05 00:41:29,0.65,0.999,28372.291,0.5538888888888889,"UFC Fight Night: Jose Delano vs. Robert Ruchala (Featherweight, Prelim",other
?,2026-04-05 00:09:31,2026-04-05 00:41:29,0.65,0.999,40169.349,0.5327777777777778,"UFC Fight Night: Jose Delano vs. Robert Ruchala (Featherweight, Prelim",other
?,2026-04-05 00:09:45,2026-04-05 00:41:29,0.65,0.999,850.02654,0.5288888888888889,"UFC Fight Night: Jose Delano vs. Robert Ruchala (Featherweight, Prelim",other
?,2026-04-05 12:05:45,2026-04-05 13:59:33,0.19,0.999,1220.9126,1.8966666666666667,LoL: Top Esports vs Anyone's Legend - Game 1 Winner,other
?,2026-04-05 12:07:15,2026-04-05 13:59:29,0.3605636693,0.999,1706.02496,1.8705555555555555,Game Handicap: AL (-1.5) vs Top Esports (+1.5),other
?,2026-04-05 12:10:51,2026-04-05 13:59:29,0.13,0.999,47.39,1.8105555555555555,LoL: Top Esports vs Anyone's Legend (BO3) - LPL Group Ascend,other
?,2026-04-05 12:11:47,2026-04-05 13:59:29,0.37,0.999,2138.0084,1.795,Game Handicap: AL (-1.5) vs Top Esports (+1.5),other
?,2026-04-05 18:59:27,2026-04-05 19:24:55,0.47,0.48,82.71334,0.42444444444444446,Wizards vs. Nets: O/U 230.5,other
?,2026-04-05 19:21:31,2026-04-05 19:24:55,0.47,0.48,2859.67552,0.056666666666666664,Wizards vs. Nets: O/U 230.5,other
?,2026-04-05 19:27:51,2026-04-05 21:57:39,0.46,0.999,202.2284,2.4966666666666666,Spread: Suns (-10.5),other
?,2026-04-05 19:38:13,2026-04-05 21:58:59,0.44,0.999,3421.114,2.346111111111111,Suns vs. Bulls: O/U 241.5,other
?,2026-04-06 09:52:41,2026-04-06 10:14:43,0.63,0.63,7.94,0.3672222222222222,LoL: KT Rolster Challengers vs Dplus KIA Challengers (BO3) - LCK Chall,other
?,2026-04-06 09:52:41,2026-04-06 10:41:09,0.63,0.62,175.5833,0.8077777777777778,LoL: KT Rolster Challengers vs Dplus KIA Challengers (BO3) - LCK Chall,other
?,2026-04-09 17:12:17,2026-04-09 19:31:19,0.26,0.999,5733.6,2.317222222222222,Indian Premier League: Kolkata Knight Riders vs Lucknow Super Giants,other
?,2026-04-09 17:13:49,2026-04-09 19:31:19,0.23,0.999,186.04824,2.2916666666666665,Indian Premier League: Kolkata Knight Riders vs Lucknow Super Giants,other
?,2026-04-09 17:15:11,2026-04-09 19:31:19,0.28,0.999,3033.9554,2.2688888888888887,Indian Premier League: Kolkata Knight Riders vs Lucknow Super Giants,other
?,2026-04-09 17:16:19,2026-04-09 19:31:19,0.27,0.999,5450.34,2.25,Indian Premier League: Kolkata Knight Riders vs Lucknow Super Giants,other
?,2026-04-15 15:49:14,2026-04-15 15:51:22,0.36,0.35,9.616,0.035555555555555556,Will FC Bayern München win on 2026-04-15?,other
?,2026-04-19 22:42:56,2026-04-20 01:07:22,0.31,0.999,5951.75568,2.4072222222222224,Magic vs. Pistons,other
?,2026-04-19 22:43:24,2026-04-20 01:07:22,0.3,0.999,766.4,2.3994444444444443,Magic vs. Pistons,other
?,2026-04-20 14:26:30,2026-04-20 14:27:42,0.51,0.52,593.29,0.02,Dota 2: BetBoom Team vs Team Falcons (BO3) - PGL Wallachia Group Stage,other
?,2026-04-21 02:39:50,2026-04-21 02:44:04,0.51,0.51,60.1772,0.07055555555555555,Timberwolves vs. Nuggets: O/U 231.5,other
?,2026-04-21 02:42:02,2026-04-21 02:44:04,0.5096151426,0.51,189.8228,0.03388888888888889,Timberwolves vs. Nuggets: O/U 231.5,other
?,2026-04-21 07:11:34,2026-04-21 07:47:26,0.47,0.999,71600.07468,0.5977777777777777,Dota 2: Team Spirit vs Natus Vincere - Game 1 Winner,other
?,2026-04-21 07:12:38,2026-04-21 07:47:26,0.47,0.999,2904.6,0.58,Dota 2: Team Spirit vs Natus Vincere - Game 1 Winner,other
?,2026-04-21 13:24:10,2026-04-21 13:27:08,0.32,0.32,102.95,0.049444444444444444,Dota 2: Virtus.pro vs MOUZ (BO3) - PGL Wallachia Group Stage,other
?,2026-04-21 13:24:10,2026-04-21 13:30:30,0.32,0.32,195.0,0.10555555555555556,Dota 2: Virtus.pro vs MOUZ (BO3) - PGL Wallachia Group Stage,other
?,2026-04-21 13:24:10,2026-04-21 15:46:14,0.32,0.999,3829.0272000000004,2.367777777777778,Dota 2: Virtus.pro vs MOUZ (BO3) - PGL Wallachia Group Stage,other
?,2026-04-21 13:29:00,2026-04-21 15:46:14,0.32,0.999,134.87312,2.2872222222222223,Dota 2: Virtus.pro vs MOUZ (BO3) - PGL Wallachia Group Stage,other
?,2026-04-21 13:34:08,2026-04-21 15:46:14,0.31,0.999,80.51282,2.2016666666666667,Dota 2: Virtus.pro vs MOUZ (BO3) - PGL Wallachia Group Stage,other
?,2026-04-21 13:39:40,2026-04-21 15:46:14,0.36,0.999,86.544,2.1094444444444442,Dota 2: Virtus.pro vs MOUZ (BO3) - PGL Wallachia Group Stage,other
?,2026-04-21 13:43:10,2026-04-21 15:46:14,0.34,0.999,38455.02106,2.051111111111111,Dota 2: Virtus.pro vs MOUZ (BO3) - PGL Wallachia Group Stage,other
?,2026-04-21 13:45:12,2026-04-21 15:46:14,0.3432448308,0.999,81.76584,2.0172222222222222,Dota 2: Virtus.pro vs MOUZ (BO3) - PGL Wallachia Group Stage,other
?,2026-04-21 14:37:24,2026-04-21 15:46:14,0.53,0.999,10493.50612,1.1472222222222221,Dota 2: Virtus.pro vs MOUZ (BO3) - PGL Wallachia Group Stage,other
?,2026-04-21 14:39:30,2026-04-21 15:46:14,0.54,0.999,58.28566,1.1122222222222222,Dota 2: Virtus.pro vs MOUZ (BO3) - PGL Wallachia Group Stage,other
?,2026-04-21 14:48:32,2026-04-21 15:46:14,0.57,0.999,1510.01,0.9616666666666667,Dota 2: Virtus.pro vs MOUZ (BO3) - PGL Wallachia Group Stage,other
?,2026-04-21 14:51:24,2026-04-21 15:46:14,0.5336037288,0.999,16861.62376,0.9138888888888889,Dota 2: Virtus.pro vs MOUZ (BO3) - PGL Wallachia Group Stage,other
?,2026-04-21 14:51:46,2026-04-21 15:46:14,0.55,0.999,3032.32532,0.9077777777777778,Dota 2: Virtus.pro vs MOUZ (BO3) - PGL Wallachia Group Stage,other
?,2026-04-21 14:53:16,2026-04-21 15:46:14,0.56,0.999,517.9552,0.8827777777777778,Dota 2: Virtus.pro vs MOUZ (BO3) - PGL Wallachia Group Stage,other
?,2026-04-23 00:34:20,2026-04-23 00:43:46,0.47,0.47,1847.9259,0.15722222222222224,Spread: Thunder (-16.5),other
?,2026-04-23 07:13:14,2026-04-23 07:59:12,0.32,0.999,1744.7848,0.7661111111111111,Dota 2: PARIVISION vs South America Rejects - Game 1 Winner,other
?,2026-04-23 07:18:04,2026-04-23 07:59:12,0.27,0.999,29.9195,0.6855555555555556,Dota 2: PARIVISION vs South America Rejects - Game 1 Winner,other
?,2026-04-23 13:36:54,2026-04-23 14:46:26,0.46,0.999,90405.74178,1.1588888888888889,Dota 2: Team Liquid vs Team Falcons - Game 1 Winner,other
?,2026-04-24 13:50:22,2026-04-24 14:21:14,0.57,0.999,107676.95238,0.5144444444444445,Dota 2: PARIVISION vs Aurora - Game 1 Winner,other
?,2026-04-24 13:51:02,2026-04-24 14:21:14,0.57,0.999,8767.8,0.5033333333333333,Dota 2: PARIVISION vs Aurora - Game 1 Winner,other
?,2026-04-24 13:51:36,2026-04-24 14:21:14,0.57,0.999,17980.54638,0.4938888888888889,Dota 2: PARIVISION vs Aurora - Game 1 Winner,other
?,2026-04-24 15:16:52,2026-04-24 19:45:28,0.65,0.999,118.12614,4.476666666666667,LoL: Shifters vs Fnatic (BO3) - LEC Regular Season,other
?,2026-04-24 19:51:42,2026-04-24 20:39:40,0.6,0.999,324.6664,0.7994444444444444,Dota 2: Team Liquid vs BetBoom Team (BO3) - PGL Wallachia Playoffs,other
?,2026-04-25 08:30:34,2026-04-25 09:20:42,0.38,0.999,42810.32432,0.8355555555555556,Dota 2: PARIVISION vs Team Falcons - Game 2 Winner,other
?,2026-04-25 08:31:26,2026-04-25 09:20:42,0.38,0.999,866.52,0.8211111111111111,Dota 2: PARIVISION vs Team Falcons - Game 2 Winner,other
?,2026-04-25 10:53:16,2026-04-25 11:45:06,0.61,0.999,1939.13696,0.8638888888888889,Dota 2: Team Liquid vs South America Rejects - Game 2 Winner,other
?,2026-04-25 10:54:08,2026-04-25 11:45:06,0.62,0.999,4886.0,0.8494444444444444,Dota 2: Team Liquid vs South America Rejects - Game 2 Winner,other
?,2026-04-25 10:57:52,2026-04-25 11:45:06,0.71,0.999,4913.0,0.7872222222222223,Dota 2: Team Liquid vs South America Rejects - Game 2 Winner,other
?,2026-04-26 01:25:16,2026-04-26 02:14:46,0.9971146146,0.999,346.67271999999866,0.825,"UFC Fight Night: Raoni Barcelos vs. Montel Jackson (Bantamweight, Main",other
?,2026-04-26 01:25:16,2026-04-26 02:14:46,0.9971146146,0.999,470.0,0.825,"UFC Fight Night: Raoni Barcelos vs. Montel Jackson (Bantamweight, Main",other
?,2026-04-26 01:25:16,2026-04-26 02:14:46,0.9971146146,0.999,585.0,0.825,"UFC Fight Night: Raoni Barcelos vs. Montel Jackson (Bantamweight, Main",other
?,2026-04-26 01:25:16,2026-04-26 02:14:46,0.9971146146,0.999,2195.0,0.825,"UFC Fight Night: Raoni Barcelos vs. Montel Jackson (Bantamweight, Main",other
?,2026-04-26 01:25:16,2026-04-26 02:14:46,0.9971146146,0.999,345.0,0.825,"UFC Fight Night: Raoni Barcelos vs. Montel Jackson (Bantamweight, Main",other
?,2026-04-26 01:25:16,2026-04-26 02:14:46,0.9971146146,0.999,1505.0,0.825,"UFC Fight Night: Raoni Barcelos vs. Montel Jackson (Bantamweight, Main",other
?,2026-04-26 01:25:16,2026-04-26 02:14:44,0.9971146146,0.999,425.0,0.8244444444444444,"UFC Fight Night: Raoni Barcelos vs. Montel Jackson (Bantamweight, Main",other
?,2026-04-26 01:25:16,2026-04-26 02:14:44,0.9971146146,0.999,635.0,0.8244444444444444,"UFC Fight Night: Raoni Barcelos vs. Montel Jackson (Bantamweight, Main",other
?,2026-04-26 01:25:16,2026-04-26 02:14:44,0.9971146146,0.999,630.0,0.8244444444444444,"UFC Fight Night: Raoni Barcelos vs. Montel Jackson (Bantamweight, Main",other
?,2026-04-26 01:25:16,2026-04-26 02:14:42,0.9971146146,0.999,875.0,0.8238888888888889,"UFC Fight Night: Raoni Barcelos vs. Montel Jackson (Bantamweight, Main",other
?,2026-04-26 01:25:16,2026-04-26 02:14:44,0.9971146146,0.999,500.0,0.8244444444444444,"UFC Fight Night: Raoni Barcelos vs. Montel Jackson (Bantamweight, Main",other
?,2026-04-26 01:25:16,2026-04-26 02:14:44,0.9971146146,0.999,500.0,0.8244444444444444,"UFC Fight Night: Raoni Barcelos vs. Montel Jackson (Bantamweight, Main",other
?,2026-04-26 01:25:16,2026-04-26 02:14:44,0.9971146146,0.999,550.0,0.8244444444444444,"UFC Fight Night: Raoni Barcelos vs. Montel Jackson (Bantamweight, Main",other
?,2026-04-26 01:25:16,2026-04-26 02:14:44,0.9971146146,0.999,365.0,0.8244444444444444,"UFC Fight Night: Raoni Barcelos vs. Montel Jackson (Bantamweight, Main",other
?,2026-04-26 01:25:16,2026-04-26 02:14:44,0.9971146146,0.999,630.0,0.8244444444444444,"UFC Fight Night: Raoni Barcelos vs. Montel Jackson (Bantamweight, Main",other
?,2026-04-26 01:25:16,2026-04-26 02:14:44,0.9971146146,0.999,505.0,0.8244444444444444,"UFC Fight Night: Raoni Barcelos vs. Montel Jackson (Bantamweight, Main",other
?,2026-04-26 01:25:16,2026-04-26 02:14:44,0.9971146146,0.999,395.0,0.8244444444444444,"UFC Fight Night: Raoni Barcelos vs. Montel Jackson (Bantamweight, Main",other
?,2026-04-26 01:25:16,2026-04-26 02:14:42,0.9971146146,0.999,9865.82,0.8238888888888889,"UFC Fight Night: Raoni Barcelos vs. Montel Jackson (Bantamweight, Main",other
?,2026-04-26 01:25:16,2026-04-26 02:14:44,0.9971146146,0.999,550.0,0.8244444444444444,"UFC Fight Night: Raoni Barcelos vs. Montel Jackson (Bantamweight, Main",other
?,2026-04-26 02:20:12,2026-04-26 02:38:46,0.999,0.999,99.994,0.30944444444444447,"UFC Fight Night: Alexander Hernandez vs. Rafa Garcia (Lightweight, Pre",other
?,2026-04-26 02:20:34,2026-04-26 02:38:46,0.999,0.999,99.994,0.30333333333333334,"UFC Fight Night: Alexander Hernandez vs. Rafa Garcia (Lightweight, Pre",other
?,2026-04-26 02:22:04,2026-04-26 02:38:46,0.999,0.999,599.964,0.2783333333333333,"UFC Fight Night: Alexander Hernandez vs. Rafa Garcia (Lightweight, Pre",other
?,2026-04-26 02:29:22,2026-04-26 02:38:46,0.999,0.999,99.994,0.15666666666666668,"UFC Fight Night: Alexander Hernandez vs. Rafa Garcia (Lightweight, Pre",other
?,2026-04-26 02:30:48,2026-04-26 02:38:46,0.999,0.999,159.9904,0.13277777777777777,"UFC Fight Night: Alexander Hernandez vs. Rafa Garcia (Lightweight, Pre",other
?,2026-04-26 02:31:24,2026-04-26 02:38:46,0.999,0.999,749.955,0.12277777777777778,"UFC Fight Night: Alexander Hernandez vs. Rafa Garcia (Lightweight, Pre",other
?,2026-04-26 02:32:24,2026-04-26 02:38:46,0.999,0.999,994.9403,0.10611111111111111,"UFC Fight Night: Alexander Hernandez vs. Rafa Garcia (Lightweight, Pre",other
?,2026-04-26 02:32:54,2026-04-26 02:38:46,0.999,0.999,99.994,0.09777777777777778,"UFC Fight Night: Alexander Hernandez vs. Rafa Garcia (Lightweight, Pre",other
?,2026-04-26 02:33:30,2026-04-26 02:38:46,0.999,0.999,776.95338,0.08777777777777777,"UFC Fight Night: Alexander Hernandez vs. Rafa Garcia (Lightweight, Pre",other
?,2026-04-26 02:33:52,2026-04-26 02:38:46,0.999,0.999,119.9928,0.08166666666666667,"UFC Fight Night: Alexander Hernandez vs. Rafa Garcia (Lightweight, Pre",other
?,2026-04-26 02:35:48,2026-04-26 02:38:46,0.999,0.999,369.9778,0.049444444444444444,"UFC Fight Night: Alexander Hernandez vs. Rafa Garcia (Lightweight, Pre",other
?,2026-04-26 02:37:42,2026-04-26 02:38:46,0.999,0.999,27198.930320000007,0.017777777777777778,"UFC Fight Night: Alexander Hernandez vs. Rafa Garcia (Lightweight, Pre",other
?,2026-04-26 02:37:42,2026-04-26 02:40:34,0.999,0.999,1150.0,0.04777777777777778,"UFC Fight Night: Alexander Hernandez vs. Rafa Garcia (Lightweight, Pre",other
?,2026-04-26 02:37:42,2026-04-26 02:40:34,0.999,0.999,545.0,0.04777777777777778,"UFC Fight Night: Alexander Hernandez vs. Rafa Garcia (Lightweight, Pre",other
?,2026-04-26 02:37:42,2026-04-26 02:40:34,0.999,0.999,96.06017999999312,0.04777777777777778,"UFC Fight Night: Alexander Hernandez vs. Rafa Garcia (Lightweight, Pre",other
?,2026-04-26 02:39:10,2026-04-26 02:40:34,0.999,0.999,263.9398200000069,0.023333333333333334,"UFC Fight Night: Alexander Hernandez vs. Rafa Garcia (Lightweight, Pre",other
?,2026-04-26 02:39:10,2026-04-26 02:40:34,0.999,0.999,100.70829999999313,0.023333333333333334,"UFC Fight Night: Alexander Hernandez vs. Rafa Garcia (Lightweight, Pre",other
?,2026-04-26 02:40:58,2026-04-26 02:41:48,0.999,0.999,68.66588,0.013888888888888888,"UFC Fight Night: Alexander Hernandez vs. Rafa Garcia (Lightweight, Pre",other
?,2026-04-26 02:42:28,2026-04-26 02:43:26,0.999,0.999,273.73358,0.01611111111111111,"UFC Fight Night: Alexander Hernandez vs. Rafa Garcia (Lightweight, Pre",other
?,2026-04-26 02:43:36,2026-04-26 02:44:16,0.999,0.999,13.78918,0.011111111111111112,"UFC Fight Night: Alexander Hernandez vs. Rafa Garcia (Lightweight, Pre",other
?,2026-04-26 02:44:26,2026-04-26 02:45:56,0.999,0.999,50.58698,0.025,"UFC Fight Night: Alexander Hernandez vs. Rafa Garcia (Lightweight, Pre",other
?,2026-04-26 02:45:06,2026-04-26 02:45:56,0.999,0.999,55.3067,0.013888888888888888,"UFC Fight Night: Alexander Hernandez vs. Rafa Garcia (Lightweight, Pre",other
?,2026-04-26 02:47:14,2026-04-26 02:50:42,0.999,0.999,10.0,0.057777777777777775,"UFC Fight Night: Alexander Hernandez vs. Rafa Garcia (Lightweight, Pre",other
?,2026-04-26 08:36:02,2026-04-26 09:17:50,0.5,0.999,124617.4617,0.6966666666666667,Dota 2: Aurora vs Team Falcons - Game 1 Winner,other
?,2026-04-26 08:36:40,2026-04-26 09:17:50,0.5,0.999,1940.0,0.6861111111111111,Dota 2: Aurora vs Team Falcons - Game 1 Winner,other
?,2026-04-26 08:37:04,2026-04-26 09:17:50,0.5,0.999,7105.25,0.6794444444444444,Dota 2: Aurora vs Team Falcons - Game 1 Winner,other
?,2026-04-26 08:39:50,2026-04-26 09:17:50,0.56,0.999,186.0647,0.6333333333333333,Dota 2: Aurora vs Team Falcons - Game 1 Winner,other
?,2026-04-26 08:40:10,2026-04-26 09:17:50,0.58,0.999,146.22,0.6277777777777778,Dota 2: Aurora vs Team Falcons - Game 1 Winner,other
?,2026-04-27 08:03:36,2026-04-27 08:37:28,0.4548787592,0.999,1879.68192,0.5644444444444444,LoL: Dplus KIA Challengers vs Nongshim Esports Academy - Game 2 Winner,other
?,2026-04-29 15:17:20,2026-04-29 18:06:06,0.28,0.999,11023.66,2.812777777777778,Indian Premier League: Mumbai Indians vs Sunrisers Hyderabad,other
?,2026-04-29 15:56:04,2026-04-29 18:06:06,0.28,0.999,1000.0,2.167222222222222,Indian Premier League: Mumbai Indians vs Sunrisers Hyderabad,other
?,2026-04-29 15:57:02,2026-04-29 18:06:06,0.31,0.999,2042.27,2.151111111111111,Indian Premier League: Mumbai Indians vs Sunrisers Hyderabad,other
?,2026-04-30 09:01:16,2026-04-30 09:27:34,0.1543362,0.999,553.48,0.43833333333333335,LoL: Gen.G vs Kiwoom DRX - Game 2 Winner,other
?,2026-04-30 09:05:44,2026-04-30 09:27:34,0.1692103605,0.999,10160.08,0.3638888888888889,LoL: Gen.G vs Kiwoom DRX - Game 2 Winner,other
?,2026-04-30 09:08:36,2026-04-30 09:27:34,0.2527922078,0.999,1540.0,0.3161111111111111,LoL: Gen.G vs Kiwoom DRX - Game 2 Winner,other
?,2026-04-30 09:09:08,2026-04-30 09:27:34,0.3040536853,0.999,3063.41,0.30722222222222223,LoL: Gen.G vs Kiwoom DRX - Game 2 Winner,other
?,2026-05-02 16:58:24,2026-05-02 16:59:52,0.28,0.27,100.0,0.024444444444444446,Will AS Monaco FC win on 2026-05-02?,other
?,2026-05-02 21:55:34,2026-05-02 22:04:46,0.5,0.51,35.0,0.15333333333333332,76ers vs. Celtics: O/U 204.5,other
?,2026-05-04 06:33:16,2026-05-04 06:42:38,0.399979131,0.4,32.09,0.15611111111111112,Game Handicap: KRX (-1.5) vs DN SOOPers (+1.5),other
?,2026-05-04 19:01:50,2026-05-04 20:54:34,0.34,0.999,1020.19,1.8788888888888888,Will Manchester City FC win on 2026-05-04?,other
?,2026-05-04 19:04:06,2026-05-04 20:54:34,0.3297887181,0.999,2472.31,1.8411111111111111,Will Manchester City FC win on 2026-05-04?,other
?,2026-05-08 11:49:14,2026-05-08 12:15:45,0.31,0.31,243.96,0.4419444444444444,LoL: JD Gaming vs Bilibili Gaming (BO3) - LPL Group Ascend,other
?,2026-05-08 15:07:18,2026-05-08 15:08:56,0.45,0.4314759467,6112.89,0.02722222222222222,LoL: Karmine Corp vs G2 Esports - Game 2 Winner,other
?,2026-05-08 18:00:33,2026-05-08 22:40:40,0.5399964554,0.999,550.0,4.668611111111111,Call of Duty: Riyadh Falcons vs Miami Heretics - Game 2 Winner,other
?,2026-05-08 18:00:33,2026-05-08 22:40:40,0.5399964554,0.999,590.0,4.668611111111111,Call of Duty: Riyadh Falcons vs Miami Heretics - Game 2 Winner,other
?,2026-05-08 18:00:33,2026-05-08 22:40:41,0.5399964554,0.999,455.0,4.668888888888889,Call of Duty: Riyadh Falcons vs Miami Heretics - Game 2 Winner,other
?,2026-05-08 18:00:33,2026-05-08 22:40:41,0.5399964554,0.999,550.0,4.668888888888889,Call of Duty: Riyadh Falcons vs Miami Heretics - Game 2 Winner,other
?,2026-05-08 18:00:33,2026-05-08 22:40:43,0.5399964554,0.999,415.0,4.669444444444444,Call of Duty: Riyadh Falcons vs Miami Heretics - Game 2 Winner,other
?,2026-05-08 18:00:33,2026-05-08 22:40:48,0.5399964554,0.999,397.0599999999998,4.670833333333333,Call of Duty: Riyadh Falcons vs Miami Heretics - Game 2 Winner,other
?,2026-05-08 18:00:33,2026-05-08 22:40:45,0.5399964554,0.999,575.0,4.67,Call of Duty: Riyadh Falcons vs Miami Heretics - Game 2 Winner,other
?,2026-05-08 18:00:33,2026-05-08 22:40:47,0.5399964554,0.999,420.0,4.670555555555556,Call of Duty: Riyadh Falcons vs Miami Heretics - Game 2 Winner,other
?,2026-05-08 18:00:33,2026-05-08 22:40:47,0.5399964554,0.999,335.0,4.670555555555556,Call of Duty: Riyadh Falcons vs Miami Heretics - Game 2 Winner,other
?,2026-05-08 18:00:33,2026-05-08 22:40:48,0.5399964554,0.999,258.93,4.670833333333333,Call of Duty: Riyadh Falcons vs Miami Heretics - Game 2 Winner,other
?,2026-05-08 18:00:33,2026-05-08 22:40:38,0.5399964554,0.999,725.0,4.668055555555555,Call of Duty: Riyadh Falcons vs Miami Heretics - Game 2 Winner,other
?,2026-05-08 18:00:33,2026-05-08 22:40:45,0.5399964554,0.999,520.0,4.67,Call of Duty: Riyadh Falcons vs Miami Heretics - Game 2 Winner,other
?,2026-05-08 18:00:33,2026-05-08 22:40:36,0.5399964554,0.999,595.0,4.6675,Call of Duty: Riyadh Falcons vs Miami Heretics - Game 2 Winner,other
?,2026-05-08 18:00:33,2026-05-08 22:40:36,0.5399964554,0.999,505.0,4.6675,Call of Duty: Riyadh Falcons vs Miami Heretics - Game 2 Winner,other
?,2026-05-08 18:00:33,2026-05-08 22:40:22,0.5399964554,0.999,370.01,4.663611111111111,Call of Duty: Riyadh Falcons vs Miami Heretics - Game 2 Winner,other
?,2026-05-08 18:00:33,2026-05-08 22:40:34,0.5399964554,0.999,555.0,4.666944444444445,Call of Duty: Riyadh Falcons vs Miami Heretics - Game 2 Winner,other
?,2026-05-08 18:00:33,2026-05-08 22:40:24,0.5399964554,0.999,590.0,4.664166666666667,Call of Duty: Riyadh Falcons vs Miami Heretics - Game 2 Winner,other
?,2026-05-08 18:00:33,2026-05-08 22:40:26,0.5399964554,0.999,565.0,4.664722222222222,Call of Duty: Riyadh Falcons vs Miami Heretics - Game 2 Winner,other
?,2026-05-08 18:00:33,2026-05-08 22:40:26,0.5399964554,0.999,575.0,4.664722222222222,Call of Duty: Riyadh Falcons vs Miami Heretics - Game 2 Winner,other
?,2026-05-08 18:00:33,2026-05-08 22:40:27,0.5399964554,0.999,525.0,4.665,Call of Duty: Riyadh Falcons vs Miami Heretics - Game 2 Winner,other
?,2026-05-08 18:00:33,2026-05-08 22:40:24,0.5399964554,0.999,935.0,4.664166666666667,Call of Duty: Riyadh Falcons vs Miami Heretics - Game 2 Winner,other
?,2026-05-08 18:00:33,2026-05-08 22:40:29,0.5399964554,0.999,525.0,4.665555555555556,Call of Duty: Riyadh Falcons vs Miami Heretics - Game 2 Winner,other
?,2026-05-08 18:00:33,2026-05-08 22:40:31,0.5399964554,0.999,395.0,4.666111111111111,Call of Duty: Riyadh Falcons vs Miami Heretics - Game 2 Winner,other
?,2026-05-08 18:00:33,2026-05-08 22:40:33,0.5399964554,0.999,625.0,4.666666666666667,Call of Duty: Riyadh Falcons vs Miami Heretics - Game 2 Winner,other
?,2026-05-08 18:00:33,2026-05-08 22:40:33,0.5399964554,0.999,625.0,4.666666666666667,Call of Duty: Riyadh Falcons vs Miami Heretics - Game 2 Winner,other
?,2026-05-08 18:00:33,2026-05-08 22:40:34,0.5399964554,0.999,445.0,4.666944444444445,Call of Duty: Riyadh Falcons vs Miami Heretics - Game 2 Winner,other
?,2026-05-08 18:00:33,2026-05-08 22:40:29,0.5399964554,0.999,485.0,4.665555555555556,Call of Duty: Riyadh Falcons vs Miami Heretics - Game 2 Winner,other
?,2026-05-08 18:01:53,2026-05-08 22:40:08,0.59,0.999,8223.05,4.6375,Call of Duty: Paris Gentle Mates vs OpTic Texas - Game 2 Winner,other
?,2026-05-09 11:13:41,2026-05-09 11:53:11,0.4287127214,0.999,111099.8,0.6583333333333333,LoL: Nongshim Red Force vs HANJIN BRION - Game 2 Winner,other
?,2026-05-09 11:14:28,2026-05-09 11:53:11,0.43,0.999,72438.7,0.6452777777777777,LoL: Nongshim Red Force vs HANJIN BRION - Game 2 Winner,other
?,2026-05-09 11:15:07,2026-05-09 11:53:11,0.43,0.999,43512.74,0.6344444444444445,LoL: Nongshim Red Force vs HANJIN BRION - Game 2 Winner,other
?,2026-05-10 23:30:43,2026-05-10 23:31:28,0.43,0.44,1079.31,0.0125,Spurs vs. Timberwolves: O/U 216.5,other
?,2026-05-14 09:11:14,2026-05-14 09:47:28,0.6058566837,0.999,7006.32,0.6038888888888889,LoL: LNG Esports vs LGD Gaming - Game 1 Winner,other
?,2026-05-14 11:12:31,2026-05-14 11:56:07,0.52,0.999,3612.25,0.7266666666666667,Dota 2: PARIVISION vs BetBoom Team - Game 2 Winner,other
?,2026-05-14 11:13:36,2026-05-14 11:56:07,0.53,0.999,59843.79,0.7086111111111111,Dota 2: PARIVISION vs BetBoom Team - Game 2 Winner,other
?,2026-05-14 14:02:58,2026-05-14 14:52:10,0.397882577,0.999,12842.12,0.82,Dota 2: Vici Gaming vs Virtus.pro - Game 1 Winner,other
?,2026-05-14 14:04:01,2026-05-14 14:52:10,0.42,0.999,2791.39,0.8025,Dota 2: Vici Gaming vs Virtus.pro - Game 1 Winner,other
?,2026-05-14 14:05:04,2026-05-14 14:52:10,0.44,0.999,5072.72,0.785,Dota 2: Vici Gaming vs Virtus.pro - Game 1 Winner,other
?,2026-05-14 14:07:41,2026-05-14 14:52:10,0.45,0.999,3250.0,0.7413888888888889,Dota 2: Vici Gaming vs Virtus.pro - Game 1 Winner,other
?,2026-05-14 14:08:01,2026-05-14 14:52:10,0.4459686437,0.999,502.61,0.7358333333333333,Dota 2: Vici Gaming vs Virtus.pro - Game 1 Winner,other
?,2026-05-14 14:09:04,2026-05-14 14:52:10,0.46,0.999,301.0,0.7183333333333334,Dota 2: Vici Gaming vs Virtus.pro - Game 1 Winner,other
?,2026-05-15 11:22:50,2026-05-15 12:30:00,0.6,0.999,163967.61,1.1194444444444445,Dota 2: Aurora vs ex-HEROIC - Game 2 Winner,other
?,2026-05-15 11:23:39,2026-05-15 12:30:00,0.61,0.999,417.25,1.1058333333333332,Dota 2: Aurora vs ex-HEROIC - Game 2 Winner,other
?,2026-05-15 11:24:56,2026-05-15 12:30:00,0.62,0.999,626.0,1.0844444444444445,Dota 2: Aurora vs ex-HEROIC - Game 2 Winner,other
?,2026-05-15 11:25:29,2026-05-15 12:30:00,0.65,0.999,28.0,1.0752777777777778,Dota 2: Aurora vs ex-HEROIC - Game 2 Winner,other
?,2026-05-15 13:32:58,2026-05-15 15:08:38,0.148710486,0.999,7156.96,1.5944444444444446,LoL: Ozarox Esports vs Team Phoenix - Game 1 Winner,other
?,2026-05-15 14:40:29,2026-05-15 14:44:55,0.4,0.41,30.0,0.07388888888888889,Dota 2: PlayTime vs BetBoom Team (BO3) - DreamLeague Group B,other
?,2026-05-17 00:17:24,2026-05-17 00:21:48,0.5404132763,0.999,7151.39,0.07333333333333333,UFC Fight Night: Khaos Williams vs. Nikolay Veretennikov (Welterweight,other
?,2026-05-17 00:17:34,2026-05-17 00:21:48,0.505915493,0.999,71.0,0.07055555555555555,UFC Fight Night: Khaos Williams vs. Nikolay Veretennikov (Welterweight,other
?,2026-05-17 00:17:46,2026-05-17 00:21:48,0.5291300635,0.999,2505.93,0.06722222222222222,UFC Fight Night: Khaos Williams vs. Nikolay Veretennikov (Welterweight,other
?,2026-05-17 00:18:23,2026-05-17 00:21:48,0.5310137079,0.999,973.16,0.05694444444444444,UFC Fight Night: Khaos Williams vs. Nikolay Veretennikov (Welterweight,other
?,2026-05-17 12:11:08,2026-05-17 12:40:56,0.3200765022,0.999,91500.65,0.49666666666666665,LoL: Kiwoom DRX vs HANJIN BRION - Game 2 Winner,other
?,2026-05-17 13:11:25,2026-05-17 15:57:51,0.47,0.999,625.95,2.773888888888889,Will Fulham FC win on 2026-05-17?,other
?,2026-05-17 14:08:02,2026-05-17 15:08:19,0.4554123573,0.999,4105.42,1.0047222222222223,Dota 2: Xtreme Gaming vs Natus Vincere - Game 1 Winner,other
?,2026-05-17 18:16:20,2026-05-17 21:44:42,0.34,0.999,11140.58,3.472777777777778,Will Olympique Lyonnais win on 2026-05-17?,other
?,2026-05-17 22:03:29,2026-05-17 22:08:38,0.32,0.3,2941.29,0.08583333333333333,Chicago Sky vs. Minnesota Lynx,other
?,2026-05-17 22:03:29,2026-05-17 22:09:19,0.32,0.3,1166.66,0.09722222222222222,Chicago Sky vs. Minnesota Lynx,other
?,2026-05-17 22:03:29,2026-05-17 22:09:36,0.32,0.29,3544.74,0.10194444444444445,Chicago Sky vs. Minnesota Lynx,other
?,2026-05-17 22:03:29,2026-05-17 22:10:13,0.32,0.29,198.0,0.11222222222222222,Chicago Sky vs. Minnesota Lynx,other
?,2026-05-17 22:03:29,2026-05-18 01:08:13,0.32,0.999,10387.31,3.078888888888889,Chicago Sky vs. Minnesota Lynx,other
?,2026-05-17 22:04:47,2026-05-17 22:06:34,0.51,0.48,1881.63,0.029722222222222223,Spread: Minnesota Lynx (-5.5),other
?,2026-05-19 11:04:28,2026-05-19 12:23:51,0.6089582053,0.999,894.61,1.3230555555555557,Dota 2: Team Falcons vs Tundra Esports - Game 1 Winner,other
?,2026-05-19 11:49:35,2026-05-19 12:00:38,0.44,0.45,240.0,0.18416666666666667,LoL: BNK FEARX vs Nongshim Red Force (BO3) - Esports World Cup Korea Q,sports
?,2026-05-19 11:49:35,2026-05-19 12:45:51,0.44,0.999,9148.8,0.9377777777777778,LoL: BNK FEARX vs Nongshim Red Force (BO3) - Esports World Cup Korea Q,sports
?,2026-05-19 11:55:09,2026-05-19 11:55:49,0.61,0.62,500.0,0.011111111111111112,Dota 2: Team Falcons vs Tundra Esports - Game 2 Winner,other
?,2026-05-19 12:20:35,2026-05-19 13:29:41,0.6376331221,0.999,13442.73,1.1516666666666666,Dota 2: Team Falcons vs Tundra Esports - Game 2 Winner,other
?,2026-05-19 12:22:10,2026-05-19 13:29:41,0.61,0.999,8289.49,1.1252777777777778,Dota 2: Team Falcons vs Tundra Esports - Game 2 Winner,other
?,2026-05-19 12:22:32,2026-05-19 13:29:41,0.62,0.999,92260.46,1.1191666666666666,Dota 2: Team Falcons vs Tundra Esports - Game 2 Winner,other
?,2026-05-19 13:42:26,2026-05-19 14:32:32,0.52,0.999,10174.74,0.835,Dota 2: PARIVISION vs Team Liquid - Game 1 Winner,other
?,2026-05-19 14:15:27,2026-05-19 15:21:15,0.5667617702,0.999,24743.21,1.0966666666666667,Dota 2: Team Spirit vs BetBoom Team - Game 1 Winner,other
?,2026-05-19 14:16:24,2026-05-19 15:21:15,0.5394547004,0.999,11348.99,1.0808333333333333,Dota 2: Team Spirit vs BetBoom Team - Game 1 Winner,other
?,2026-05-19 14:18:29,2026-05-19 15:21:15,0.520664483,0.999,7949.79,1.0461111111111112,Dota 2: Team Spirit vs BetBoom Team - Game 1 Winner,other
?,2026-05-19 14:19:14,2026-05-19 15:21:15,0.53,0.999,66436.75,1.033611111111111,Dota 2: Team Spirit vs BetBoom Team - Game 1 Winner,other
?,2026-05-19 14:19:47,2026-05-19 15:21:15,0.5499847937,0.999,7510.03,1.0244444444444445,Dota 2: Team Spirit vs BetBoom Team - Game 1 Winner,other
?,2026-05-19 16:10:50,2026-05-19 16:12:10,0.4545802681,0.464,200.0,0.022222222222222223,Dota 2: PARIVISION vs Team Liquid (BO3) - DreamLeague Playoffs,other
?,2026-05-20 11:27:31,2026-05-20 12:04:48,0.67,0.999,77487.64,0.6213888888888889,Dota 2: Tundra Esports vs Virtus.pro - Game 2 Winner,other
?,2026-05-20 12:29:16,2026-05-20 12:32:30,0.51,0.52,3758.17,0.05388888888888889,LoL: Nongshim Red Force vs KT Rolster (BO3) - LCK Rounds 1-2,other
?,2026-05-21 07:52:45,2026-05-21 07:58:40,0.56,0.55,5512.93,0.09861111111111111,Game Handicap: HLE (-1.5) vs BNK FEARX (+1.5),other
?,2026-05-21 07:52:45,2026-05-21 07:54:06,0.56,0.56,60.11,0.0225,Game Handicap: HLE (-1.5) vs BNK FEARX (+1.5),other
?,2026-05-21 07:53:29,2026-05-21 07:54:28,0.73,0.73,109.4,0.01638888888888889,LoL: BNK FEARX vs Hanwha Life Esports - Game 1 Winner,other
?,2026-05-21 07:53:29,2026-05-21 07:54:13,0.73,0.74,100.0,0.012222222222222223,LoL: BNK FEARX vs Hanwha Life Esports - Game 1 Winner,other
?,2026-05-21 11:10:51,2026-05-21 12:01:26,0.44,0.999,1645.84,0.8430555555555556,LoL: JD Gaming vs Anyone's Legend - Game 4 Winner,other
?,2026-05-21 11:21:21,2026-05-21 11:21:56,0.32,0.32,250.0,0.009722222222222222,LoL: Dplus KIA vs HANJIN BRION - Game 2 Winner,other
?,2026-05-21 11:21:21,2026-05-21 12:04:35,0.32,0.999,369.0,0.7205555555555555,LoL: Dplus KIA vs HANJIN BRION - Game 2 Winner,other
?,2026-05-21 11:23:15,2026-05-21 12:04:35,0.2939990554,0.999,3705.15,0.6888888888888889,LoL: Dplus KIA vs HANJIN BRION - Game 2 Winner,other
?,2026-05-21 11:24:18,2026-05-21 12:04:35,0.33,0.999,16328.19,0.6713888888888889,LoL: Dplus KIA vs HANJIN BRION - Game 2 Winner,other
?,2026-05-21 14:04:15,2026-05-21 14:55:33,0.4892440304,0.999,1635.78,0.855,Dota 2: Team Falcons vs PARIVISION - Game 1 Winner,other
?,2026-05-21 14:05:56,2026-05-21 14:55:33,0.45,0.999,111845.44,0.8269444444444445,Dota 2: Team Falcons vs PARIVISION - Game 1 Winner,other
?,2026-05-21 14:06:19,2026-05-21 14:55:33,0.45,0.999,41687.84,0.8205555555555556,Dota 2: Team Falcons vs PARIVISION - Game 1 Winner,other
?,2026-05-21 15:19:39,2026-05-21 15:56:27,0.45,0.999,122949.94,0.6133333333333333,Dota 2: Team Falcons vs PARIVISION - Game 2 Winner,other
?,2026-05-21 15:20:15,2026-05-21 15:56:27,0.45,0.999,20335.53,0.6033333333333334,Dota 2: Team Falcons vs PARIVISION - Game 2 Winner,other
?,2026-05-21 15:20:33,2026-05-21 15:56:27,0.4484379395,0.999,9150.99,0.5983333333333334,Dota 2: Team Falcons vs PARIVISION - Game 2 Winner,other
?,2026-05-22 10:50:43,2026-05-22 10:56:33,0.23,0.24,836.6,0.09722222222222222,LoL: KT Rolster vs Gen.G - Game 2 Winner,other
?,2026-05-22 23:39:52,2026-05-23 00:27:26,0.41,0.4,1285.77,0.7927777777777778,Thunder vs. Spurs: O/U 215.5,other
?,2026-05-22 23:48:07,2026-05-23 03:21:13,0.46,0.999,1449.48,3.5516666666666667,Spread: Spurs (-1.5),other
?,2026-05-23 01:29:32,2026-05-23 03:20:54,0.49,0.999,5688.11,1.856111111111111,Thunder vs. Spurs,other
?,2026-05-23 02:20:05,2026-05-23 03:20:54,0.65,0.999,8251.4,1.013611111111111,Thunder vs. Spurs,other
?,2026-05-23 02:32:01,2026-05-23 03:20:54,0.73,0.999,30244.98,0.8147222222222222,Thunder vs. Spurs,other
?,2026-05-23 02:32:25,2026-05-23 03:20:54,0.73,0.999,4565.89,0.8080555555555555,Thunder vs. Spurs,other
?,2026-05-23 06:08:10,2026-05-23 08:21:31,0.407895682,0.999,6620.72,2.2225,LoL: Team WE vs LNG Esports - Game 1 Winner,other
?,2026-05-23 06:09:02,2026-05-23 08:21:31,0.3881599185,0.999,13399.95,2.2080555555555557,LoL: Team WE vs LNG Esports - Game 1 Winner,other
?,2026-05-23 06:09:16,2026-05-23 08:21:31,0.4093530051,0.999,11516.32,2.2041666666666666,LoL: Team WE vs LNG Esports - Game 1 Winner,other
?,2026-05-23 13:48:23,2026-05-23 14:43:25,0.43,0.999,2535.19,0.9172222222222223,Dota 2: PARIVISION vs Team Spirit - Game 1 Winner,other
?,2026-05-23 14:03:24,2026-05-23 14:43:25,0.4539547801,0.999,9856.73,0.6669444444444445,Dota 2: PARIVISION vs Team Spirit - Game 1 Winner,other
?,2026-05-23 14:03:37,2026-05-23 14:43:25,0.4678880227,0.999,1411.0,0.6633333333333333,Dota 2: PARIVISION vs Team Spirit - Game 1 Winner,other
?,2026-05-23 14:08:03,2026-05-23 14:43:25,0.52,0.999,737.74,0.5894444444444444,Dota 2: PARIVISION vs Team Spirit - Game 1 Winner,other
?,2026-05-23 14:08:45,2026-05-23 14:43:25,0.57,0.999,305.48,0.5777777777777777,Dota 2: PARIVISION vs Team Spirit - Game 1 Winner,other
?,2026-05-23 14:09:44,2026-05-23 14:43:25,0.61,0.999,1664.23,0.5613888888888889,Dota 2: PARIVISION vs Team Spirit - Game 1 Winner,other
?,2026-05-25 18:11:28,2026-05-25 18:13:19,0.3279946434,0.34,2251.83,0.030833333333333334,LoL: G2 Esports vs Movistar KOI (BO5) - LEC Playoffs,other
?,2026-05-25 22:03:03,2026-05-25 22:04:55,0.46,0.4505980582,1758.19,0.03111111111111111,LoL: LOUD vs LOS - Game 2 Winner,other
?,2026-05-28 13:14:09,2026-05-28 14:23:34,0.3198453236,0.999,122498.97,1.1569444444444446,Dota 2: Team Yandex vs Aurora (BO1) - BLAST Slam Group Stage,other
?,2026-05-28 13:14:44,2026-05-28 14:23:34,0.32,0.999,49.63,1.1472222222222221,Dota 2: Team Yandex vs Aurora (BO1) - BLAST Slam Group Stage,other
?,2026-05-31 11:10:18,2026-05-31 11:10:41,0.295907046,0.33,288.96,0.006388888888888889,LoL: Nongshim Red Force vs Dplus KIA - Game 2 Winner,other
?,2026-06-01 10:05:55,2026-06-01 10:14:42,0.3151678358,0.27,286.04,0.1463888888888889,LoL: Anyone's Legend vs Team WE - Game 2 Winner,other
?,2026-06-01 10:05:55,2026-06-01 13:33:09,0.3151678358,0.999,46249.32,3.453888888888889,LoL: Anyone's Legend vs Team WE - Game 2 Winner,other
?,2026-06-01 10:06:37,2026-06-01 13:33:09,0.3292952988,0.999,18043.96,3.442222222222222,LoL: Anyone's Legend vs Team WE - Game 2 Winner,other
?,2026-06-01 10:11:50,2026-06-01 13:33:09,0.3,0.999,14811.03,3.355277777777778,LoL: Anyone's Legend vs Team WE - Game 2 Winner,other
?,2026-06-01 10:11:54,2026-06-01 13:33:09,0.297130443,0.999,13211.9,3.3541666666666665,LoL: Anyone's Legend vs Team WE - Game 2 Winner,other
?,2026-06-01 10:12:29,2026-06-01 13:33:09,0.2953669882,0.999,1636.02,3.3444444444444446,LoL: Anyone's Legend vs Team WE - Game 2 Winner,other
?,2026-06-01 10:12:41,2026-06-01 13:33:09,0.3,0.999,14500.0,3.341111111111111,LoL: Anyone's Legend vs Team WE - Game 2 Winner,other
?,2026-06-01 10:13:11,2026-06-01 13:33:09,0.2799404465,0.999,7388.31,3.332777777777778,LoL: Anyone's Legend vs Team WE - Game 2 Winner,other
?,2026-06-01 10:13:30,2026-06-01 13:33:09,0.28,0.999,1746.66,3.3275,LoL: Anyone's Legend vs Team WE - Game 2 Winner,other
?,2026-06-04 11:01:36,2026-06-04 12:02:06,0.49,0.999,123004.54,1.0083333333333333,Dota 2: Aurora vs Team Yandex - Game 2 Winner,other
?,2026-06-04 11:02:10,2026-06-04 12:02:06,0.49,0.999,9139.83,0.9988888888888889,Dota 2: Aurora vs Team Yandex - Game 2 Winner,other
?,2026-06-04 12:41:34,2026-06-04 15:26:33,0.5500488562,0.999,11871.57,2.749722222222222,Dota 2: Team Falcons vs Team Liquid - Game 1 Winner,other
?,2026-06-04 12:42:24,2026-06-04 15:26:33,0.57,0.999,27668.64,2.7358333333333333,Dota 2: Team Falcons vs Team Liquid - Game 1 Winner,other
?,2026-06-04 12:43:40,2026-06-04 15:26:33,0.6,0.999,5047.13,2.714722222222222,Dota 2: Team Falcons vs Team Liquid - Game 1 Winner,other
?,2026-06-05 12:11:22,2026-06-05 12:56:01,0.43,0.999,56031.34,0.7441666666666666,Dota 2: LGD Gaming vs Team Liquid - Game 1 Winner,other
?,2026-06-05 12:11:30,2026-06-05 12:56:01,0.43,0.999,120.0,0.7419444444444444,Dota 2: LGD Gaming vs Team Liquid - Game 1 Winner,other
?,2026-06-05 12:14:18,2026-06-05 12:56:01,0.39,0.999,38708.36,0.6952777777777778,Dota 2: LGD Gaming vs Team Liquid - Game 1 Winner,other
?,2026-06-05 14:59:33,2026-06-05 15:56:03,0.3511537293,0.999,1908.94,0.9416666666666667,Dota 2: Team Falcons vs Aurora - Game 1 Winner,other
?,2026-06-05 14:59:57,2026-06-05 15:56:03,0.37,0.999,35.0,0.935,Dota 2: Team Falcons vs Aurora - Game 1 Winner,other
?,2026-06-05 15:14:34,2026-06-05 15:56:03,0.24,0.999,2045.4,0.6913888888888889,Dota 2: Team Falcons vs Aurora - Game 1 Winner,other
?,2026-06-06 23:20:27,2026-06-06 23:49:48,0.53,0.54,13891.88,0.4891666666666667,"UFC Fight Night: Bryce Mitchell vs. Santiago Luna (Bantamweight, Main ",other
?,2026-06-07 11:00:36,2026-06-07 11:51:45,0.57,0.999,10027.84,0.8525,LoL: KT Rolster vs Dplus KIA - Game 4 Winner,other
?,2026-06-07 12:08:10,2026-06-07 13:39:37,0.4999057851,0.999,52056.01,1.5241666666666667,LoL: KT Rolster vs Dplus KIA (BO5) - LCK Road to MSI,other
?,2026-06-07 12:08:58,2026-06-07 13:39:37,0.5086863931,0.999,14975.98,1.5108333333333333,LoL: KT Rolster vs Dplus KIA (BO5) - LCK Road to MSI,other
?,2026-06-07 12:09:54,2026-06-07 13:39:37,0.4797464709,0.999,79257.42,1.4952777777777777,LoL: KT Rolster vs Dplus KIA (BO5) - LCK Road to MSI,other
?,2026-06-07 12:10:19,2026-06-07 13:39:37,0.4797984059,0.999,19898.75,1.4883333333333333,LoL: KT Rolster vs Dplus KIA (BO5) - LCK Road to MSI,other
?,2026-06-07 12:11:39,2026-06-07 13:39:37,0.57,0.999,18330.79,1.4661111111111111,LoL: KT Rolster vs Dplus KIA (BO5) - LCK Road to MSI,other
?,2026-06-07 14:18:48,2026-06-07 15:29:37,0.63,0.999,44407.01000000001,1.1802777777777778,Dota 2: Team Yandex vs LGD Gaming - Game 1 Winner,other
?,2026-06-07 14:18:48,2026-06-07 15:24:12,0.63,0.999,1955.62,1.09,Dota 2: Team Yandex vs LGD Gaming - Game 1 Winner,other
?,2026-06-07 14:18:48,2026-06-07 15:22:21,0.63,0.999,46973.4,1.0591666666666666,Dota 2: Team Yandex vs LGD Gaming - Game 1 Winner,other
?,2026-06-07 14:18:48,2026-06-07 15:22:00,0.63,0.999,103852.76,1.0533333333333332,Dota 2: Team Yandex vs LGD Gaming - Game 1 Winner,other
?,2026-06-07 14:20:07,2026-06-07 15:29:37,0.63,0.999,2527.9899999999907,1.1583333333333334,Dota 2: Team Yandex vs LGD Gaming - Game 1 Winner,other
?,2026-06-15 15:43:09,2026-06-15 15:45:58,0.53,0.55,3237.85,0.04694444444444444,LoL: Solary vs Galions - Game 2 Winner,other
?,2026-07-02 07:12:38,2026-07-02 07:40:22,0.38,0.4093457944,214.0,0.4622222222222222,Counter-Strike: 3DMAX vs EYEBALLERS (BO1) - XSE Pro League Group Stage,other
?,2026-07-02 08:50:38,2026-07-02 09:18:02,0.38,0.38,1456.92,0.45666666666666667,Counter-Strike: Luminosity vs Lynn Vision (BO1) - XSE Pro League Group,other
?,2026-07-02 18:42:32,2026-07-02 18:46:04,0.54,0.54,4895.11,0.058888888888888886,Spain vs. Austria: Both Teams to Score,other
?,2026-07-02 19:03:56,2026-07-02 19:04:23,0.159769438,0.165,954.19,0.0075,Spain vs. Austria: Team to Advance,trump_admin
?,2026-07-03 18:36:20,2026-07-03 21:11:47,0.55,0.999,1005.94,2.5908333333333333,Australia vs. Egypt: Both Teams to Score,other
?,2026-07-03 18:38:38,2026-07-03 19:46:38,0.27,0.71,2555.96,1.1333333333333333,Will Australia vs. Egypt end in a draw?,other
?,2026-07-03 21:21:13,2026-07-04 00:57:31,0.77,0.999,274.65,3.605,Argentina vs. Cabo Verde: 1st Half O/U 0.5,other
?,2026-07-04 09:18:44,2026-07-04 09:52:43,0.5286637754,0.999,29585.67,0.5663888888888889,LoL: Bilibili Gaming vs T1 - Game 4 Winner,other
?,2026-07-04 09:20:13,2026-07-04 09:52:43,0.43,0.999,30.5,0.5416666666666666,LoL: Bilibili Gaming vs T1 - Game 4 Winner,other
?,2026-07-04 10:12:43,2026-07-04 10:46:23,0.4883162738,0.999,16705.27,0.5611111111111111,LoL: Bilibili Gaming vs T1 (BO5) - Mid-Season Invitational Playoffs,other
?,2026-07-04 10:16:07,2026-07-04 10:46:23,0.56,0.999,604.88,0.5044444444444445,LoL: Bilibili Gaming vs T1 (BO5) - Mid-Season Invitational Playoffs,other
?,2026-07-04 17:01:35,2026-07-04 19:11:04,0.44,0.999,203.41,2.1580555555555554,Canada vs. Morocco: Canada O/U 0.5,other
?,2026-07-04 19:16:38,2026-07-04 19:27:26,0.18,0.18,2388.94,0.18,France to score first vs. Paraguay?,other
?,2026-07-04 19:16:38,2026-07-04 22:28:20,0.18,0.36,1072.27,3.195,France to score first vs. Paraguay?,other
?,2026-07-06 21:43:01,2026-07-07 01:41:01,0.35,0.963,23.76,3.966666666666667,Will Belgium win on 2026-07-06?,other
?,2026-07-06 21:43:01,2026-07-07 01:41:28,0.35,0.9631242306,10175.11,3.9741666666666666,Will Belgium win on 2026-07-06?,other
?,2026-07-06 21:43:47,2026-07-07 01:50:16,0.43,0.999,2543.48,4.108055555555556,United States vs. Belgium: Belgium O/U 1.5,other
?,2026-07-06 21:44:17,2026-07-07 01:50:13,0.17,0.8024212801,7691.51,4.098888888888889,Spread: Belgium (-1.5),other
?,2026-07-11 11:28:17,2026-07-11 23:01:49,0.38,0.999,1547.98,11.55888888888889,Norway to score first vs. England?,other
?,2026-07-14 18:50:13,2026-07-14 20:24:08,0.3024999998,0.8734049723,2479.33,1.5652777777777778,Will Spain win on 2026-07-14?,other
?,2026-07-15 20:41:14,2026-07-15 21:07:35,0.2424999998,0.9975,2658.47,0.43916666666666665,England vs. Argentina: Team to Advance,trump_admin
